柏楊曰本有一反傳統儒家的史家,0.7204841375350952,7,0.7166667580604553,1,0.7113007307052612,3
則是本周一晚在司法院長翁岳生家中達成,0.7544926404953003,3,0.7045604586601257,1,0.7018929719924927,4
葡萄牙作家佩索亞就更多得多了,0.7433910965919495,7,0.6555480360984802,3,0.6549464464187622,1
貪污大家來,0.6254969239234924,7,0.6143456697463989,9,0.6131063103675842,16
一直為公家官方用來記事的正式文字,0.6760897636413574,9,0.6696070432662964,3,0.6567372679710388,2
家庭是愛情的故鄉,0.41690516471862793,8,0.4154859185218811,15,0.3919045925140381,6
玩家也可嘗試上線與世界各地玩家交手,0.6897678971290588,1,0.6745432019233704,3,0.6745198369026184,7
把儒家當成教條,0.7128315567970276,1,0.7082926630973816,3,0.6911340355873108,7
越南是社會主義國家,0.6510166525840759,1,0.6420687437057495,3,0.6013147234916687,7
幹到中午再再回家吃飯,0.8409151434898376,3,0.7870168685913086,1,0.7571017146110535,2
只能對璩家二老及璩美鳳寄予無限同情,0.7888113260269165,1,0.7515061497688293,9,0.7438739538192749,14
包括創作委託材料雕塑家及助理與學員的膳宿和必要施工開支,0.8199000954627991,7,0.7054874300956726,8,0.6771109104156494,13
將村民統統趕進家裡,0.8174278140068054,3,0.791633129119873,1,0.764563262462616,2
中國科學家所背負的社會責任,0.788567841053009,7,0.6738318204879761,1,0.6627729535102844,3
他們每年都要靠學生家長的特別捐獻來補教育經費的不足,0.7121151685714722,3,0.6890439987182617,16,0.6861425638198853,1
家長,0.45190268754959106,8,0.44396379590034485,16,0.4291350841522217,15
但學者專家發現,0.6749457120895386,7,0.6740394830703735,3,0.6713029146194458,1
許多學養豐富的專家提出調查報告,0.7694145441055298,7,0.7484870553016663,3,0.7479039430618286,1
美滿的家庭頓時陷入苦境,0.8110849857330322,3,0.7785620093345642,1,0.7326341867446899,2
將以國家經濟建設之重大事業完成股票上市,0.739467203617096,1,0.7325220704078674,3,0.688342809677124,2
大家一起來想辦法的好,0.7125943899154663,1,0.710289478302002,3,0.6552830934524536,10
重整家園聲望,0.6785520911216736,16,0.6637699604034424,2,0.6620129346847534,4
我回家告訴自己的孩子,0.847654402256012,3,0.7952814102172852,1,0.764162540435791,2
你們現在真正的當家了,0.7266829013824463,7,0.7063164114952087,9,0.70266193151474,8
國家將他們遷往水淹不到的地方就算了事,0.7079520225524902,3,0.7014334201812744,1,0.6990346312522888,2
大家都對這傢伙又恨又怕,0.7425139546394348,1,0.7078816294670105,3,0.672633945941925,2
它的規範並不是由大家舉手表決,0.713732898235321,1,0.6981067657470703,3,0.6925748586654663,12
不僅有多家公司單月營收創新高,0.7576249241828918,12,0.7456775307655334,10,0.7088589668273926,11
沒有強調明式家具也有精雕細琢的一面,0.7353360056877136,3,0.6898530721664429,1,0.6667398810386658,2
據國家海洋暨大氣總署蒐集的新數據顯示,0.6954577565193176,1,0.6703454852104187,3,0.6517554521560669,2
瑞可最先是在西岸的一家風險投資公司擔任技術顧問,0.8129660487174988,12,0.7932671904563904,1,0.7652591466903687,10
才知道原來是我們不了解其它國家的檢疫規定,0.7744103670120239,1,0.7584580779075623,10,0.7573941349983215,3
李先生也在家啊,0.7780420780181885,3,0.7423526048660278,4,0.7279465198516846,2
接著風景畫家走出工作室,0.8042474985122681,7,0.6718611717224121,8,0.6571847200393677,13
表示與家中井水不犯河水,0.7973682284355164,3,0.7480247020721436,1,0.7412687540054321,2
波士頓美術館將匯集多位收藏家的明式家具,0.8057082295417786,7,0.7097269296646118,1,0.7086619734764099,2
首先是世界各先進國家都全力推動,0.7487398982048035,1,0.7401918768882751,3,0.6899688243865967,10
已查訪到三四十名涉嫌購買偽造出生證明的家庭,0.7295839190483093,1,0.7199586629867554,3,0.7019178867340088,2
詩人畫家席慕容曾說,0.7644914388656616,7,0.6717182397842407,3,0.6691350936889648,1
大家吃飯的問題一時都顧不到,0.7409351468086243,1,0.718411386013031,3,0.6660516262054443,12
接受寄養的孩子回原家庭與親生父母相處時,0.786773681640625,3,0.7801188826560974,1,0.7475569248199463,2
住在鎮上的一家醫院裡,0.8033103346824646,12,0.7824689149856567,1,0.7577030658721924,10
走進自然融入自然淑女島是澳洲大堡礁國家公園內的保護區,0.6786061525344849,1,0.6722181439399719,2,0.6601726412773132,12
現在大家拜拜,0.7333686947822571,1,0.7066900730133057,3,0.6945054531097412,12
大家都笑了,0.7299798727035522,1,0.696924090385437,3,0.6755210757255554,12
以便讓有心的家長們,0.7194617390632629,3,0.6941420435905457,1,0.6700516939163208,2
這是阿達家族的日常生活嗎,0.8033548593521118,1,0.7800415754318237,3,0.7265139222145081,14
社會主義體制中和男人一樣挽起袖子來幹事的女人現在坐在家裡帶孩子,0.8552825450897217,3,0.8031688332557678,1,0.7692743539810181,2
放學回家,0.6662589311599731,3,0.6529279947280884,4,0.6208810210227966,16
因此各家旅行社都在哭窮,0.7907747626304626,12,0.7675015926361084,10,0.7461852431297302,9
將包括廿五棟藝術家工作室小型演藝廳藝術作品展示室藝術家私密住宅餐廳,0.7902210354804993,7,0.7057129740715027,1,0.6942654252052307,12
這些老兵回到家鄉,0.7225738167762756,1,0.7169630527496338,3,0.7065476775169373,4
去留之間世界各地都有許多藝術家個人的美術館或紀念館,0.8246424198150635,7,0.6848942041397095,2,0.6839982867240906,10
大家長,0.7065431475639343,16,0.6715242266654968,4,0.66611647605896,9
他們的家,0.7564407587051392,4,0.734355092048645,5,0.6398665308952332,2
丁伯伯來家裡玩,0.8058462142944336,3,0.7871988415718079,4,0.7524097561836243,1
少不了也要帶只家鄉的護身符出去,0.7235708832740784,1,0.715613603591919,3,0.6922412514686584,2
法學院造就了許多美國傑出的法律家和政治家,0.8235287666320801,7,0.6985976696014404,1,0.6842029094696045,3
只有我一個人吃商品糧非農業人口由國家配給口糧,0.7554308772087097,1,0.7442200779914856,3,0.7299676537513733,2
中華民國醫學生聯合會是由台大長庚陽明慈濟中山北醫高醫等國內多家醫學院學生組成,0.7764069437980652,12,0.7490707635879517,11,0.7444623112678528,10
由他代言商品多達有七家廠商的十三項產品,0.7797234654426575,12,0.7551072239875793,13,0.7436091899871826,11
另外還有成千上萬的軍隊在其他許多國家,0.614924430847168,1,0.6073404550552368,3,0.5998582243919373,13
為了能夠和家人有較正常的家庭生活,0.8076397180557251,3,0.7703571319580078,1,0.7210465669631958,2
全縣只有五家合格的海水浴場,0.8153247833251953,11,0.7910066843032837,12,0.7513177990913391,9
澄清她和家庭的關係,0.8213461637496948,3,0.7790104150772095,1,0.7488408088684082,2
而環保署方面如果要求台塑超越國家標準,0.6739700436592102,2,0.6678899526596069,1,0.6616846323013306,3
舉家從敦化南路搬到新竹,0.8016135096549988,3,0.8001074194908142,1,0.727449893951416,2
人家來敲門,0.7625462412834167,1,0.7241503596305847,3,0.7209994792938232,7
甫上任就邀請專家學者,0.699516773223877,1,0.689064085483551,7,0.6857315897941589,3
中國的苦難使中國能造就出真正的文學大家,0.610954999923706,7,0.5415764451026917,9,0.5359658598899841,8
應該是為家人或親友做的,0.7920560240745544,3,0.7726128101348877,1,0.715810239315033,2
大家一同朝這個方向努力,0.711726188659668,1,0.6948229074478149,3,0.6547003388404846,10
大家嘴巴都說節能,0.7222187519073486,1,0.6949688196182251,3,0.6838168501853943,10
家家有本難念的經,0.5134835839271545,8,0.5043335556983948,15,0.4914511740207672,6
兩人和美濃愛鄉協進會的同志挨家挨戶拜訪地方意見領袖,0.7859656810760498,1,0.7630250453948975,3,0.7440814971923828,2
專家擔心日圓下跌可能會引發亞洲貨幣新一波的競爭性貶值風暴,0.7278794050216675,1,0.7064324617385864,3,0.6935275197029114,2
有當作家的如北一女的名師蕭水順蕭蕭先生,0.8300673961639404,7,0.7164453268051147,2,0.7072967886924744,3
才在一家賣豆粉米麩的店裡找到一台剛淘汰下來的中古電動研磨機,0.7916796803474426,12,0.780906081199646,1,0.7544488310813904,10
雖然科學家的論點不同,0.7672222256660461,7,0.6983808279037476,10,0.6972106099128723,1
吉林路上一家雞肉飯就是他常光顧的點之一,0.8014628887176514,12,0.7957935333251953,11,0.7705833911895752,10
年紀還小的時候爸媽常把我放在阿媽家過週末,0.8536053895950317,3,0.815067708492279,1,0.7782043218612671,4
許多抗生素在先進國家很好用,0.7346125245094299,3,0.7333911657333374,1,0.6700455546379089,10
國內作家也紛紛投入開闢這類題材,0.7571354508399963,7,0.6888463497161865,3,0.6873226165771484,1
也可以算是大家一起出去玩玩,0.7376242876052856,1,0.7245409488677979,3,0.6664794087409973,2
民生報獨家披露他和黃嘉千深夜一起到便利商店買東西的新聞傳出後,0.7342073917388916,1,0.7099628448486328,3,0.699613094329834,12
人家就趕過了你,0.7316486835479736,1,0.7075772285461426,7,0.6884324550628662,3
美國國家評論獎還頒發最佳突破表現獎給以肯定,0.6416836380958557,3,0.6408287882804871,1,0.610971212387085,2
導演卻要你在鏡頭前面哭給大家看的時候,0.6694717407226562,12,0.6682813763618469,1,0.6601296067237854,7
在住家附近經常可以聽見嘰嘰嘰的蟲鳴聲,0.7714905142784119,3,0.7519657611846924,1,0.7483469247817993,2
郭家宏竟然代表應召業者打電話至中和警分局,0.6977648138999939,16,0.6357819437980652,8,0.633449375629425,7
香港新界一家幼稚園,0.7267038822174072,12,0.6863024234771729,2,0.6841086149215698,10
大家都說她是神力女超人,0.7250311374664307,1,0.691702663898468,3,0.6714134812355042,10
學生家庭主婦及老人都是潛在用戶,0.7820401191711426,3,0.7525198459625244,1,0.7191206812858582,2
台灣的藝術家得到定位,0.7986975312232971,7,0.6662250757217407,2,0.6617624759674072,3
需要有專家在旁指導,0.739022970199585,7,0.7179751396179199,10,0.7172400951385498,2
畫家自藏,0.7345472574234009,7,0.671028196811676,8,0.6433594226837158,9
前往忠孝東路五段李氏父子家中搜查,0.7843260169029236,3,0.752579391002655,1,0.7239891290664673,4
寫封信給雇主說他們怎麼把他的家庭搞得一團亂是無濟於事的,0.8570178151130676,3,0.8342968225479126,1,0.7545835375785828,2
而癥結則是這些國家的先進育種技術配合上植物品種智財權的推動,0.770918071269989,1,0.7530931830406189,3,0.7269494533538818,7
家裡又富有,0.37698519229888916,8,0.37063363194465637,16,0.35862600803375244,6
我和同事們都覺得這位知名作家冒犯了這麼多人,0.7971954345703125,7,0.7027457356452942,3,0.6972138285636902,1
後來有很多人對國家的各種建設有不少的貢獻,0.7454485297203064,3,0.7419484853744507,1,0.7056151628494263,2
中共和西方國家根本不存在相互依靠才能生存發展的理由,0.7470006346702576,1,0.7369233965873718,3,0.6887632012367249,10
還是給蔣家後代,0.7765513062477112,14,0.749476969242096,9,0.7352543473243713,8
世界許多先進民主國家如美國德國瑞士及英國等國家,0.7373879551887512,1,0.735850989818573,3,0.6551114320755005,10
找心理專家治療的人,0.7501736879348755,7,0.7220442891120911,2,0.689142644405365,3
可是到時候要賠上國家債信和國際形象,0.7349739670753479,1,0.7181088328361511,3,0.6931474208831787,2
詩人也是散文家小說家縱使詩人大都以我為詩作的中心,0.7963042855262756,7,0.6847863793373108,3,0.6806245446205139,2
現代婦女基金會社工員邱曉菁提醒家長,0.7458418011665344,3,0.710759162902832,1,0.6907138824462891,2
回家的日子也近了,0.8006320595741272,3,0.7455155253410339,2,0.7350252270698547,1
也不是什麼你得正襟危坐在高級餐桌禮儀前的名家大菜,0.7123801708221436,1,0.712196946144104,7,0.7013092041015625,9
其畢業於德國科隆音樂院並藝術家文憑獨奏家文憑,0.7363139986991882,7,0.6019189357757568,2,0.5823214650154114,4
廣受先進國家的重視與推展,0.746968686580658,1,0.7458471059799194,3,0.6854917407035828,2
在某些國家是違法的,0.7035602927207947,1,0.6878048777580261,3,0.6490548849105835,10
與歐美國家的半導體產品銷往全世界的情況也大為不同,0.7521312832832336,1,0.7479376792907715,3,0.7113044857978821,10
表示男家方是女子的歸宿,0.6775538921356201,8,0.6461300849914551,17,0.628839373588562,9
宋朝興起後七十多年間的儒家學者,0.7354468107223511,1,0.7265830039978027,7,0.7250262498855591,3
不考慮人家的身份,0.7561140060424805,17,0.7435310482978821,8,0.7414901852607727,1
大藏省還要求融資給宇宙信合社的二十四家金融機構,0.8134968280792236,12,0.7785743474960327,11,0.775899350643158,10
心裡非常感激從豐富的詞彙中挑出美麗兩字為它定名的植物學家,0.5302597880363464,7,0.5125430822372437,8,0.48882007598876953,9
家長的第一個反應都是非常的擔心,0.4214775562286377,15,0.40234681963920593,8,0.3802712559700012,16
他是在看鋼琴家的左手,0.8476365208625793,7,0.6800077557563782,8,0.6670575737953186,1
雖然家裡客人不斷,0.6392539143562317,3,0.6143417954444885,16,0.6015997529029846,8
員工可隨時打電話回家報平安,0.8056595325469971,3,0.7674924731254578,2,0.7621379494667053,4
一百多家專門從事展台搭建組織展覽以及提供相關服務的公司,0.7790968418121338,12,0.75238436460495,11,0.7421751022338867,10
以現在我們所屬的幾家衛星工廠來說,0.7996439933776855,12,0.7623906135559082,11,0.7569813132286072,10
我會少碰那些憲法專家,0.6497233510017395,7,0.5877798199653625,8,0.5817098021507263,17
統一並於車身固定位置漆明專營搬家字樣,0.6911615133285522,2,0.6874136924743652,4,0.6754133701324463,8
本文主要在介紹慣性旋轉式產生器之原理以及國家地震工程研究中心新購之兩台振動產生器之性能與特性,0.7020021677017212,1,0.7017285227775574,3,0.668575644493103,2
雖說是有錢大家賺,0.673919141292572,1,0.6679484248161316,9,0.6636602878570557,16
大陸著名指揮家湯沐海也出現第三屆國際巨星音樂節名單之中,0.8062520623207092,7,0.6777927875518799,1,0.6616131663322449,3
出版國內漫畫家的作品,0.8401906490325928,7,0.673823893070221,10,0.6713424921035767,12
顧家,0.676688551902771,8,0.6660858988761902,14,0.6581695675849915,16
這家的楊老闆因為我常去所以跟我很熟,0.8150448799133301,11,0.7946325540542603,10,0.7779507040977478,12
地震震壞了美麗的家園,0.7810129523277283,4,0.7643039226531982,3,0.7559491395950317,2
有的家屬有失眠心慌等狀況,0.7669689059257507,3,0.7633946537971497,1,0.7377049922943115,2
對父母家族中長老又不習於忤逆,0.8237032294273376,1,0.8148654103279114,3,0.7289063930511475,2
沒有單一的未來贏家,0.6983010172843933,13,0.6149243116378784,7,0.6092195510864258,10
尋常的假日返家,0.6511692404747009,8,0.6358373761177063,4,0.6350654363632202,2
如果說這個家庭裡面,0.8153505921363831,1,0.8118234276771545,3,0.7323525547981262,2
不過大家若能秉持以上幾個要訣來採購,0.7114812731742859,1,0.7007091641426086,3,0.697060227394104,10
會比較對國家你這件外套是在哪裡買的,0.6263391971588135,3,0.6204249858856201,10,0.5988251566886902,7
莊淑旂是家中獨生女,0.7654107809066772,3,0.7537571787834167,1,0.687270998954773,2
佈置不好恐怕很快就想搬家,0.6448571085929871,3,0.6265165209770203,1,0.5998969674110413,4
聞天祥目前仍替多家媒體撰文,0.7868608832359314,12,0.7276524305343628,10,0.7235661745071411,1
大家都很清楚,0.684023380279541,3,0.6808346509933472,1,0.6622331738471985,10
反而是每家公司獨異的情境,0.81514972448349,12,0.7820196747779846,10,0.7468057870864868,1
感恩過去大家共同合力完成慈濟志業,0.7316277027130127,1,0.700536847114563,3,0.6755696535110474,10
對政治家的要求,0.8117654323577881,7,0.676542341709137,3,0.6723514795303345,1
在一九六三年得到諾貝爾物理獎的女性科學家瑪麗亞梅耶為例,0.7244741916656494,7,0.6992537379264832,1,0.6936176419258118,3
依據世界國際透明組織最新公佈之二年國家施政清廉度報告及瑞士洛桑國際管理發展學院發表之二年國家競爭力報告顯示,0.7252844572067261,1,0.7244274020195007,3,0.6965960264205933,2
當然藝術家就必須獨具慧根,0.857204020023346,7,0.6937917470932007,1,0.6811480522155762,3
就是有生意大家做的態勢,0.6848649382591248,12,0.6847035884857178,11,0.672492504119873,13
上述實例好似證明我國第二代企業家能力有問題,0.7862671613693237,7,0.675930380821228,17,0.6750178337097168,3
大家樂不可支,0.6553934216499329,1,0.6499925851821899,16,0.6466687321662903,9
每天放學回家時拿一毛錢買一枝冰棒,0.8431861400604248,3,0.7756004929542542,1,0.7506438493728638,2
願在此跟大家分享我的快樂,0.7132149338722229,1,0.6889376044273376,3,0.6695997714996338,12
無法構築一部家庭春秋,0.811141848564148,3,0.7834744453430176,1,0.7498947978019714,2
他都能發掘不同國家及不同地方的特殊風情,0.7473905682563782,1,0.7317313551902771,3,0.6649705171585083,2
能夠把你留在家裡,0.8674418926239014,3,0.7915425896644592,1,0.7806684374809265,2
專家建議最好僅用其來清洗水果,0.7235689163208008,1,0.7170826196670532,3,0.6869062781333923,2
就替您把租約當著大家的面兒燒掉了,0.7466413974761963,1,0.7171250581741333,3,0.7016688585281372,9
因為理學家的著作只有知識分子才能看得懂,0.8689898252487183,7,0.7291054725646973,1,0.7161091566085815,3
還以簡短客家話爭取支持,0.7185359001159668,14,0.7163500785827637,1,0.6978206038475037,3
大家都搶著要和胡錦矗在一個組,0.7157682776451111,1,0.6757239699363708,10,0.6734975576400757,3
或因家教良好接受良好教育,0.7519989013671875,3,0.7126116752624512,16,0.695300817489624,1
過去十年臺北市的中藥行就由一千家減少到七百多家,0.8284366726875305,11,0.7821742296218872,12,0.7568456530570984,10
所以大家都很喜歡她,0.7514491677284241,1,0.732103168964386,3,0.6751558780670166,10
江浙地區大量的地主官僚攜家財逃到上海,0.7812156677246094,3,0.7725849747657776,1,0.757062554359436,2
她瞧瞧馬家駿,0.7483814358711243,16,0.7447084784507751,8,0.7268351316452026,14
那我放學回家跟媽媽講,0.8322433829307556,3,0.7705771327018738,1,0.7220065593719482,2
潘李二生的家長,0.7341082096099854,4,0.733996570110321,16,0.7315645217895508,3
除了隨家遷移外,0.7625862956047058,3,0.7469511032104492,1,0.7187134623527527,2
最後得出榜上的一百家企業,0.7650319337844849,12,0.7594059705734253,11,0.7124952673912048,10
與不同文化背景的藝術家之間的互動,0.8172689080238342,7,0.6832577586174011,1,0.6810353994369507,12
涵括汽車業電子業機械製造業建材業醫療器材業乃至一般家庭消費,0.7967972755432129,3,0.7455393671989441,2,0.7428017258644104,1
特惠組每家百貨公司內容多不同,0.8053854703903198,12,0.7872737050056458,10,0.7342435121536255,11
以一整章的篇幅討論以家庭為基源的日常健康照顧,0.8197621703147888,3,0.7830917835235596,1,0.7473618984222412,2
學校老師也需與家長密切合作,0.733843207359314,3,0.6934384703636169,1,0.6915258765220642,2
結果後來回到家之後,0.8464553356170654,3,0.7855902910232544,1,0.7853193879127502,4
而一個人由於先天遺傳缺陷或因大腦後天嚴重受損而變成了心理能力極其簡單的畸形人如家族性黑蒙性白痴或植物人,0.6943280100822449,3,0.6879709959030151,1,0.6834944486618042,2
張愛玲從母親遠房親戚黃岳淵家裡見過周瘦鵑,0.7709926962852478,3,0.7681797742843628,1,0.7091735005378723,4
同樣可以帶到現代家庭裡,0.8332741260528564,3,0.7883809804916382,1,0.7354586720466614,2
美國作家和先生都在哈佛大學教授人際溝通,0.7858008742332458,7,0.7082757353782654,1,0.6918940544128418,3
真正有著大家共處孤舟,0.7591729760169983,1,0.7241454124450684,3,0.7092562913894653,2
他們會照著心儀畫家創造的主角,0.7821499705314636,7,0.7041914463043213,13,0.6857236623764038,8
家庭主婦年兩性對話年就在這段期間發生,0.5173056125640869,15,0.5040539503097534,8,0.4789087176322937,6
人家俗語說得好說,0.720784604549408,1,0.6894832849502563,10,0.6821243762969971,8
尤其是因為先生中年失業而必須承擔家計的家庭婦女,0.840275764465332,3,0.7893385887145996,1,0.7471623420715332,2
存放哈布斯堡家族的遺體,0.7506200671195984,1,0.7244246602058411,3,0.660276472568512,2
該雜誌也將全球一百六十餘個國家作一風險排名,0.7494348883628845,1,0.7454736828804016,3,0.6779383420944214,2
如果沒有考慮到其中小店家的經營,0.7558368444442749,13,0.748771607875824,11,0.7440242171287537,10
當被問及在家用系統所扮演的角色時,0.760167121887207,3,0.7206345200538635,1,0.7202768325805664,2
至於已簽約的全國一萬三千多家醫療院所中,0.7485817670822144,12,0.7082923054695129,10,0.6986801624298096,11
鎖定頂著科學家頭銜和博士後研究員,0.812397837638855,7,0.7023634314537048,1,0.6833863258361816,3
他很佩服出身於有好教養的南斯拉夫家庭的德蕾莎,0.7883598804473877,3,0.7793286442756653,1,0.7032372951507568,2
大家不要把這個獎想得很可怕,0.6766436100006104,1,0.66459721326828,3,0.6299430131912231,7
就大家,0.6125820875167847,9,0.5863511562347412,8,0.5794448256492615,13
詳實的記載他們的飲食起居栽培作物經濟來源以及居家環境,0.8057252764701843,3,0.782006561756134,2,0.7658709287643433,1
大家也搶著買,0.6596302390098572,1,0.6485471129417419,10,0.6349286437034607,3
最後殺他全家,0.724407970905304,9,0.7050259709358215,1,0.7030189633369446,13
科學家的研究指出,0.7701749205589294,7,0.7100970149040222,1,0.6933487057685852,10
國家資訊通信基本建設公報,0.6626682877540588,1,0.6564549207687378,3,0.6426467299461365,2
在原生家庭中就已經根深柢固,0.7731319665908813,3,0.7658406496047974,1,0.7027071714401245,2
資本家的餐廳沒有免費的甜點,0.7081312537193298,7,0.6818833947181702,1,0.6795446872711182,3
女孩子家,0.6629486680030823,8,0.634149432182312,17,0.628699541091919,9
一位房地產市場專家昨日批評說,0.7260884046554565,3,0.7243840098381042,1,0.7086925506591797,7
到處可以為家,0.5905888676643372,8,0.5595069527626038,9,0.5402858853340149,6
由於大千先生一家數人均有藝術方面的才華,0.7938345670700073,1,0.7534120678901672,9,0.7301962971687317,3
窮人家的男子,0.8029955625534058,8,0.7769153714179993,1,0.7628567218780518,17
一邊跑回家,0.5488068461418152,4,0.521342396736145,8,0.519260823726654,16
正是來自不同階層家庭背景及工作領域的女人,0.8152860999107361,3,0.8002913594245911,1,0.7243677973747253,2
台南市小家庭的比例高達,0.7781420350074768,3,0.7521624565124512,1,0.7264650464057922,2
殺人喜劇一開場就是一陣亂槍掃射全家,0.6729071736335754,9,0.6688202023506165,8,0.6394110321998596,15
阿明的夢就是開一家咖啡館,0.8224372267723083,12,0.7549698352813721,10,0.7468814253807068,1
將推動八千四百多家營造公司,0.7800902128219604,11,0.7647552490234375,12,0.7142895460128784,10
是促成亞洲國家自一九九七年金融風暴復甦的動力之一,0.7210115194320679,1,0.7151761651039124,3,0.6536422371864319,2
其實只有卅二家,0.6305515170097351,11,0.590432345867157,9,0.5704203844070435,8
同時因為克倫寧自己是位由醫生轉業的作家,0.6601264476776123,7,0.5977180600166321,3,0.5825297832489014,1
很多小朋友都希望長大可以做科學家,0.4848490059375763,17,0.46335405111312866,8,0.4439147412776947,15
一到四樓展示各種本地設計的服裝首飾精品運動器材電器玩具唱片家具及書籍雜誌,0.7375744581222534,3,0.7099264860153198,2,0.6984167695045471,1
也有一家永康牛肉麵,0.77886962890625,12,0.7751447558403015,11,0.743351399898529,10
第一站將是他四十年未曾回去的老家山東,0.7564333081245422,1,0.7498050928115845,3,0.7372666001319885,4
所有文卷及家具,0.7515438795089722,3,0.7148936986923218,2,0.7006301283836365,1
兩性平等工作家事共同分擔,0.6713516712188721,16,0.6635076403617859,5,0.649482786655426,2
裡面全是你們家的東西,0.8091322183609009,1,0.795336902141571,3,0.7535845637321472,4
正可以點出出家眾的心情,0.6627021431922913,9,0.6378929018974304,16,0.6327596306800842,8
還是科學家嗎,0.8339676260948181,7,0.7263296842575073,1,0.7128411531448364,3
索若斯及部分市場知名專家更頻頻喊話,0.7254121899604797,7,0.7224622368812561,1,0.7214246392250061,3
我們可以從畫家本身對於繪畫觀點的態度,0.825779378414154,7,0.7034792900085449,2,0.7022930979728699,10
例如錢辟教授最近參與一家製藥廠的企業改造計畫,0.8162861466407776,12,0.7584652900695801,11,0.7475072145462036,1
有一次大家做打擊發聲的遊戲,0.7187010049819946,1,0.6956238746643066,3,0.6628526449203491,12
大家想知道嗎,0.6630253791809082,1,0.6603778004646301,3,0.6512045860290527,10
跟蛇蜥蜴和哺乳類遠些刊於美國國家科學院報告九十五卷,0.660524308681488,1,0.6507193446159363,3,0.6381726861000061,2
白色恐怖受難已牽連萬個以上的家庭,0.7888707518577576,3,0.774003267288208,1,0.7556828260421753,2
他如何得知那些旅行家們所帶回的信息究竟是幻想或真實,0.833121120929718,7,0.6874470114707947,8,0.6820129156112671,17
都不再只有國立編譯館一家,0.6598967909812927,11,0.6517218947410583,9,0.6267740726470947,12
談談閒話家常來得這麼親切,0.6998409032821655,8,0.6806694269180298,15,0.6767133474349976,16
職業家庭兩頭忙,0.75029057264328,3,0.7052462697029114,1,0.7029314041137695,2
在紐約教過貧民窟小學的作家郭佐,0.7271387577056885,7,0.6540809273719788,1,0.642788290977478,3
流行找當家花旦出擊,0.7244285345077515,1,0.7223469614982605,3,0.7082673907279968,10
台北社區國小國語科家庭作業,0.7297497391700745,3,0.6776579022407532,1,0.6710920333862305,2
是由美國家庭防癌天使為一保險公司負責人徐世芬,0.7782242298126221,3,0.7378337383270264,1,0.7261567711830139,2
第一次見柿樹是中學時騎腳踏車去鄉下同學家,0.5584390163421631,8,0.48568740487098694,6,0.48203250765800476,9
他們之中有許多是住在有著古老基督信仰傳統的國家裡,0.7735981941223145,3,0.7718033790588379,1,0.7218294739723206,2
小紅帽求奶奶到她家去住幾天,0.8325877785682678,3,0.8290436267852783,1,0.8021666407585144,4
哲學家康德曾想表示,0.7532101273536682,7,0.7143822312355042,1,0.6999029517173767,3
黃姓男子與葉姓女子在彰化市平和五街一家賓館裡會客共處一室,0.8339277505874634,12,0.7754923701286316,1,0.7623146772384644,3
但目前沒有一家外資擁有的股權超過這個規定,0.7711491584777832,11,0.7710568904876709,12,0.7630165815353394,10
表示他辜負了大家,0.5986604690551758,9,0.5940931439399719,16,0.5883609056472778,8
程家布馬陣就這樣上場了,0.7784770727157593,14,0.7771008610725403,8,0.7642406225204468,9
新依賴理論與國家主權理論認為,0.7142017483711243,1,0.7071223855018616,3,0.6818276047706604,2
短期約聘對家庭的影響是不斷搬家別做承諾別犧牲,0.818710446357727,3,0.7931430339813232,1,0.7369977235794067,2
如板橋的林家花園便是,0.7435357570648193,14,0.7360142469406128,1,0.7240744829177856,8
墨西哥民謠格拉納達奧國作曲家雷哈爾快樂寡婦以及咸爾第茶花女的飲酒歌,0.7817422151565552,7,0.6384778618812561,2,0.628280520439148,12
經東京轉機前往匈牙利布達佩斯及東歐等國家進行訪問,0.7418714165687561,1,0.7331489324569702,3,0.6943703889846802,12
將冠軍寶座拱手讓給國家聯會冠軍紐約巨人隊,0.6485718488693237,1,0.6408448815345764,2,0.637732744216919,3
不過分析家說,0.724418580532074,7,0.6566870808601379,1,0.6564283967018127,2
是整體家庭規劃中的一個單位,0.792447030544281,3,0.7513081431388855,1,0.7168394923210144,2
禪家認為,0.6568773984909058,7,0.6224989295005798,9,0.6173434257507324,8
替同學幫忙搬家,0.6710417866706848,3,0.6586020588874817,4,0.6478397846221924,5
任職故宮的現代陶專家宋龍飛昨日指出,0.7477751970291138,7,0.7148193120956421,1,0.7030192613601685,3
例如記譜法聖歌中不同的音樂形式實際演出的問題歷屆大公會議對禮儀的變革以及後代音樂家對葛利果聖歌素材的運用等等,0.8137950301170349,7,0.7046064138412476,1,0.6948936581611633,3
國內國家資訊通訊基本建設推動小組民間諮詢委員會緊鑼密鼓推動的隨選視訊先導實驗計畫,0.7123706936836243,3,0.7006855010986328,1,0.6779157519340515,2
更無法在家事上費心,0.830254077911377,3,0.7506994009017944,1,0.7212859392166138,2
就要議定未來重大事項和國家政策如何形成的民主機制,0.7380372881889343,1,0.7340093851089478,3,0.7001679539680481,2
自尊心可以代表個人的內涵外表生活方式家庭朋友工作及嗜好等,0.7895447611808777,3,0.7625214457511902,1,0.6987128257751465,2
存在主義的哲學家和詩人,0.7704036831855774,7,0.6942593455314636,1,0.68192458152771,3
以吸取先進國家之技術知識,0.7262476682662964,3,0.7258238792419434,1,0.710918664932251,10
一個整天待在家裡只有一個獨生女的家庭主婦,0.8965322375297546,3,0.8530015349388123,1,0.7860106229782104,2
聯合國武器專家凱利指出,0.6743790507316589,7,0.6550371646881104,3,0.6498777270317078,1
老人家剛開始覺得我們很無聊,0.7844467163085938,1,0.7404494881629944,3,0.711178719997406,7
這就是我們家的團圓飯,0.8202440142631531,1,0.7813460826873779,3,0.7236644625663757,4
美國政府除了推動國家資訊基礎建設外,0.7161504626274109,3,0.7128236889839172,1,0.6877909898757935,2
別又讓人家議論你用女兒巴結人,0.729758083820343,1,0.6965368986129761,3,0.690566897392273,9
對現代家庭生活家人關係以及子女管教具有深遠的影響,0.8139611482620239,3,0.7953675389289856,1,0.7152684926986694,2
平均每家二至三人,0.7283324003219604,9,0.7262853980064392,2,0.7197754979133606,1
回到家時,0.8169495463371277,3,0.7746397852897644,2,0.7740758657455444,4
大家的想法都是一樣的,0.7238853573799133,1,0.7060664296150208,3,0.685899019241333,10
居家生活安全能力的培養照顧自己部份的生活以及自我保護的基本能力訓練一直是十方所重視的,0.7937813997268677,3,0.7726777195930481,2,0.7322161197662354,1
大家不會再把垃圾倒在外面,0.6727474331855774,1,0.6557605862617493,3,0.6379326581954956,2
而此家電廠商未來也可能在公司內部成立一個家用電腦部門,0.7572933435440063,3,0.7410867810249329,1,0.7237358093261719,12
大家不能不聽,0.6597203612327576,10,0.6543580889701843,1,0.6469133496284485,7
現代的父母因為早年家庭的貧窮,0.8274421691894531,3,0.8003864884376526,1,0.7363151907920837,2
見大家都動了筷子就只有石強仍兀自不動,0.7583414316177368,1,0.7256181836128235,3,0.6966866254806519,10
有關墾丁國家公園的春節服務及交通疏導措施,0.7258846759796143,1,0.6952699422836304,3,0.6859549880027771,12
在韓國日本中國大陸東南亞等亞洲國家,0.5919666886329651,1,0.5877009630203247,10,0.5755215883255005,4
論壇在此斗膽將所觀察到的一部份在此提供大家參考,0.7145264148712158,1,0.69866544008255,3,0.680991530418396,12
並不回到自己的家鄉,0.7888074517250061,4,0.7724144458770752,3,0.7671793103218079,1
但將具有國家紀念日的地位,0.690937340259552,3,0.687231719493866,1,0.6784876585006714,2
那個週六也平平順順的搬進了新家,0.6079768538475037,3,0.6059417724609375,4,0.6016413569450378,5
人家喜歡上我,0.7296101450920105,1,0.6963087916374207,7,0.6906216144561768,3
促進國家的繁榮和進步,0.7295686602592468,1,0.7215189337730408,3,0.685605525970459,2
以為用啟蒙理性來掃蕩統合主體的黑暗神話可以讓國家的感應失去效力,0.7267513871192932,3,0.7241348624229431,13,0.7155132293701172,2
自從我給馬家駿這逆徒打了毒針之後,0.7274457216262817,16,0.6710228323936462,7,0.6648857593536377,14
請大家舉杯誌慶,0.7173601984977722,1,0.7018259167671204,3,0.6741089224815369,12
他認為宋楚瑜為了黨為了國家,0.6315653920173645,7,0.6094515323638916,4,0.6045355200767517,1
如果我開一家養雞場,0.8432019352912903,12,0.7653855085372925,10,0.7573946714401245,11
公館一家電玩店負責人黎錫源說,0.8349546790122986,12,0.7730735540390015,1,0.751862645149231,10
尤其是發展社會學家去注意的重要地區,0.7265666723251343,7,0.6518954634666443,4,0.6511741280555725,2
主人一家盛裝打扮,0.7448821067810059,9,0.7324489951133728,1,0.7082090377807617,13
大家在太陽底下脫下棉軍衣活捉蝨子,0.6873210668563843,1,0.6580747365951538,3,0.6412054300308228,12
以家庭,0.6738377809524536,3,0.6704897284507751,2,0.6665900349617004,16
不妨買個回家試試看,0.7208764553070068,3,0.7203996181488037,1,0.7171204686164856,10
還要負起家庭生計,0.8305341005325317,3,0.801839292049408,1,0.7445329427719116,2
名聞全國的美食家,0.6258921027183533,7,0.5552400946617126,9,0.5470027923583984,8
他也是一個物理學家,0.6943113207817078,7,0.6089480519294739,2,0.604358971118927,3
除非大家都心懷這樣的理想,0.7493114471435547,1,0.7286157011985779,3,0.6904212832450867,2
從一九六年被漫畫家王澤本名王家禧創造出來後,0.8347892165184021,7,0.7018002271652222,1,0.6892451643943787,12
幾個人合資於北京開設一家頗具規模的寧記麻辣鍋店,0.8298768401145935,12,0.7569364905357361,10,0.7568391561508179,1
就趕搭火車回家,0.5690662860870361,4,0.5517433285713196,8,0.5449250340461731,16
買台便宜的電腦回家而已,0.8165620565414429,3,0.747707724571228,1,0.7118785977363586,2
只是買家更加挑剔,0.7298145890235901,7,0.6899381875991821,13,0.682881236076355,1
在新興國中宴請北市各校家長會,0.6878103017807007,3,0.6801041960716248,2,0.6684489846229553,4
幾乎沒有人願意與長安結親家,0.4935299754142761,9,0.47298920154571533,8,0.4566652178764343,17
現在家裡都沒有人,0.7648344039916992,3,0.7178452014923096,1,0.7022807002067566,2
許多人也都待在家裡看電視轉播的國慶活動,0.881401777267456,3,0.8184545636177063,1,0.783322811126709,2
單親家庭愛天空下的每一個家另一種選擇單親家庭幾個名女人相繼不婚生子之後,0.7870014309883118,3,0.7760012745857239,1,0.7176264524459839,2
唱客家歌者只能參加初賽不能參加決賽,0.7592467665672302,14,0.658790647983551,8,0.6315436363220215,4
可是我家絕對是,0.726111114025116,4,0.7194083333015442,1,0.7085335850715637,5
例如一位在國內堪稱為是政商豪門家族的後代,0.804783284664154,1,0.7863214612007141,3,0.7257303595542908,7
我希望教育專家在討論如何提高大學生的素質,0.7206971049308777,7,0.6847267150878906,3,0.675658106803894,1
我們家從小,0.8238134980201721,1,0.8125531673431396,3,0.7313388586044312,4
沈醫師較為可取的似只有增列更改國家符號的原則的規範,0.6922537684440613,3,0.6792157292366028,2,0.6780040860176086,1
可能人家小孩砸的,0.7615209817886353,1,0.7157142758369446,3,0.6966997981071472,7
目前已有多家廠商採取與大廠結盟並且互相授權的策略,0.776803195476532,12,0.764985978603363,10,0.7457069754600525,11
我覺得應該大家,0.5460070371627808,11,0.5324304103851318,9,0.5277767181396484,10
加法大家都了解,0.7026330232620239,1,0.7000516057014465,3,0.6891739368438721,10
只不過是那種每家餐廳都看得到的再普通不過的喝玉米濃湯的平凡湯匙,0.7961900234222412,12,0.7413645386695862,10,0.7304266691207886,1
大陸天才畫家十六歲的王亞妮半跪合掌,0.7626721858978271,7,0.6729463934898376,1,0.6503346562385559,3
是有關聯合國派遣專家團去協助開發中國家改善當地農業衛生或其他沒人清楚的事情,0.7159185409545898,2,0.7106702923774719,3,0.6981325149536133,1
中間又在奶奶家寄養半年,0.8300870656967163,1,0.8291135430335999,3,0.7865620255470276,4
我常看到一些人雇用了一批所謂的財務專家,0.6282672882080078,7,0.5291936993598938,10,0.529061496257782,17
客協成員決定要籌組一個客家電台,0.778553307056427,14,0.7485824823379517,8,0.6970638632774353,16
大約兩百個國家中,0.7513912916183472,1,0.7381313443183899,3,0.6912518739700317,4
瑪家水庫興建十年,0.7674372792243958,14,0.7354446649551392,8,0.6982195973396301,16
由民間企業一至兩家試辦,0.7847309112548828,11,0.7284539937973022,12,0.7119763493537903,9
大家都不吃台鐵便當,0.7176076173782349,1,0.6852712631225586,10,0.6805123090744019,12
國家衛生研究院一項研究指出,0.654773473739624,1,0.6486939191818237,3,0.61939936876297,2
日本還是跟著歐美國家的公園標準走,0.7680179476737976,1,0.7545830607414246,3,0.7334521412849426,10
李家同老師一再說要把我密告給中研院某老師,0.6599621772766113,16,0.6269871592521667,8,0.6127299070358276,9
走進一家咖啡館,0.7954260110855103,12,0.7653841376304626,1,0.7586449980735779,10
中共有關方面與林滴娟家屬就是否解剖林滴娟遺體部分,0.7039474248886108,1,0.6928568482398987,3,0.6614933013916016,2
認為中華民國在台灣已是一個主權獨立的國家,0.5971196889877319,3,0.5905657410621643,7,0.5814012289047241,1
為服務病患家屬,0.7487651705741882,3,0.7389365434646606,1,0.732288122177124,2
專業分工定位分明顧客區分將是家電市場趨勢,0.7159866690635681,3,0.6937727928161621,1,0.6578808426856995,2
從藝術家到大學教師,0.7952058911323547,7,0.7177517414093018,1,0.7018264532089233,3
演奏會文化中心訂於二十五日晚上七時三十分假清大禮堂舉行國內知名二胡演奏家溫金龍二胡演奏會,0.8116715550422668,7,0.6671503782272339,1,0.6616576910018921,12
魔法師歲老將喬丹主場迎戰老東家公牛,0.6849611401557922,1,0.6613057255744934,12,0.6559015512466431,7
可米家族經紀部經理江一朋澄清,0.730000913143158,3,0.7238004207611084,12,0.7230790853500366,1
中國民間故事全集由遠流出版公司邀請國內外民俗專家耗時六年編篡而成,0.7590023875236511,7,0.6876184940338135,1,0.683509111404419,2
新竹縣市新聞范天送陳在南傅錠為竹塹爭光范天送陳在南傅錠為竹塹爭光三位書畫家曾分別獲得國內外獎項藝術才華受肯定竹塹文風鼎盛,0.8129293322563171,7,0.6905549168586731,12,0.6885162591934204,1
較重的家具都沒有帶的遺缺,0.7727717757225037,3,0.7216189503669739,2,0.7148129343986511,1
嗯也是家裡面兒稍微經濟情況好一點兒,0.7752439379692078,3,0.7306989431381226,1,0.691448986530304,2
詹宏志對於別人加封的趨勢專家頭銜,0.745155930519104,7,0.6722955107688904,3,0.6713373064994812,1
列管業者從三十八家激增至近一四家,0.7934096455574036,11,0.744156002998352,12,0.7244766354560852,10
所幸當時並沒有人在家,0.5450190305709839,8,0.5367538332939148,16,0.5250334739685059,9
大家都很安心繼續做下去,0.7147765159606934,1,0.6978330612182617,3,0.6601775288581848,10
我說的客家人具有雙面性格是一種貶抑,0.7807512283325195,14,0.7092747092247009,8,0.6768473982810974,16
新儒家是在中華文化面臨西方的衝擊下,0.686659038066864,7,0.6817612051963806,3,0.6646933555603027,1
全家人都不禁捏了一把冷汗,0.7818087339401245,1,0.7619818449020386,3,0.7035783529281616,2
就是種完了你家的種我家的,0.7654719948768616,1,0.747405469417572,8,0.7268347144126892,4
企業家就是在客觀的環境裡面,0.8008530139923096,7,0.7012841105461121,17,0.688210666179657,3
這是道家的基本立場,0.704457700252533,7,0.701758086681366,1,0.6916221380233765,3
委由他照顧蔣經國家族後代及主席特別指示其他黨政工作之用,0.7652313113212585,1,0.7162245512008667,3,0.7069324254989624,12
難得大家有個機會輕鬆一下,0.7246686816215515,1,0.7242886424064636,3,0.6748561263084412,10
並將傳染給家人,0.764570951461792,3,0.7473490834236145,1,0.7135889530181885,2
帶回家裡看,0.7713435292243958,3,0.7376684546470642,4,0.7192233204841614,1
表示家人的懷念,0.6801902651786804,3,0.651655375957489,2,0.6484912037849426,1
大家戲稱這是第二次殖民時期,0.6700354814529419,1,0.6393626928329468,3,0.6284343600273132,12
醫生交代我們不要再刺激她老人家了,0.7759299874305725,1,0.7494868040084839,7,0.7418363094329834,3
商家無不挖空心思以怪招奇招搶客,0.7324735522270203,10,0.7231301665306091,12,0.722053050994873,1
同時有各宗教神職人員心理學家及醫生,0.7770002484321594,7,0.6855034232139587,1,0.6768877506256104,12
再加上國家統一之前,0.6663160920143127,1,0.660209596157074,3,0.6475657820701599,2
既然大家都共乘在同一艘船上,0.7575835585594177,1,0.723986029624939,3,0.6847137808799744,10
於是決定把牠抱回家飼養,0.8068175911903381,3,0.7861632704734802,1,0.7717548608779907,4
你剛不是問我是不是看了公司那張徵人廣告才想進這家公司的英子小姐站了起來,0.80539470911026,12,0.7681000828742981,10,0.7669374346733093,11
當時人們還把我列為性文學作家,0.6213302612304688,7,0.5465326905250549,17,0.5443164706230164,8
大家組成一個和氣小組,0.7084894180297852,1,0.705754816532135,3,0.6690428256988525,10
她知道父親答應馬家提親後,0.76108717918396,8,0.7408477663993835,14,0.7392323613166809,16
甫於日內瓦結束的多邊專家小組審查會議,0.6724786758422852,3,0.6711345911026001,2,0.6669080257415771,1
及全家人窩在一起分擔狂風暴雨的經驗,0.7620865106582642,3,0.7494378089904785,1,0.6626676917076111,2
家長只要知道小孩到哪裡去就好了,0.4622209966182709,15,0.4561951458454132,8,0.43316739797592163,16
張叔叔到家裡作客時,0.8655266165733337,3,0.8264687657356262,1,0.7671270966529846,4
本來寄望出售這些虱目魚來貼補家用,0.7767882943153381,3,0.7620525360107422,1,0.7305596470832825,2
美國家庭財富從年到年成長,0.7884555459022522,3,0.7703493237495422,1,0.718982458114624,2
列有四百五十家值得信賴的商店,0.8185063004493713,12,0.7754193544387817,11,0.7742232084274292,10
另周莊鎮內也有幾家餐廳,0.8566728830337524,12,0.7832320332527161,11,0.7827248573303223,10
來的六十個國家三千名代表參加了這項盛會,0.7226436734199524,1,0.7149602770805359,3,0.6724720001220703,4
逢人就問你要不要到我家玩啊,0.8040130734443665,3,0.7949681878089905,1,0.7735069990158081,4
除夕夜一家團圓,0.802473247051239,1,0.7693784832954407,3,0.7524170875549316,2
除了冒險者俱樂部對面新搬來的作家,0.590268611907959,7,0.580815315246582,8,0.5799444317817688,11
科學哲學家及都稱科學家是處於異例之海中,0.7578925490379333,7,0.6909067630767822,1,0.6790390014648438,3
一個兼具古典美與現代感的國家,0.5506200790405273,7,0.5319017767906189,2,0.5294876098632812,3
除配合國家重大政策,0.7422921657562256,1,0.7336957454681396,3,0.6948868036270142,2
別的國家變更使用,0.6892341375350952,3,0.687902569770813,1,0.6830445528030396,4
不聲不響在我屋裡坐上半個小時然後回家,0.5987493991851807,3,0.5703226923942566,4,0.5682227611541748,1
這就是儒家所說的己所不欲,0.744492769241333,1,0.7146151661872864,3,0.6882944703102112,7
然後在家裡溫習功課這樣子,0.8793566823005676,3,0.7818572521209717,1,0.7466051578521729,2
政治受難者的家屬,0.7127709984779358,4,0.7114315032958984,2,0.7037239670753479,1
當時有兩家公司與我洽談,0.8162306547164917,12,0.776881217956543,10,0.7458779811859131,11
如玉笛誰家聽落梅是黃蓉為師父洪七公所烹煮的炙牛肉條,0.6824201345443726,2,0.6738982200622559,8,0.6702077984809875,14
今年除了要達到一千家連鎖店的目標外,0.8142737746238708,12,0.7853707671165466,11,0.7190922498703003,10
儘管陽明山國家公園為全省觀光地點的排行榜,0.7131774425506592,1,0.6837376356124878,3,0.666537880897522,2
因此他敦促大家勤讀佛經,0.7083075046539307,1,0.6963071227073669,3,0.6732606291770935,12
胼手胝足地建立家園,0.784087061882019,3,0.7707950472831726,4,0.7655952572822571,1
公然侮辱尊長及煽動學生家長抗爭等理由,0.6922416090965271,3,0.6634968519210815,16,0.661274254322052,1
就有客家人,0.747665524482727,14,0.6637994647026062,1,0.6580439209938049,3
才可以稱為畫家,0.7795880436897278,7,0.67721027135849,2,0.6724702715873718,3
也承諾在一九九一年底以前以八十四億美元援助因波斯灣危機而受影響最大的國家,0.5611724257469177,13,0.5596675872802734,11,0.5585882067680359,1
你可以拿著她們家的戶口名簿,0.8390697240829468,1,0.8026197552680969,3,0.7760408520698547,4
在此國家是被視為階級矛盾的產物,0.7411026358604431,3,0.7185490727424622,1,0.7002803087234497,7
譬如河北省的張家口地區地處關外長城以北,0.7049655318260193,1,0.6686792969703674,3,0.6498768329620361,12
東歐國家領導人從未有人因為人民在共產制度下受到傷害,0.7571842074394226,1,0.7429724931716919,3,0.68553227186203,10
對低收入戶的貧困家庭和老人,0.7826241254806519,1,0.7737854719161987,3,0.7221196293830872,2
加強能力成為專家,0.7077028155326843,7,0.6425824761390686,2,0.639178454875946,8
李家同這個人八十三年愚人節,0.6810684204101562,16,0.6107723116874695,8,0.6066460013389587,14
我希望我的家庭永遠幸福美滿,0.8167163133621216,3,0.7946175336837769,1,0.730442225933075,2
作者中既有出身高級幹部家庭,0.7728561162948608,3,0.7602251768112183,1,0.731245756149292,7
女人女人的觀眾朋友大家好,0.6449800133705139,1,0.6171995401382446,3,0.5955793261528015,10
一家春化萬家春,0.743772566318512,9,0.6992612481117249,12,0.6962237358093262,13
這兩個國家因憲法所限,0.7054634094238281,1,0.704568088054657,3,0.6757376194000244,10
口白也說客家話,0.7497305274009705,14,0.7281196713447571,1,0.7084253430366516,3
非常謝謝大家來參加今天的節目,0.7220986485481262,1,0.7032849192619324,3,0.6623032093048096,10
每一次她都把買回來的豬肉拿到另一家肉攤再稱一次,0.8496865630149841,12,0.7911759614944458,10,0.7900652885437012,1
史丹尼斯勞斯禮拜堂曾是一位波蘭聖者的家,0.6644327640533447,5,0.6529487371444702,4,0.5899155735969543,8
家裡有三個女兒,0.37122127413749695,8,0.33783355355262756,15,0.3371351659297943,6
使教會成為共融的家庭和學校,0.8100355267524719,3,0.7744662165641785,1,0.756859302520752,2
由於家裡世代都是寺廟的住持,0.742513120174408,3,0.7298051714897156,1,0.6575247645378113,2
今天晚上我們公司請大家吃飯,0.7210352420806885,1,0.7033440470695496,3,0.6781632304191589,12
渴望著老公早早休假回家,0.5534444451332092,4,0.552322506904602,8,0.5495739579200745,2
那自然大家閒來無事就會常跟家中的長輩聊天,0.7417721748352051,1,0.7254489064216614,3,0.661649227142334,10
不少科學家非常不滿意在聲望崇隆的學報上怎麼能刊登這種類似天方夜譚的東西呢,0.7771099209785461,7,0.6999951601028442,1,0.6820603013038635,3
他是無論如何發不了家,0.48590904474258423,8,0.478403240442276,17,0.4764825999736786,6
五十九期一隊游家祝,0.7433652281761169,8,0.7173977494239807,16,0.7019656896591187,14
請許宣到她家取回雨傘,0.8074233531951904,3,0.8007616996765137,4,0.7883529663085938,1
如果你不給我我就要搬家,0.6927221417427063,1,0.6901142001152039,3,0.669620931148529,4
談到家的領域感,0.7193750739097595,3,0.7143676280975342,6,0.7057344913482666,2
有個年輕人向家康上書求見,0.6843278408050537,16,0.6703922152519226,3,0.6534281373023987,1
在各家航空公司相繼跟進實施後,0.7523593306541443,12,0.7342159748077393,9,0.7196806073188782,10
大象村長帶著大家連找了二三天,0.7785153388977051,1,0.7370026111602783,3,0.718776524066925,2
穿了防彈衣人家一眼認出來全部溜了,0.7496391534805298,1,0.7013824582099915,3,0.6849673390388489,10
回不得家鄉,0.7330149412155151,4,0.698989748954773,2,0.6900855302810669,5
因為每天他都在家看故事書玩電動看電視和吃飯睡覺,0.8744271397590637,3,0.8024009466171265,1,0.7503390312194824,2
首都更是以國家力量投資,0.6969677209854126,1,0.6951904296875,3,0.6715409755706787,2
中國是唯一的一個國家,0.6412994861602783,1,0.6326789259910583,3,0.6065083742141724,2
因為明天我不去她家喔,0.7937740683555603,3,0.7855249047279358,4,0.767914891242981,1
台北社區明華園明起三天義演募款台北訊明華園定八月二十七二十八二十九日三天下午七時三十分於國家劇院展開義演募款活動,0.686854898929596,1,0.6684783101081848,3,0.6579758524894714,2
教育部年年忙於請專家學者開會討論,0.6794449090957642,7,0.6683064103126526,1,0.6667584180831909,2
包括對畫家的訪談含背景創作動機自我評量等,0.7823662161827087,7,0.6813015341758728,13,0.6713256239891052,2
而出現過於頻繁的作品類型或知名度不高的藝術家作品,0.8148671388626099,7,0.6568645238876343,10,0.6540557146072388,13
連家人也一樣,0.7215385437011719,3,0.6810775995254517,2,0.6786978840827942,1
還有現代百家詩選台灣現代詩編目以及他自己寫的台灣現代詩概觀夢從樺樹上落下來等十數種詩的資料書以及詩選詩集,0.6530710458755493,9,0.6442202925682068,7,0.6386220455169678,11
大家搶著問怎麼回事,0.7033961415290833,1,0.6741577982902527,3,0.6529600620269775,10
並浸淫於創作鼎盛的家族風氣之中,0.7612001299858093,3,0.7545880675315857,1,0.7100240588188171,9
發現許多獨自創業的企業家並沒有充分運用時間,0.8088746070861816,7,0.715153694152832,1,0.7084258794784546,3
但他又不像有些文人畫家那樣,0.8164125084877014,7,0.7065738439559937,1,0.7015351057052612,3
竟有一家月餅業者宣稱將以燕窩來製造中秋月餅,0.822335958480835,12,0.8008387088775635,11,0.7970535755157471,10
向大家介紹校園規劃的基本觀念,0.7059507369995117,1,0.6958320140838623,3,0.6582409739494324,7
希望不要對雙方家庭再造成影響,0.8320438861846924,3,0.8116781711578369,1,0.7343663573265076,2
就在大家一片慶賀聲中,0.7438288927078247,1,0.7140630483627319,3,0.6846973896026611,12
替國家承擔更重要的工作,0.7598381638526917,1,0.7516676187515259,3,0.7166609168052673,2
大家的創意就會被激發,0.6640609502792358,13,0.6605536341667175,1,0.657529890537262,7
這到底是個什麼樣的國家,0.5571547746658325,17,0.5437317490577698,7,0.5297563672065735,8
一九八六年之祁家威公開以同性戀身分現身,0.7081097364425659,16,0.6239436864852905,14,0.6214479207992554,7
設立更多類似流浪動物之家的流浪犬中途之家,0.7876223921775818,4,0.7704905271530151,2,0.7527821063995361,5
愛爾蘭五王子與皇家之律的故事,0.7135412693023682,1,0.7089495062828064,3,0.7054842710494995,2
你家裡在做,0.7823436856269836,3,0.7497586011886597,4,0.7380614876747131,1
從中西繪畫中可看到的地景藝術大型皇家狩獵園富貴人家的花園不論中西都有例可尋公共的田野林地蔬果園及牧地等,0.7315430641174316,2,0.7207148671150208,3,0.71285080909729,1
大家一定要達到這個標準,0.6912018060684204,1,0.6845580339431763,3,0.6560766696929932,10
家長同樣無助,0.38486936688423157,15,0.38079509139060974,16,0.36715516448020935,8
常令喪家悲從中來,0.7657954692840576,2,0.7550088167190552,3,0.7523635029792786,1
家中也有鬼,0.4059790074825287,8,0.3963600695133209,9,0.39561134576797485,16
然後大家評評,0.747366726398468,1,0.7150977849960327,3,0.6888387799263,10
蒙特西諾的手法可謂全然瓦解了一個國家最基本的憲政倫理,0.7667466998100281,1,0.7615423202514648,3,0.7072396278381348,10
近來東南亞國家男性因為工業化社會壓力倍增有不舉的傾向,0.7393044233322144,1,0.7281004786491394,3,0.6871532201766968,10
我對這些藝術家的社交生活並不特別感到興趣,0.8436357378959656,7,0.6709257364273071,1,0.6635055541992188,10
等一下一定要與大家分享,0.7299772500991821,1,0.7027197480201721,3,0.6933985352516174,10
大學生兼家教最常見的問題就是常調課,0.7222060561180115,3,0.7196069955825806,16,0.6892988085746765,15
或祖父母父母子女就是家庭最基本的結構,0.839008629322052,3,0.8095097541809082,1,0.7500712871551514,2
難兄難弟隨意出入家門,0.7539494037628174,3,0.7289012670516968,16,0.7266661524772644,2
使畫家反抗傳統和邏輯的衝突得到更大的施展餘地,0.7291073203086853,7,0.6694892048835754,1,0.6417568922042847,2
比留在周家當然拍板定案,0.7541241645812988,9,0.7467024326324463,8,0.7410354614257812,14
不妨邀請對方來家裡玩,0.863346517086029,3,0.7760278582572937,1,0.7679086327552795,4
但由於他沒有家教中心開的繳費收據,0.6912215948104858,3,0.6600364446640015,16,0.6518462896347046,1
大家互相打趣,0.7088033556938171,1,0.6863469481468201,3,0.6609688401222229,10
縱使不是作家李昂,0.7774748206138611,7,0.6900249123573303,3,0.6794741153717041,1
谷文達的祖父谷劍塵是上海著名劇作家,0.7592781186103821,7,0.6458309292793274,1,0.6345257759094238,3
臨行前老家人便去雞寮捉一兩隻自己養的土雞,0.7954462170600891,1,0.7709101438522339,16,0.7634513974189758,3
這種四合大院或堡子則成了有利正家治家的場所,0.6866456270217896,9,0.6788493394851685,1,0.6674806475639343,3
據家人稱,0.621751606464386,16,0.5786393880844116,3,0.5690348148345947,4
為何不將吳健雄與男性大科學家來相比,0.8073057532310486,7,0.6641464233398438,1,0.6521766185760498,10
國家公園也很為難,0.677880585193634,1,0.6668930053710938,2,0.6587292551994324,3
七十一家違法營業遭強制拆除,0.8702449202537537,11,0.8142901062965393,12,0.7859878540039062,10
不僅是家長沒有站在第一線幫助孩子,0.7518066167831421,3,0.7289299964904785,1,0.6925656795501709,2
國小六年級就立志當漫畫家,0.6520180106163025,7,0.5423381328582764,17,0.5398362874984741,4
是國家發展的重要課題,0.7329915165901184,3,0.7180020809173584,1,0.6777036190032959,2
讀家鄉的女人,0.7083773612976074,4,0.70051509141922,2,0.6853832602500916,1
親愛的家長們,0.7088541388511658,3,0.6913070678710938,1,0.6652502417564392,2
夥同同仇敵愾的姊妹趕回夫家,0.7330542802810669,8,0.6778134107589722,16,0.6760538816452026,9
因為他們的家園,0.7859717607498169,4,0.7414303421974182,5,0.7081696391105652,2
唱到我家沒有米,0.761364758014679,4,0.7453070878982544,5,0.726198673248291,8
高賓菜粄條饅頭糅合的家庭味我是湖南籍的泰雅人,0.7770004868507385,3,0.7439675331115723,1,0.7219071984291077,2
而她們卻帶有家庭的責任,0.8020266890525818,3,0.7606502175331116,1,0.7364869713783264,2
這也與一般消費者存有災害不會那麼巧就發生在我家的心態有關,0.7289817333221436,6,0.6866918206214905,8,0.6762867569923401,5
朋友的家很遠,0.8578965663909912,4,0.8264780044555664,5,0.7503640055656433,2
科技專家表示,0.7087180018424988,7,0.6590743660926819,2,0.6583459973335266,3
客家情結,0.7414686679840088,14,0.7335826754570007,1,0.7141372561454773,3
則在沉默中由吉他手變身為自己做的獨立音樂家,0.6887754797935486,7,0.5694652795791626,4,0.556151807308197,5
而詩畫家羅青哲也曾指出,0.7987468242645264,7,0.6578752994537354,1,0.6540172696113586,12
且多花時間在其家庭上,0.8277668356895447,3,0.7994475364685059,1,0.730266809463501,2
也加重非消費國家的獵捕壓力,0.7418236136436462,1,0.7297242283821106,3,0.690222442150116,2
順著地板上的細縫走出家門,0.8191295862197876,3,0.7766998410224915,5,0.7753826379776001,2
謝謝大家,0.5838913321495056,3,0.5829939842224121,1,0.5773239135742188,7
加州大學柏克萊分校的物理學家赫利表示,0.7179186344146729,7,0.6268415451049805,1,0.6233381628990173,12
他們有的已成家立業,0.7953798174858093,3,0.7823363542556763,1,0.7749403119087219,2
便擴張到全省一百家直營店的規模,0.8151975274085999,12,0.7315852642059326,11,0.7151892781257629,10
我和同學在回家的路上邊走邊聊天,0.8433253765106201,3,0.7809293866157532,1,0.7671074867248535,4
協助智障兒成家立業,0.7763085961341858,3,0.7560093402862549,2,0.755456805229187,1
恐怕是世界上其他國家所不能比的,0.7379509806632996,1,0.7327991127967834,3,0.6836034059524536,10
看看他們有誰能不能送你回家,0.5609013438224792,4,0.5521401166915894,8,0.5353142619132996,5
他們的家在新社鄉山林間,0.850957989692688,4,0.8212773203849792,3,0.8094760775566101,1
我來這個家一輩子了,0.7842937111854553,5,0.7709485292434692,4,0.7545555233955383,3
一來讓老師們以校為家,0.527800977230072,5,0.5206987261772156,8,0.498173326253891,6
是我家有真才實學之人,0.7277113795280457,9,0.7263397574424744,8,0.707004725933075,17
而非家人,0.7547354102134705,3,0.7326096296310425,1,0.7207501530647278,2
若是小女孩已不畏懼回家,0.6223415732383728,4,0.6183261275291443,8,0.6088777780532837,16
那時候她自然會乖乖留在家,0.5495414137840271,8,0.545445442199707,6,0.5454216599464417,16
在報章上常看到些記者或評論家給候選人或當政者評分,0.803744912147522,7,0.7226126790046692,3,0.7192059755325317,1
相信太太也會掏心挖肺地一起為家庭奮鬥,0.8425633311271667,3,0.8057506680488586,1,0.7547313570976257,2
國家培養一個空勤人員要花一大筆錢,0.6702162623405457,3,0.6602334380149841,1,0.645224392414093,2
生長在保守節儉的客家家庭,0.7628297209739685,14,0.6831943392753601,8,0.6758508682250977,1
用組合化學者有家,0.49584147334098816,8,0.4919631779193878,9,0.46998026967048645,6
以後怎麼在婆家立足,0.8091721534729004,1,0.802950918674469,3,0.7445623874664307,8
但在很多家庭沒有辦法同時擁有內外廚房時,0.8374708890914917,3,0.7937877178192139,1,0.7420692443847656,2
終於有人大家講對,0.6653348207473755,1,0.6522101759910583,3,0.6504380106925964,16
那裡頭稀稀疏疏的幾戶人家,0.6580232381820679,8,0.6322727203369141,9,0.6303830742835999,1
班超為了替國家效力,0.6987082362174988,1,0.6869780421257019,2,0.6849480867385864,7
到苗栗一家醫院就診,0.7660295367240906,12,0.7289342880249023,1,0.7190519571304321,10
明式家具的收藏與研究始於三四十年代客居北京的外國僑民,0.7283118963241577,3,0.6882482767105103,1,0.6640188097953796,2
透視科學家角色的安排與演出,0.8526687622070312,7,0.6870629787445068,13,0.6808506846427917,1
調查局台北市調查處於十五日借提涉案在押的前中正二警分局警備隊小隊長郭家宏南港警分局刑事組偵查員潘明崇調查,0.6642149686813354,16,0.6509432196617126,12,0.6347590684890747,7
是不是我家失火了,0.7678709626197815,3,0.7472289800643921,1,0.7251964211463928,5
都讓人家留下很深刻的印象,0.7016529440879822,8,0.7000771760940552,1,0.696897029876709,17
我曾用另一個新人類作家小林恭二與島田雅彥對比,0.8074740171432495,7,0.6808098554611206,1,0.6755626201629639,3
多家銀行主管認為有失公平,0.7521647214889526,12,0.700937032699585,10,0.6840120553970337,11
最近還有一家雜誌社把上的討論文章放到雜誌內容裡,0.8127065896987915,12,0.7945921421051025,10,0.7497596144676208,11
因為人造衛星是一個國家尖端科技的標誌,0.7172212600708008,1,0.7112774848937988,3,0.7002639770507812,7
不知出現過多少著名的作家,0.6527694463729858,7,0.5653629302978516,8,0.5527663230895996,10
他們才各自回家,0.6069578528404236,4,0.6017645001411438,16,0.5965173244476318,2
而當不幸遭遇家庭暴力時,0.8079860210418701,3,0.761965811252594,1,0.7272214889526367,2
透過國家的政策中介無政策也是一種政策,0.7578526139259338,1,0.7496170997619629,3,0.7256447672843933,2
招收對象不分福佬客家外省籍朋友,0.730951726436615,14,0.6809055209159851,8,0.657946765422821,7
家庭鬧革命了,0.5040139555931091,8,0.50229412317276,15,0.48721301555633545,16
聘請專家學者以各種科學實驗的量化數據鑑定各種門鎖的品質,0.7208888530731201,7,0.717151939868927,2,0.7063138484954834,1
大家都不希望在這一波科技帶來的傳播革命中成為被淘汰者,0.6971543431282043,1,0.6664541363716125,3,0.6573082208633423,10
更使大家心連心,0.7400635480880737,1,0.72232985496521,3,0.681693434715271,2
幾乎考倒了所有的經濟學家,0.6747100949287415,7,0.5631650686264038,9,0.5611477494239807,8
今天家裡沒大人小鬼當家我最神,0.8037815093994141,3,0.7481532096862793,1,0.7127456665039062,2
跨進未鎖的家裡,0.7964053153991699,3,0.7936546802520752,5,0.791398823261261,4
由久掌行政大權且漸離學術研究的大科學家來讚譽吳健雄,0.8002815842628479,7,0.6879739165306091,1,0.6704177856445312,3
被秦始皇下令追捕而離家逃走,0.7807149291038513,3,0.757129430770874,2,0.7364493012428284,4
一位家境貧窮的單親媽媽表示,0.8113477826118469,3,0.7875458002090454,1,0.7452846169471741,2
平時大家各司其職,0.7455966472625732,1,0.7427133917808533,3,0.6816398501396179,12
他的家庭經濟負擔重,0.7996305227279663,3,0.7721160650253296,1,0.6931231021881104,2
有衛生署官員消基會藥品學者法律專家藥品廠商等人參加,0.6979877352714539,7,0.6351867318153381,2,0.6274504661560059,12
是這個星期唱片通路的最大贏家,0.6436479687690735,7,0.630696177482605,13,0.6209813356399536,10
卻把大家老遠帶到郊區的一座野生動物區及海洋世界,0.7330790162086487,1,0.6919923424720764,3,0.6683250069618225,2
不如專家給予真實相關的整體意見,0.7042218446731567,7,0.6939753293991089,2,0.6909615397453308,3
大家先通婚再統一呀,0.7121118307113647,1,0.6701940298080444,3,0.6558679938316345,10
我們帶一些回家當作禮物吧,0.8031867742538452,3,0.7654504776000977,1,0.750840961933136,4
中共國家地震局正密切關注台灣餘震的動向,0.6868268847465515,1,0.6665776968002319,3,0.6336403489112854,2
在西方國家主要是針對企業影響政治領域的情形,0.7468540668487549,3,0.7465484142303467,1,0.6693127751350403,12
美國家庭的借貸總額去年卻成長八七五,0.7520381212234497,3,0.7368696331977844,1,0.6981602907180786,2
有點想念家鄉的肉躁飯想念台灣的電視節目,0.7340194582939148,1,0.7290250062942505,3,0.7018383741378784,2
凡此種種我不得不相信是老天派了個小天使長住我家了,0.8204067349433899,1,0.8192994594573975,3,0.805776059627533,4
專家指出,0.7086560726165771,2,0.7077934145927429,1,0.7070092558860779,3
當已經喪偶的高爸爸說好懷念家常菜時,0.739773690700531,3,0.7354065179824829,1,0.7127976417541504,2
大陸文壇一心一意祝禱知名中國大陸最高齡的文學老人女作家冰心,0.7394601106643677,7,0.6746523976325989,1,0.6552035212516785,3
兩家業者各轉播五場比賽,0.789433479309082,12,0.739567220211029,10,0.7356745600700378,11
但大部分是較年輕畫家的寫實主義作品,0.8097655773162842,7,0.7203311324119568,1,0.711358904838562,2
劇作家一直都是靈魂,0.8451693654060364,7,0.6506941914558411,2,0.6506556868553162,1
她認得蘇普家裡的羊群,0.8464131355285645,3,0.8420525789260864,1,0.8059227466583252,4
然後讓人家感覺說,0.680013120174408,8,0.6771514415740967,13,0.6744415760040283,17
我們覺得該回家了,0.7731508612632751,3,0.7708895802497864,4,0.765358567237854,2
她對家內領域的責任,0.721868097782135,3,0.7098952531814575,16,0.6930652856826782,8
免費指導國小中高年級學童和家長,0.7447167038917542,3,0.7105581164360046,1,0.698261559009552,2
這個變化的一個特點是女性走出家庭,0.7866089344024658,3,0.7345148921012878,1,0.7239654660224915,2
不僅劇情以平民女孩與富家子弟相戀的浪漫情節,0.721523642539978,3,0.7195625901222229,1,0.697178304195404,2
我得養家,0.6289477348327637,8,0.6141056418418884,5,0.5991842746734619,4
而世界最有錢的三個人其資產竟超過個低度發展國家的總和,0.7558438181877136,1,0.7509274482727051,3,0.6987850069999695,2
不要過度凸顯家長會和教師會的重要性,0.745766282081604,3,0.7215221524238586,1,0.682371973991394,2
歡迎大家使用,0.6541227698326111,3,0.6512506604194641,1,0.6093730926513672,10
回到家之後,0.8155549168586731,3,0.7743363976478577,4,0.770756185054779,2
有時為了搶獨家不擇手段,0.6488785147666931,10,0.6328616142272949,8,0.6268017292022705,7
卻傳出多家財團企業跳票倒閉的危機,0.7952327132225037,12,0.7554997801780701,11,0.7442386746406555,10
或是兩家有仇,0.8105973601341248,9,0.7963734865188599,13,0.757318377494812,1
且獨立擁有第一家專賣店,0.8837259411811829,12,0.7864177227020264,10,0.7313036918640137,11
放假回家凡事媽媽打點,0.8243663907051086,3,0.7766265869140625,1,0.7361020445823669,2
但是未獲各國家標準方法採用,0.7187203168869019,3,0.716781735420227,1,0.6987548470497131,7
每家電話公司也裝置了視像多點控制單元,0.7660011053085327,12,0.7567259073257446,10,0.7321398258209229,9
美國天文學家柯伊伯提出原行星說,0.7443810701370239,7,0.6316224932670593,1,0.6243663430213928,12
一個已經成立人權委員會人權諮詢小組種種人權部門的國家政府,0.6878827810287476,1,0.6866326928138733,3,0.6770406365394592,2
臺灣有個搞蛇的專家,0.6511779427528381,7,0.5761881470680237,10,0.571675181388855,8
國家安全不能只靠單一政黨,0.6626077890396118,3,0.6573542356491089,1,0.6363158822059631,2
再者現代細胞生物學家也還找不到鼻嗅器細胞膜上和費洛蒙接合蛋白質受體的完整基因,0.7361363768577576,7,0.656758725643158,1,0.6453384160995483,2
家長拒絕接受,0.39161795377731323,16,0.38909912109375,8,0.383800745010376,15
吾家公園約九重葛或許被照顧得太好,0.7377035617828369,14,0.7124720215797424,1,0.709098219871521,8
而毀損國家形象,0.7162080407142639,1,0.7043541073799133,3,0.6686097979545593,2
對女性抽象藝術家的調查,0.7878618240356445,7,0.6701956987380981,1,0.6487715840339661,3
商家紛紛推出各式各樣的促銷活動,0.731113612651825,10,0.7229456305503845,12,0.714421272277832,9
因說出來會影響到經國先生和他的家屬,0.7592058777809143,3,0.7566455602645874,1,0.7276850342750549,2
也是現時少數幾幅尚在私人藏家手中的梵谷名作,0.7588591575622559,7,0.6947422623634338,2,0.6927813291549683,8
肯亞一個很多元化的國家,0.622108519077301,1,0.6143215298652649,4,0.606110692024231,3
收不上糧食大家都沒飯吃,0.7522120475769043,1,0.7005288600921631,3,0.6769351959228516,2
一魂附在神主牌位受家人供養,0.7744216322898865,16,0.7439547181129456,3,0.7305110692977905,2
從最近的世界盃足球賽可以看出運動比賽可激發大家的愛國心,0.7086273431777954,1,0.6808339953422546,3,0.6705679297447205,12
分享著兩個雞蛋好像是家裡的母雞所生和少許的肉絲拌著青菜,0.8453224897384644,3,0.8334925770759583,1,0.7945127487182617,2
國家命脈一線僅存披髮攖冠拒容忽視等,0.6909965872764587,1,0.6857790946960449,3,0.6568617820739746,7
會讓這些企業家產生很大的疑惑,0.7886655330657959,7,0.707360029220581,17,0.6930487751960754,1
而外廚房是可控制油煙且能料理一些非家常能吃的菜,0.7191160917282104,3,0.7060865163803101,15,0.6906553506851196,8
比方他們有一部以自家小孩的餐會活動為題材的電影,0.8314698934555054,1,0.8031032681465149,3,0.7688990831375122,2
他考慮過國家的前途,0.7370685338973999,1,0.728333592414856,3,0.7141380906105042,2
持續國家經濟的進一步發展與成長,0.6752297282218933,2,0.673162043094635,1,0.6729637384414673,3
希望慈濟可以引導大家發揮愛心,0.7414202094078064,1,0.7164580821990967,3,0.6785057187080383,2
是全台北市唯一一家消防公安檢查不合格,0.7859271764755249,11,0.7548936009407043,12,0.7255659103393555,10
從客家人留傳下來的各種先民文化中,0.7378612160682678,14,0.6845753192901611,8,0.6622892022132874,1
係以攝影家何經泰先生多年來的記錄拍攝的白色檔案為主題的攝影作品,0.841635525226593,7,0.6903988122940063,1,0.6878271102905273,12
也讓玩家在進行遊戲時,0.7078816294670105,1,0.7023754119873047,3,0.686194658279419,7
各家意見和規畫單位設計內容頗有出入,0.730490505695343,9,0.7221672534942627,10,0.7191426753997803,12
開發中國家,0.5353191494941711,8,0.5072309970855713,9,0.505879282951355,4
家族裡就出了四個縣議員三個縣長三個省議員一個國大代表,0.4977000951766968,9,0.48503294587135315,8,0.47828441858291626,14
耶誕老公公會在台上帶大家一起唱耶誕歌,0.746337890625,1,0.7137234807014465,3,0.6833058595657349,12
政府應盡全力協助家屬處理善後工作,0.6574131846427917,2,0.6534878015518188,3,0.6358346343040466,1
然而大家都同意這只是冰山一角,0.7418584823608398,1,0.7088754773139954,3,0.6771720051765442,10
係起自以地主或資本家為主體的私有原理,0.7895739078521729,7,0.7766984105110168,1,0.7627953290939331,3
普新民借住波月吞家竹樓的客廳裡,0.7804067730903625,8,0.7495461702346802,9,0.7486523389816284,14
但台灣建築業者號稱上萬家,0.597217321395874,11,0.5344749689102173,9,0.5342332720756531,8
不過一些生物學家卻擔心,0.7495101094245911,7,0.7134061455726624,1,0.6793726682662964,3
通過美國國家電腦安全協會嚴格測試認證,0.6956680417060852,1,0.6918535828590393,3,0.6821691989898682,2
而且邱創煥又表示他下個月將成立國家發展策進會,0.6708554625511169,2,0.6660815477371216,1,0.6652790904045105,3
卻發現我們的勞動條件還遠遜於其他已開發國家,0.6940442323684692,3,0.6928407549858093,1,0.6400279402732849,2
便不能稱之為已開發國家,0.5626558065414429,4,0.5620918869972229,11,0.5616898536682129,13
女人難道不用養家嗎,0.8049548268318176,3,0.7879818677902222,2,0.7710316777229309,4
科學家們奔向牠所在的地方,0.7007282972335815,7,0.6643258333206177,1,0.655362606048584,3
過去我在日本幾家營造廠看到過一周規定天才准參觀的作法,0.7725268006324768,12,0.7367389798164368,10,0.7365438342094421,11
它就在他住家的隔壁,0.7962778210639954,3,0.7874751687049866,1,0.7850306630134583,4
回家後,0.737788736820221,3,0.7191075086593628,4,0.7154443264007568,2
法蝶家飾副總經理蔡柏廷表示,0.7697628736495972,3,0.7295119762420654,1,0.7033788561820984,2
若個人或家庭的生活長期缺乏保障,0.8154114484786987,3,0.7922813296318054,1,0.7275935411453247,2
博士論文英國的土地與國家,0.6558462977409363,2,0.6497688293457031,4,0.6322147250175476,5
為還我客家權益請願,0.7225497961044312,14,0.7096154093742371,8,0.6914501786231995,2
所以人文社會學者的知名度通常遠大於科學家,0.6568480134010315,7,0.5797656178474426,8,0.5695611834526062,9
成員中至少一半是內外婦兒與家庭醫學科的專科醫師,0.7612515091896057,3,0.727720320224762,1,0.707538902759552,2
當時是迫不及待地衝回家,0.518406867980957,6,0.508190393447876,11,0.4980078637599945,4
她檢視家庭成長的歷程,0.8020722270011902,3,0.7610207200050354,1,0.7207275629043579,2
而今年大陸家電來台銷售特色,0.7299432754516602,3,0.7222506403923035,1,0.675980806350708,2
這方面請大家不妨取法乎上,0.7118362784385681,1,0.7000558376312256,3,0.6702245473861694,10
拿回家和馬鈴薯及胡蘿蔔一起燒成紅燒牛肉,0.7308115363121033,3,0.7137269377708435,1,0.6819981336593628,4
店家也以自家秘方調製羅勒松子醬黑橄欖鯷魚醬及凱撒沙拉醬,0.712475061416626,12,0.6936503648757935,11,0.6931659579277039,10
屆時的家庭結構將不再只限於男與女,0.7917014956474304,3,0.7670945525169373,1,0.7265720367431641,2
現在我是組織生態學家,0.606622040271759,7,0.5759944319725037,8,0.5385332703590393,17
中台禪寺有一家人,0.8068434000015259,1,0.7812865376472473,12,0.776202917098999,9
家人的看法也是左右戀情的一大要素,0.5890825390815735,15,0.5702981352806091,16,0.5628398656845093,8
男人有這種衛星家庭的時候,0.7853794693946838,3,0.7511863112449646,1,0.720144510269165,2
國內環保專家台大環境工程研究所於幼華教授曾在會中一語道出,0.7536511421203613,7,0.7180726528167725,1,0.698885440826416,3
組織了一個殘障家庭,0.7603945136070251,3,0.7413064241409302,1,0.7379814982414246,2
由於在集中營大家都無所事事,0.7635322213172913,1,0.749458909034729,3,0.7006985545158386,2
的複製功能允許你將一份資料庫拷貝帶回家中的筆記型電腦執行和修改,0.8250856995582581,3,0.7541983127593994,2,0.7484591007232666,1
謊言專家,0.6955429911613464,7,0.622563898563385,2,0.6139475703239441,10
結果把國家治理得亂七八糟,0.7580413222312927,1,0.7537261843681335,3,0.7051900625228882,2
大家紛紛坐直,0.6822695732116699,1,0.6474673748016357,9,0.6431635618209839,3
因為年少最大的願望就是能為國家爭取榮耀,0.7243282198905945,1,0.7126502990722656,3,0.702745258808136,7
機能退化的老人家與職業傷害的年輕人共冶一爐,0.7729790210723877,17,0.7485353350639343,8,0.736606776714325,7
國內第一篇研究三家電視台有關女性新聞報導的論文發現,0.7436150312423706,12,0.727530837059021,9,0.7247206568717957,11
大家不由得深深一嘆,0.732146143913269,1,0.7006072998046875,3,0.6730132699012756,10
我們大家同樣的針對剛才的這些錯誤的方式,0.6967621445655823,1,0.6565314531326294,3,0.6472232341766357,10
家長老師總覺得,0.3857978284358978,15,0.3760351538658142,8,0.35570478439331055,6
他和他當家的烽火村都大紅大紫,0.7628809213638306,1,0.7450318932533264,3,0.7343249320983887,4
是在媽媽被送到中途之家不久後,0.7920698523521423,4,0.7774258255958557,2,0.7759212255477905,5
除了選擇一家好的,0.8228392601013184,10,0.7856014370918274,11,0.7747706770896912,12
為四十位社會人士講了十次儒家學說,0.7140733003616333,1,0.7039393782615662,7,0.6992628574371338,3
對民族國家的滿腔熱血,0.692512571811676,1,0.6876232624053955,3,0.6597435474395752,4
希望每個人都能把你所想像的或看到的公園舖面樹木道路活動講給大家聽,0.7298080325126648,1,0.7085105776786804,3,0.6891043186187744,12
而許多非西方國家的政客們也熱中於減稅,0.7633878588676453,1,0.7538381218910217,3,0.6914036870002747,10
遙遠的家鄉,0.702638566493988,4,0.6472647786140442,5,0.6433712244033813,2
再找一家情味十足的花草店用晚餐,0.8363771438598633,12,0.7967550754547119,10,0.7807060480117798,11
又教大家該怎麼辦,0.6682825684547424,1,0.6633368134498596,3,0.6546896696090698,10
專選擇老人家為對象,0.7866066694259644,1,0.7699606418609619,3,0.7562472224235535,7
標準普爾公司決定維持台灣的國家主權評等不變的原因,0.7052558064460754,3,0.7022148966789246,1,0.656224250793457,12
林葆家民國四年出生於豐原世家,0.6470300555229187,16,0.6283807158470154,8,0.6170940399169922,14
還是不敢令行家放心,0.6940270662307739,7,0.684802770614624,8,0.6813902258872986,9
國家競爭力定義,0.6917358040809631,3,0.682559072971344,1,0.6602523922920227,7
各個人都想背一百分回家,0.5133369565010071,6,0.49982208013534546,8,0.4867156147956848,16
是關於美國數學家諾貝爾經濟獎得主約翰納許傳奇的一生,0.7905731797218323,7,0.7006643414497375,1,0.6727409958839417,3
因此該廟為由鄭家子孫世襲出任管理,0.7826589345932007,14,0.744070827960968,1,0.7409840822219849,9
紐約作曲家約瑟,0.7604429721832275,7,0.6461596488952637,1,0.6390433311462402,3
專家又怎麼可能來陪我們讀書呢,0.7681208848953247,7,0.6719954013824463,2,0.6655858755111694,3
講這些的始終就只有述而不作的儒家了,0.7382130026817322,7,0.7149373292922974,1,0.6967042684555054,3
徹夜不眠地和老朋友閒話家常,0.7054859399795532,3,0.6602563858032227,2,0.6588204503059387,1
不然為何富豪之家競相取住於此,0.772957980632782,3,0.7622964978218079,1,0.7260310053825378,2
小孩們又玩起辦家家酒的遊戲,0.6646885871887207,4,0.6589146852493286,2,0.6500170826911926,5
舜就請益掌管打獵捕魚和馴養家禽家畜,0.7298514246940613,1,0.7224281430244446,3,0.7075318098068237,15
掌握未來資訊產品家電化的產業脈動,0.7064907550811768,3,0.6791396737098694,2,0.6709789037704468,1
校園和家庭都應再加強注意清潔,0.8214989304542542,3,0.7622862458229065,1,0.7446964383125305,2
才能真正的超越先進國家,0.5499406456947327,7,0.5458513498306274,8,0.5407308340072632,17
物理學家一時不知道應往什麼方向追尋,0.7207680940628052,7,0.6740947365760803,1,0.638617217540741,3
附設餐飲設備衛生待改善的有南屯中正長春及省立游泳池等四家,0.601994514465332,11,0.5729904174804688,9,0.5297423005104065,12
而佛家是日所辦盂蘭盆會,0.6987838745117188,9,0.6974614858627319,8,0.6816275119781494,7
我不打算回家投票,0.8025673627853394,3,0.755605161190033,2,0.7482771873474121,4
馬上面對的是家庭和社會的責任,0.7969915270805359,3,0.7791742086410522,1,0.7162461876869202,2
荷蘭孟加拉及埃及等國家就會完全消失,0.7259168028831482,3,0.7221567630767822,1,0.6889858245849609,4
包括長崎縣的森林之家荷蘭村肥前夢街道及西海樂園,0.7132222652435303,4,0.7017500400543213,2,0.6888161301612854,7
因此在節慶的兩日之中每一家庭的糧食供應暫時性地停頓,0.8142573237419128,1,0.7970018982887268,3,0.7628428339958191,2
上校和這個國家的英雄,0.7505198121070862,1,0.7212948203086853,3,0.690531849861145,7
很多國家認為既然遵循了與貿易有關的智慧財產權協定,0.7551438808441162,1,0.7499750256538391,3,0.6850482225418091,2
創作組的比賽方式也從早先的可帶回家寫,0.7567418217658997,3,0.7511191368103027,4,0.7369586825370789,2
並且在附近開了這家花店,0.8553610444068909,12,0.7884663343429565,10,0.7700081467628479,11
當華東人民政府和私營企業局的千家駒就是否應將山東兩座煤礦交還原擁有者的問題發生爭執時,0.6486253142356873,9,0.6484768390655518,11,0.6303653717041016,16
二十五日零時起調漲工業用家庭用液化石油氣價格,0.7349085211753845,3,0.7016223073005676,2,0.6764362454414368,1
家戶平安,0.45747512578964233,8,0.44758155941963196,16,0.43778568506240845,15
還包括首相小說家藝術家和著名學者的大腦,0.7754650712013245,7,0.6500449180603027,2,0.6382068395614624,8
家熙,0.4983654320240021,16,0.47759586572647095,8,0.4675922691822052,9
相較於其歐洲他國家法國於一八一四年英國於一八二五年荷蘭於一八七五年成立漢學系所,0.6738016605377197,3,0.6684698462486267,1,0.653807520866394,10
家人聽了他的話,0.7065800428390503,16,0.6550493240356445,8,0.639586329460144,15
你們是去那兒跟人家搗亂的,0.7377041578292847,1,0.737471878528595,8,0.7091132998466492,17
意識形態國家機器不僅一再強調紅葉隊出身清寒,0.6968249678611755,7,0.676192581653595,2,0.6673948168754578,1
新家附近的高爾夫球場倒是個絕佳的去處,0.7859787344932556,4,0.7722992897033691,3,0.7681419253349304,5
她對方鴻漸的家世略有所知,0.7778156995773315,1,0.7726171016693115,3,0.7075522541999817,2
有的是心疼自己孩子被托育者家中其他的大孩子欺負,0.8428362011909485,3,0.8195328116416931,1,0.7663165330886841,2
子孫沿襲家風是件值得傳頌的佳話,0.7531103491783142,3,0.7303300499916077,1,0.6980624794960022,2
放學回家同學們正在排路隊時,0.7275527119636536,3,0.6874802112579346,4,0.6856487989425659,1
它是古代中國與西方國家交往的重點轉運站,0.7384017705917358,1,0.7236354947090149,3,0.6911190152168274,7
要家人去搬,0.7399378418922424,16,0.7359264492988586,3,0.7074004411697388,1
我們要特別將藝術家畫為一個範疇,0.8059461116790771,7,0.6452668905258179,13,0.6393318772315979,2
台灣地區電鍍工廠多為家庭式衛星加工廠,0.7969692945480347,3,0.7517068982124329,2,0.7432771921157837,1
首次來華參加第三屆會長杯棒球賽的蘇聯棒球國家代表隊,0.6976760029792786,12,0.6939986944198608,1,0.6799797415733337,7
帶著家人一路來到了台灣,0.7725354433059692,3,0.7528500556945801,1,0.7198978662490845,4
要大家負起中國人的歷史責任,0.6825472712516785,1,0.65301913022995,3,0.6478093862533569,12
便很快的回家去,0.8012374639511108,3,0.7409261465072632,4,0.7331739664077759,1
邀請相關學者專家提出寶貴的經驗,0.7210739850997925,1,0.7183020114898682,7,0.7105075120925903,3
譬如作曲家王洛賓,0.7881670594215393,7,0.701759397983551,1,0.6938802599906921,3
大家好,0.6403785347938538,1,0.6362012028694153,3,0.6175248622894287,7
以藝術家和大學生為主的顧客,0.7758513689041138,7,0.6950371861457825,1,0.6871869564056396,2
一一變賣的家產中氣憤地發現,0.7868351340293884,3,0.7755115628242493,1,0.7413644790649414,2
許多國家的電話公司目前一方面進行寬頻網路的實驗,0.7743520736694336,1,0.7531484961509705,3,0.7053561210632324,2
大家要多加小心,0.6645883917808533,3,0.6554998159408569,1,0.6278830766677856,10
全世界各地的偉大藝術家應先在德國共聚一次,0.783057689666748,7,0.672728419303894,1,0.656948447227478,12
且獲贈皇家卡洛斯三世皇家劇場週年紀念獎章,0.6569881439208984,1,0.6395891308784485,2,0.6387768387794495,3
遺憾不能陪大家走一趟薩伊,0.7287669777870178,1,0.697235643863678,3,0.6746268272399902,10
於是馬上跑到劉玄石的家裡,0.8072782754898071,3,0.7775172591209412,4,0.7677273154258728,1
加盟店有六十五家,0.668119490146637,11,0.5913625955581665,12,0.5881066918373108,9
當歷史家研究相同主題的各方面,0.7634759545326233,7,0.6526433229446411,8,0.6326409578323364,9
他牠們關係親密宛如一家人,0.8134809732437134,1,0.7809498310089111,3,0.7692826986312866,2
第三層次是家庭主婦職業婦女老年婦女單親母親受虐婦女五類婦女個別問題,0.7850005626678467,3,0.7615049481391907,1,0.7222679257392883,2
因為他是武壇第一個嚴肅面對自己作品的作家,0.6378834843635559,7,0.5828691720962524,9,0.5493899583816528,8
我們在短期內聯繫邀請了數位畫家提供作品,0.8132648468017578,7,0.7061644792556763,2,0.7055923342704773,13
要他飾演中年凸肚又禿頭的劇作家,0.660407304763794,7,0.6033980250358582,17,0.5677802562713623,8
德川家康的子孫在日光的山中建造了一座寺廟,0.7280809283256531,1,0.718954861164093,3,0.6516741514205933,12
副內政部長黃家定要求民眾密切注意媒體報導,0.6393776535987854,16,0.5815473794937134,8,0.5775013566017151,14
每天打球回家門關上就只會打電動玩具,0.7823783159255981,3,0.7272562384605408,1,0.7212010025978088,4
年前落成的墾丁國家公園管理處,0.7055019736289978,1,0.6746082901954651,3,0.6600399613380432,12
家計幾陷入絕境,0.37133505940437317,16,0.36989569664001465,8,0.36280345916748047,15
他訪問目的是勸這個家長,0.7282606363296509,3,0.7130199074745178,1,0.6845241785049438,2
假設各有十人前往二家幫忙,0.8171071410179138,9,0.7962428331375122,13,0.7683981657028198,8
但多半談的是漢代以後變形的道家,0.6185435652732849,9,0.6055282950401306,8,0.5871952772140503,7
一家報社的記者突然問道,0.7985309362411499,12,0.7572247982025146,1,0.7546142935752869,11
股票被套牢及因六合彩賭博導致傾家蕩產的比比皆是,0.739810049533844,2,0.713469386100769,1,0.7133226990699768,3
由九月至今已訪視過的五百餘家廠商來看,0.7918944358825684,12,0.7580691576004028,10,0.7505351901054382,11
那家館子不但服務好,0.814848005771637,12,0.7985183596611023,11,0.7908843159675598,10
法國畫家德拉克洛瓦在西元一八三二年到過這裡,0.7612205743789673,7,0.6832399964332581,1,0.6548588275909424,3
職業小說的作家往往採取炫目的職業,0.7580431699752808,7,0.6904069185256958,3,0.6742315888404846,1
三年前徐帶領徐家班教練及前味全龍隊球員加盟那魯灣,0.7655145525932312,14,0.7504897713661194,9,0.7311757206916809,8
每天傍晚回家以後,0.8246504664421082,3,0.7657631635665894,1,0.7502915263175964,2
大家可以用這樣的帶動嘛,0.6931669116020203,1,0.6829491853713989,3,0.6374646425247192,10
安賓則有五家,0.7254222631454468,11,0.6996905207633972,9,0.6894371509552002,12
在這方面也是專家了,0.7513153553009033,7,0.7036370635032654,1,0.69621741771698,3
並找來曾獲得國家聲樂獎,0.6570031642913818,1,0.6430038213729858,3,0.6336598992347717,7
現在彭元帥被軟禁在吳家花園的院墻之內,0.7234887480735779,14,0.7081701159477234,8,0.7057856917381287,1
家裡的小孩都到遠遠的北方去追求另一種嶄新的生活至少那時候要離家的我們對未知的遠方都是充滿憧憬的,0.34518441557884216,8,0.34335342049598694,6,0.3426297903060913,15
他們不是專家學者,0.7326164245605469,7,0.7122958898544312,3,0.7099973559379578,2
與昇陽合作密切的電腦公司便有一百家以上,0.7906766533851624,11,0.7869927287101746,12,0.7574371695518494,10
大家早,0.6129968762397766,16,0.5997408032417297,1,0.5974546074867249,4
讓大家都可稍休息,0.7371312379837036,3,0.7294570207595825,1,0.675753653049469,2
就可以回家了,0.7969515323638916,3,0.7400973439216614,1,0.7393830418586731,4
王安在這一方面是一個專業的行家,0.5407305359840393,17,0.530377984046936,8,0.511472761631012,7
書本教你頂撞老人家嗎,0.7751322984695435,1,0.7730948328971863,7,0.7518088221549988,17
使家長能充分了解後,0.6511755585670471,3,0.6212744116783142,2,0.5951729416847229,16
應以道家為代表,0.7061417102813721,7,0.6860356330871582,1,0.6783270835876465,3
對家庭之外的諸多事務感興趣,0.8233652114868164,3,0.7500845193862915,1,0.7160064578056335,2
真是跌破了一堆好萊塢專家的眼鏡,0.7385841608047485,7,0.6974751353263855,1,0.677289605140686,10
這對親家就像一家人似的,0.7934221029281616,1,0.7622697353363037,3,0.7291630506515503,8
許多家教中心,0.6487177610397339,16,0.6475589871406555,3,0.6461907625198364,2
常常可看見全家大小來到林場,0.8314006924629211,1,0.8133282661437988,3,0.7547525763511658,2
因為出家是大丈夫事,0.7177038192749023,3,0.6972911953926086,1,0.6802772879600525,2
上海當時有一家書店,0.8407847285270691,12,0.7639487385749817,10,0.7381817698478699,11
大陸的這些婦女問題也是發展中國家普遍存在的問題,0.7453955411911011,3,0.7444084286689758,1,0.6771618723869324,2
是我國首家獲得認證通過的化學公司,0.729534387588501,12,0.7153151035308838,10,0.6800704002380371,1
路過自己的家門口,0.8342729210853577,4,0.8183342814445496,3,0.7905452251434326,5
可以幫助大家了解四度空間,0.7140944600105286,1,0.6993484497070312,3,0.6488711833953857,10
台北醫學院家庭醫學科主任,0.7066445350646973,3,0.6743274331092834,1,0.6737735271453857,2
大家第一個想到是備援,0.69548499584198,1,0.6714280843734741,3,0.6614726185798645,10
也是大家最為耳熟能詳的名曲,0.7234559059143066,1,0.6903212666511536,3,0.6707397103309631,2
但做為動物學家,0.7349599599838257,7,0.6396326422691345,1,0.6377539038658142,3
多家旅行社高階主管表示,0.7713961601257324,12,0.7322368621826172,10,0.7247430086135864,11
讓玩家輕鬆利用電腦製作具有影音特效的電子耶誕卡,0.7011107206344604,7,0.681746244430542,1,0.6731917262077332,3
遇到有乞丐徘徊家門口時,0.7974156141281128,3,0.7583009004592896,4,0.7576358914375305,2
裡面的奧宮社殿則是德川家康在年所建,0.7105021476745605,1,0.7054643034934998,3,0.648215115070343,12
店家出售價格則隨每家租金,0.7300680875778198,13,0.6857141256332397,9,0.6774380803108215,10
但在元四大家這本指標性的著作中,0.7052966952323914,7,0.6772904396057129,1,0.6573079228401184,12
再外帶一隻螃蟹回家,0.5223711133003235,11,0.5046537518501282,16,0.5016069412231445,4
曼哈頓一家酒吧以及紐約上州一家被解雇的中年員工聚集的咖啡店等地進行訪問的心得,0.8030596375465393,12,0.75239098072052,1,0.7199190258979797,10
此外國家更設立返鄉基金會以提供職業與居住所需花費的貸款以及一次的緊急救助金,0.7298582196235657,3,0.7215852737426758,1,0.7104308605194092,2
於是便垂頭喪氣的走回家去,0.8319871425628662,3,0.7792395353317261,1,0.7540618181228638,4
否則玩家最後就得不到心愛女孩的吻,0.7047367095947266,7,0.7042493224143982,1,0.693629801273346,13
其抑揚頓挫慣用詞幽默與獨家螺絲,0.6517432332038879,9,0.6510598659515381,7,0.6481921672821045,10
為要滿足不同性別年齡的所有家庭成員之需,0.7922431826591492,3,0.767968475818634,1,0.726896345615387,2
這三位畫家都有近半世紀的藝術創作歷程,0.757758378982544,7,0.6889604926109314,1,0.6830233931541443,10
英文的同時有道教信徒和道士和道家的意思,0.8090769052505493,7,0.7532551884651184,9,0.7353618741035461,8
血脈賁張的畫家則以巨輪自磔,0.7633370757102966,7,0.6883174777030945,1,0.6731845736503601,12
這些男作家其實反射了男人們的集體潛意識,0.7938309907913208,7,0.6503633260726929,8,0.6368324160575867,17
由於網際網路本身係以電子郵件起家,0.49034735560417175,11,0.48680227994918823,4,0.4864782989025116,17
誠如台灣民謠專家簡上仁先生所說,0.7681247591972351,7,0.7065657377243042,1,0.690807580947876,3
特別派遣當家行政主廚曾秀保,0.6962435245513916,11,0.6896582841873169,9,0.6875386238098145,12
新埔的陳家為當地五大姓之一,0.7811821103096008,1,0.7740465998649597,14,0.7320698499679565,3
我家的門鎖安全可靠嗎,0.7687720656394958,1,0.765604555606842,3,0.6985511183738708,2
此國家公園被畫為部分,0.6531631946563721,1,0.6362950205802917,3,0.6295832395553589,2
得讓一家人的活動重點由室內移到室外,0.7908936738967896,1,0.7732712030410767,3,0.7243034839630127,2
但有幾家公司確實做到了,0.7732440233230591,10,0.7699220180511475,12,0.7383169531822205,11
就在她家的院子前,0.7843010425567627,1,0.7770390510559082,3,0.7408542633056641,4
而且還可以把喜歡的書借回家,0.5958856344223022,3,0.5491145849227905,4,0.5481042861938477,6
二十家美國頂尖的企業包括福特汽車英代爾克萊斯勒亞美和石油殼牌石油惠普摩托羅拉等在財星雜誌美國五百大排行前二十五名的企業,0.7625630497932434,11,0.7575048208236694,12,0.7213065028190613,10
因勞動力與資本的再結構的需要及石油危機後國家經濟國際化自由化政策的催生,0.7445889115333557,1,0.740848958492279,3,0.7179791927337646,2
其他五家公民營行動電話公司多半因異常忙線或停電造成部份區域通訊中斷,0.7859901189804077,12,0.7599067091941833,10,0.7419196963310242,9
嚴啟昌處長向死者家屬擔保,0.7202170491218567,1,0.717735767364502,3,0.7058334350585938,2
家不再是避風港,0.5873201489448547,8,0.5843929648399353,15,0.5834420919418335,5
有的就只是和鄰居表弟妹們一起玩辦家家酒打打躲避球,0.6386526823043823,8,0.6363809704780579,16,0.6284439563751221,13
善良的賀顯霖把白兔帶回家療養,0.8163212537765503,3,0.7905961871147156,4,0.785856306552887,1
歐洲幾家大車廠都摩拳擦掌,0.7582488059997559,12,0.7446909546852112,10,0.7357537746429443,1
這種皮膚炎與病患或其家人具有其他過敏性疾病,0.7675280570983887,1,0.7673375010490417,3,0.7219550609588623,2
中共國家媒體顯然淡化雙方對人權問題的分歧,0.6351889967918396,12,0.6320652365684509,1,0.6264849305152893,9
所以我們想請教大家的就是,0.713948130607605,1,0.6996957659721375,10,0.6993083357810974,3
大聲說他們的家務事,0.8141538500785828,3,0.7503505945205688,1,0.7314978837966919,5
把家妻小安頓好,0.7281076908111572,16,0.7201013565063477,8,0.70338374376297,15
我想這也是所有男性作家較難深入發揮的部分,0.7862120866775513,7,0.6436719298362732,8,0.6404691338539124,17
即使一個國家擁有其中某些因素,0.7110543251037598,1,0.7096582651138306,3,0.6721938848495483,2
全景式天窗還是各家車商展出重點,0.7011878490447998,10,0.6971747279167175,12,0.6524490714073181,9
群眾都敞開了家門,0.7860309481620789,5,0.7504026293754578,4,0.7207956910133362,2
是要到溪尾街一家六合彩簽注站簽賭,0.7921154499053955,12,0.7673534750938416,1,0.749528169631958,10
然後家庭又很不和諧,0.8041017055511475,3,0.7638721466064453,1,0.7103738188743591,2
要養活一大家子,0.8299461603164673,1,0.7688789367675781,3,0.7317778468132019,2
終究稀釋不了這位落難王孫蓄積在思想深處的國仇家恨,0.6447214484214783,8,0.6431005001068115,17,0.6427096128463745,7
第一家庭可謂費盡心思,0.7794936299324036,3,0.7783852219581604,1,0.7176543474197388,2
大家褪去了原來扮演的角色和頭銜,0.6249679327011108,9,0.6156718134880066,12,0.6095132231712341,13
霧社東埔太魯閣國家公園東海岸觀光特區,0.6838622093200684,1,0.6607922315597534,3,0.6583386063575745,2
在早已調來廬山待命的國家游泳隊十幾名健將的圍護下,0.7346153855323792,1,0.7058548927307129,3,0.6638064384460449,12
青林兒童藝術寶盒一套八本書分別介紹了畢卡索夏卡爾雷諾瓦梵谷秀拉莫內盧梭和高更等八位畫家,0.7526195645332336,7,0.6710448861122131,1,0.6704379320144653,10
相信這也是病人及其家屬所期待的,0.7465791702270508,3,0.740532398223877,1,0.7059252262115479,2
擇取吉日為神像開光請神筆者沿用道家儀式,0.7386966347694397,14,0.7277124524116516,1,0.715194821357727,3
在廣九車廂中一位逃亡的中共文藝作家,0.6847931146621704,7,0.5937743782997131,2,0.5836358070373535,12
用我們家的傳統方法精心烹調,0.8113225698471069,1,0.7838137149810791,3,0.7386208176612854,4
新一代的子女在環境的配合下如何發動家戶內權力革命,0.7428576946258545,16,0.7276158332824707,3,0.7070606350898743,8
現在是一家公司的負責人,0.8100537657737732,12,0.7518734931945801,1,0.7509871125221252,10
中心可提供採購規格供大家參考,0.699531078338623,1,0.6926939487457275,3,0.6907631754875183,10
殘障家庭及家境清寒而未能申請到其他助學金者優先核發,0.7555533647537231,3,0.7375898361206055,1,0.7095609903335571,2
共產主義國家紛紛加入自由市場競逐,0.745018720626831,1,0.7320274710655212,3,0.6883009076118469,10
玩到半夜還不回家,0.493263304233551,8,0.47961369156837463,16,0.4794146716594696,6
主張台灣為一主權獨立的國家,0.6430562734603882,3,0.6305429935455322,1,0.6100202798843384,7
仿照歐美國家,0.6105663180351257,9,0.6098359227180481,7,0.6037065982818604,8
許多受難家屬在場,0.7274560928344727,2,0.7132832407951355,1,0.7123020887374878,3
進而順利的找到收養家庭,0.7244929671287537,3,0.7216091156005859,1,0.7181558012962341,5
並受很多專家認定是不可多得的好琴,0.7195211052894592,1,0.7178803086280823,3,0.7073624730110168,7
初賽有客家歌,0.7782374024391174,14,0.6776356101036072,8,0.6482192873954773,16
大陸專家認為,0.722766101360321,3,0.7192110419273376,1,0.6820530891418457,2
南自斜橋徐家匯路沿河至徐家匯橋,0.73395174741745,1,0.6901248097419739,3,0.676884651184082,12
自淫的哲學家雖然滿面苦惱,0.7811623811721802,7,0.7117452621459961,1,0.7044373154640198,3
從越洋搬家買房子買車買保險為孩子找學校,0.7597487568855286,3,0.7287826538085938,1,0.7077466249465942,4
但富士比雜誌著名專欄作家布洛特博士,0.7332254648208618,7,0.715664267539978,1,0.7040383219718933,3
我們兩個人都不要蹺家了,0.7282359600067139,4,0.6988503336906433,3,0.6908336281776428,8
全省系統一度高達五六百家,0.6121435761451721,11,0.5807034969329834,9,0.5343483090400696,8
家人原本同情她,0.4904671013355255,16,0.4607902765274048,8,0.4597872793674469,15
由於會期間監察院長王作榮向新黨市議員鄧家基陳情抗議垃圾費過高,0.7248296141624451,16,0.6722813844680786,14,0.6713268756866455,8
江澤民指揮江家班的人馬已經拉開了倒胡鬥爭的序幕,0.6752985715866089,14,0.6678811311721802,8,0.6573873162269592,16
失主分別為新城秀林吉安壽豐花蓮等地的收藏家,0.7286711931228638,7,0.6531461477279663,8,0.6321520209312439,9
或是像一般住家喜歡用圍牆與鄰居相隔,0.7624785900115967,3,0.7533487677574158,1,0.734451174736023,2
圓環有著大家太多成長記憶,0.6910206079483032,1,0.6729882955551147,4,0.6658778190612793,3
他會做一個家庭的捍衛者,0.8094114661216736,3,0.7745255827903748,1,0.7363727688789368,2
在這裡要向大家所有觀眾,0.6273739337921143,1,0.6167800426483154,9,0.6082009673118591,13
說不定你會是小作家史洛普第二呢,0.8188440203666687,7,0.6817867755889893,1,0.6672747135162354,2
他一直奔到家裡,0.835258424282074,3,0.7908256649971008,1,0.7819705009460449,4
僅剩荷蘭銀行一家提供持卡人全程意外保險,0.7827742695808411,12,0.7808050513267517,11,0.773000180721283,10
她又回到蘭嶼家鄉,0.7592896819114685,4,0.7468976378440857,3,0.7309902906417847,16
當人家的臨時褓姆,0.7537127137184143,1,0.7418234348297119,8,0.7173506021499634,17
例如法國大畫家梵谷即是一例,0.7608968615531921,7,0.693622887134552,1,0.6787484288215637,3
還要有尊嚴有力量有翻身當家作主打拼的政治力量,0.7405070662498474,3,0.7348911166191101,2,0.733380913734436,1
我家就有一張布做的像牆壁那麼大的劉德華海報呢,0.7993988990783691,3,0.7838902473449707,1,0.7400256991386414,4
也令不少家長夜半掉淚,0.7116957306861877,3,0.6795528531074524,1,0.6614234447479248,2
成了家裡的一份子,0.7956441044807434,3,0.7575192451477051,1,0.7130629420280457,2
一家擠在小小的公家宿舍裡,0.8197379112243652,1,0.7781445980072021,3,0.7435868382453918,2
帶給人家笑容,0.7226115465164185,17,0.707698404788971,8,0.6802931427955627,7
尤其是非洲的一些國家,0.6407418847084045,1,0.6367049217224121,3,0.6188603639602661,10
亦是即將上櫃的國內第一家餐廳,0.8668903112411499,12,0.7870246171951294,10,0.7832257747650146,11
衛生署將授予醫療團與醫師們家庭醫師認證,0.7043210864067078,15,0.6801804900169373,2,0.6779767274856567,3
不但可以存入家中視聽中心的伺服器和運算中心,0.8082063794136047,3,0.7381075620651245,1,0.7376886606216431,2
報載有些年輕攝影家,0.6447016596794128,7,0.5745806097984314,8,0.5725404024124146,9
儘管許多女性跨出了家庭的侷限,0.8160431981086731,3,0.7710230946540833,1,0.7456002831459045,2
翌日回家一看,0.7950125336647034,3,0.7371681928634644,2,0.7370848655700684,16
大家分來嘗嘗,0.6957082748413086,1,0.6726647019386292,3,0.6548887491226196,10
家人及親友也扮演重要的角色,0.5616519451141357,15,0.5503894686698914,16,0.5250760912895203,8
由以上數據可看出不管是一般民眾或是病患家屬,0.7469565868377686,1,0.7377387881278992,3,0.7133374214172363,2
國土規劃是由專家設計,0.7732843160629272,7,0.7362111806869507,2,0.7152807116508484,3
反正就是大家信得過的,0.7065694332122803,1,0.6902586221694946,10,0.6841710805892944,3
天主教善牧基金會邀請熱心公益活動的名主持人張小燕台灣高鐵董事長殷琪名舞蹈家羅曼菲名作家張淑芬台積電董事長夫人,0.8005240559577942,7,0.7050093412399292,1,0.7018473744392395,12
一齊為提升失智者及其家屬的生活品質而努力,0.7915844917297363,3,0.7800538539886475,1,0.738549530506134,2
每家都將推出多款的手機遊戲,0.793281614780426,9,0.7811846733093262,13,0.724023163318634,11
牟先生是當代新儒家的最後一位大師,0.7393559813499451,7,0.7210211157798767,1,0.7160600423812866,3
都是有輝煌前途的企業家,0.6964330673217773,7,0.6260691285133362,9,0.6133248209953308,17
我要回家的時候,0.812181293964386,3,0.7848173975944519,4,0.766196608543396,2
統治這個國家的,0.7473137974739075,1,0.7257874011993408,3,0.7025048732757568,10
隨後又擴展為兩家中國手工藝品店,0.8481040000915527,12,0.8056671619415283,11,0.7529072165489197,10
豎立在歐洲國家首都的最後一座蘇聯大獨裁者史達林的銅像在阿爾巴尼亞首都地拉那市碩果僅存的一座,0.7703856825828552,1,0.7596615552902222,3,0.7197759747505188,2
而對以色列這個國家,0.6697342991828918,1,0.6620878577232361,3,0.6408755779266357,12
典型代表人物便是法國女作家皮桑,0.7697826623916626,7,0.6921855807304382,1,0.6879985928535461,3
台北有兩家專門進口泰國香料的專賣店,0.8693239092826843,12,0.7989100217819214,10,0.7838066220283508,11
帶領我們一群小孩到上部落的大姑姑家拜年,0.786356508731842,4,0.7756105661392212,1,0.773145318031311,3
家鄉前途吉凶難卜,0.4891210198402405,8,0.4876406192779541,16,0.45805439352989197,15
藉著主要人物老漫畫家和他的女兒,0.7732198238372803,7,0.642982542514801,1,0.6338669061660767,8
毫微米實驗室為一開放的國家實驗室,0.6831195950508118,12,0.6801426410675049,1,0.6796379685401917,2
亦針對家用電腦而來,0.8122717142105103,3,0.7708004713058472,1,0.7470948696136475,2
使他維持著一個台灣人資本家的起碼格調,0.7951368093490601,7,0.7500950694084167,1,0.7387458086013794,3
耶誕節是家人團聚的時候,0.7838883996009827,3,0.7611731886863708,1,0.7267057299613953,2
將是國家難以承受的負擔,0.7110610604286194,1,0.707401692867279,3,0.6917078495025635,2
不同是原住民農民客家人和台獨憲改,0.6933392286300659,14,0.654802680015564,8,0.6172006726264954,7
獎品包括汽車家電用品等,0.7610793113708496,3,0.738160252571106,1,0.7206023335456848,2
他家開電動間的,0.763037919998169,3,0.7485429048538208,1,0.7445583343505859,4
首度在美國為威狄康公司推出系列家具,0.7459652423858643,3,0.6983252167701721,2,0.6896172165870667,1
好讓忠沛與公孫家族成員隨時掌握老頭那張已經成為家族命運指標的臉孔,0.8149223923683167,1,0.7725791335105896,3,0.7242841124534607,12
大家都還能接受目前的情形,0.715299665927887,1,0.6975794434547424,3,0.6797090172767639,2
唱出她對朋友家人戀人的愛,0.7247989177703857,3,0.7147701978683472,1,0.705588161945343,16
將以同意林家福污點證人身分調查,0.7243586182594299,16,0.6947892308235168,7,0.6829540133476257,1
它不僅給國家社會帶來很大的財富,0.7435804009437561,1,0.7239700555801392,3,0.6772929430007935,2
並期貫徹刑事訴訟法無罪推定偵查不公開原則少年事件處理法及與世界先進國家制度同軌,0.699424684047699,3,0.6837958693504333,1,0.675538182258606,2
他從美國一家飛機製造廠退休以後,0.7835355997085571,12,0.7789270281791687,1,0.7493265271186829,10
美國國家安全顧問史考古羅表示,0.693317174911499,1,0.6858218908309937,3,0.6461820006370544,2
我選擇非法遊行暴力示威身家財產人人自危的原因是,0.7085321545600891,2,0.6841053366661072,3,0.6699025630950928,1
就是杜絕對戰爭中國家的武器銷售,0.736110508441925,13,0.7251723408699036,1,0.7243279218673706,3
原本被大家視為不衛生,0.7256457805633545,1,0.7043763399124146,3,0.6693722009658813,2
三零年代的白薇以打出幽靈塔首度將一女性鬼話和盤托出被幽閉的女性家族的詛咒陰濕古老的廳堂詭魅的幻影,0.7868983149528503,1,0.7796885967254639,3,0.7368401288986206,2
也許我從這段路走回家,0.5521157383918762,6,0.5503779053688049,4,0.5486084222793579,8
在民主國家中,0.7219033241271973,1,0.7174965739250183,3,0.6579861640930176,2
買到便宜家電,0.7177799344062805,6,0.7040266990661621,3,0.6524680256843567,2
專家表示,0.7008728981018066,7,0.6975809335708618,2,0.6922196745872498,3
大家都很高興,0.7243016958236694,1,0.7036066055297852,3,0.6649604439735413,2
大家來競選嘛,0.6618872880935669,1,0.628824770450592,3,0.6240751147270203,12
就是因為發現歌頌生命歌頌自然不必老是靠詩人文學家藝術家或是畫家聲樂家,0.8007243275642395,7,0.6862045526504517,1,0.682228684425354,10
祖父有一搭沒一搭的追憶是家族到過的最遠的時空,0.7420867681503296,1,0.7182654738426208,3,0.6877857446670532,16
集收藏家鑑賞家書畫家學者等多重身分於一身的王季遷,0.7755549550056458,7,0.6608241200447083,8,0.6296188831329346,2
來幫助家裡過日子,0.7918660640716553,3,0.7465726137161255,16,0.7434350252151489,1
我現在急著把這些話跟大家講,0.7259436845779419,1,0.6969678997993469,12,0.6924183368682861,3
於是他家從此歸於平靜,0.83037930727005,3,0.8171560764312744,1,0.7717450857162476,5
大家都把這個問題想得太單純了,0.7060802578926086,1,0.6925145387649536,3,0.6701193451881409,10
家裡開了一家皮鞋店,0.4635506272315979,8,0.4462480843067169,16,0.4307776689529419,6
同時藝評家及收藏家也必須獨具慧眼,0.7928155660629272,7,0.707575261592865,1,0.7008950114250183,3
大家都點頭了,0.7236893773078918,1,0.6904358267784119,3,0.6702510118484497,10
家庭才是我的最愛,0.5051765441894531,8,0.5045567750930786,15,0.48904693126678467,16
在六個評比國家僅勝過韓國,0.7307291030883789,1,0.7268969416618347,3,0.6750870943069458,10
果然此後她有意和娘家疏遠,0.7676893472671509,1,0.7560234665870667,8,0.7490181922912598,16
花蓮訊花蓮家扶中心貝汝流通世界可口可樂公司聯合舉辦的一張發票千萬心義賣愛的恤活動,0.6903294920921326,3,0.6703336834907532,16,0.670289158821106,2
他甚至以納粹與蘇聯等集權國家對現代畫的態度暗示我們,0.7547526955604553,1,0.7358392477035522,3,0.7181282639503479,7
教育局和臺北智障者家長協會,0.7493786811828613,3,0.7306249141693115,1,0.7072210311889648,2
這個月也要在新光三越站前店一側要開出第一家九坪大的衛星店,0.83270663022995,12,0.7622326016426086,11,0.7411819100379944,10
他們全家時時彼此提醒,0.8294835090637207,1,0.8289551138877869,3,0.756119430065155,2
與許多國家無須發明人簽名及發明人立宣誓書不同,0.6759989857673645,3,0.6698582768440247,1,0.6620221138000488,10
大家且待他的政見發表或正式競選後才來決定,0.6814568638801575,1,0.6595737338066101,3,0.6490498185157776,12
皇家攝影學會也如早期英國愛丁堡一樣,0.6913544535636902,3,0.6888536810874939,1,0.6816772222518921,2
他做了一個腦袋搬家的手勢,0.7195037603378296,2,0.717174768447876,5,0.7103723883628845,4
黃才郎則認為國家文化藝術基金會的組織和人事任命應該公開辦理,0.7279101014137268,1,0.7170177698135376,3,0.6810934543609619,2
這也是民族學家所周知的事,0.7610763311386108,7,0.6881694793701172,8,0.6737870573997498,9
林組長常會規勸家長們想想孩子,0.771402895450592,3,0.7328177094459534,1,0.7036086916923523,2
會員遍佈個國家,0.5718765258789062,4,0.5558838844299316,2,0.5513716340065002,11
因為對西方國家而言,0.750600278377533,1,0.7427922487258911,3,0.6737459897994995,2
我們只是和千千萬萬台灣人家庭一樣,0.7973663210868835,3,0.786952555179596,1,0.7505185008049011,2
一家具式的牆櫃一般住家辦公室以牆櫃家具的方式製作,0.6835489869117737,2,0.6820998787879944,3,0.6595643162727356,12
不過目前仍有許多國家持反對立場,0.7272467017173767,1,0.725354790687561,3,0.7000522613525391,10
研究結果顯示在七項家庭教育相關中,0.7943820357322693,3,0.7689440250396729,1,0.7259803414344788,2
而另外一項由千代基金會所做的全臺家庭抽樣調查,0.775709331035614,3,0.7629374861717224,1,0.727674126625061,2
家長亦困擾萬分,0.42650094628334045,16,0.4236780107021332,15,0.4126679003238678,8
我回家見到公媽桌的左側多了三尊神像,0.846710741519928,3,0.7838861346244812,1,0.7511984705924988,2
整個家庭的年收入不到一百元人民幣,0.7724778056144714,3,0.767620861530304,1,0.7083691954612732,2
更被指稱係影射文化漢奸胡蘭成與小說家張愛玲的愛情,0.7868920564651489,7,0.6836205124855042,1,0.6637571454048157,3
大多座落於第三世界國家,0.5627099871635437,4,0.5626139044761658,8,0.5606132745742798,9
並不必然是國家目標的分離,0.7161500453948975,1,0.7125969529151917,3,0.6850197315216064,2
回到貝珍家,0.7534620761871338,4,0.7237504124641418,5,0.7124138474464417,3
被一家人視為掌上明珠,0.8115113973617554,1,0.7831525802612305,3,0.722890317440033,2
用他們精湛的三部合聲為病人及家屬獻唱耶誕歌曲,0.7567099928855896,3,0.7485354542732239,1,0.7375258803367615,2
不料被害人到家後發現,0.7950199246406555,3,0.7422756552696228,4,0.7371876835823059,2
不要再去李媽媽家了,0.8046350479125977,4,0.801754355430603,3,0.7801610231399536,1
塞隊僅小輸日韓兩支國家隊,0.6838868260383606,1,0.6682022213935852,3,0.6434734463691711,12
因為大家同一個家庭,0.7411444187164307,1,0.7221317887306213,3,0.6773647665977478,10
希望能夠藉此呼籲大家,0.5949117541313171,1,0.5948314666748047,3,0.5927596688270569,10
