自古有國家者之所慎重也,0.6878098845481873,3,0.6696195602416992,2,0.6692252159118652,1
傳起飛魂家有咎而人有災,0.700439989566803,8,0.6703556776046753,16,0.6511542797088623,9
到得黎家店口,0.7387462854385376,14,0.7208620309829712,12,0.7172704339027405,9
白家在童推官處使了錢,0.7608492970466614,8,0.7122647166252136,9,0.7106591463088989,14
鄭家驛撫松亭次毛司馬東塘,0.7174949645996094,8,0.7114501595497131,14,0.6798006892204285,16
自家洋陂下尾塘可塘許塘陂洪塘蓧塘後塘周陂黃埭下尾圍在四十三都,0.7203256487846375,8,0.7114372253417969,14,0.6939930319786072,16
莊家老兒不知哀,0.7669245600700378,1,0.7413381338119507,3,0.7406267523765564,8
自家斟酌,0.6895389556884766,8,0.6607616543769836,9,0.6417688727378845,13
倒陷得他人亡家也亡,0.7436659932136536,2,0.7301587462425232,3,0.7260681986808777,5
寓褚家樓,0.7347737550735474,8,0.7266963124275208,14,0.7039832472801208,9
家有餘資,0.5531252026557922,8,0.5463749766349792,9,0.5351376533508301,16
店主負庚至家,0.6424776911735535,8,0.6332722902297974,11,0.625526487827301,9
家厥口門,0.5801950097084045,8,0.5682417750358582,9,0.5491613149642944,16
喪其家君國民泰,0.7293810248374939,3,0.7091906070709229,1,0.7047249674797058,4
家國萬年垂休,0.3608270287513733,8,0.3498353064060211,9,0.34844738245010376,6
李家陂在李家坊,0.7618603110313416,14,0.7354891896247864,1,0.7343922257423401,16
妻子及同居家口,0.6508025527000427,16,0.6223431825637817,15,0.587024450302124,8
據著我家定哥才貌,0.7341713309288025,1,0.7238603234291077,9,0.7124994993209839,8
到家,0.5836565494537354,16,0.5751495957374573,4,0.5703985095024109,5
吾家老井飲紅泉時發丹砂數十船勾漏歸來小仙子卻將一七助延年,0.7692193388938904,1,0.7294755578041077,2,0.7246678471565247,9
因探錢付酒家,0.5393610000610352,8,0.5332558155059814,16,0.5135799050331116,17
家兄處師父也多住旬日,0.5847070813179016,16,0.5762041807174683,9,0.575738251209259,8
咱這時候就家去,0.7010099291801453,8,0.6897324323654175,5,0.6893779039382935,4
第回善神守護善人家惡黨聞災知警悟,0.7196984887123108,8,0.7188118100166321,17,0.7020025253295898,9
彼家居無客不見,0.7385558485984802,4,0.7268505096435547,3,0.7214323878288269,2
關了門兒自家吃,0.7543728351593018,3,0.7471693754196167,1,0.7293724417686462,2
名家子,0.6826168894767761,7,0.6546608209609985,9,0.6170507073402405,8
如今朱家了賬已久,0.7833412885665894,1,0.7580319046974182,9,0.7497397661209106,3
既說彼家門戶緊密,0.7288749814033508,9,0.7091478705406189,1,0.7087449431419373,8
今日和祝麻子到我家,0.6067000031471252,4,0.6010438799858093,8,0.5968095064163208,5
發回寧家,0.5652991533279419,8,0.5355612635612488,14,0.5328109860420227,9
卻是自家做主宰定,0.7546970248222351,9,0.7444296479225159,3,0.7430866956710815,8
兩家各占平陽地,0.785469114780426,9,0.7304019331932068,13,0.71637362241745,1
具管家支撥,0.6776354312896729,7,0.670088529586792,8,0.664226233959198,9
你家寶鏡今在竹公溪頭,0.748286783695221,1,0.6970283389091492,3,0.6937397122383118,4
居家傳子一經,0.7366986274719238,8,0.727329671382904,3,0.7182117700576782,2
至六十日則不用本家食,0.7306578159332275,9,0.7204975485801697,8,0.6903355717658997,13
舉家大喜,0.6760187745094299,9,0.6680099368095398,8,0.6641651391983032,16
制家之用,0.6747403740882874,8,0.6634098291397095,6,0.6337465047836304,9
只望爾歸管家行家訓,0.7604621648788452,3,0.7486330270767212,2,0.7451252937316895,1
兩個在家只是訓子務農,0.8372272849082947,3,0.7928960919380188,1,0.749143660068512,2
本家印見鬼盛,0.7304911613464355,9,0.6766688227653503,13,0.6660045385360718,10
治家嚴而有恩,0.7061282396316528,3,0.666257381439209,2,0.6621440052986145,1
大家等候到五更時分,0.6635113954544067,1,0.6552678942680359,3,0.6441324353218079,10
壽壽移家南行,0.6965640187263489,16,0.6949399709701538,4,0.6813132166862488,2
自與家人望西而行,0.7403640151023865,3,0.7364315986633301,16,0.721566379070282,1
列位老人家,0.6702856421470642,8,0.6693103313446045,17,0.6352782845497131,9
自古梁園佳麗地於今寂寞減繁蕐日長野店聞啼鳥春暮山城見落花綠桺兩行侵洛逺黃河一帶入淮賒欲將尊酒舒髙興錦帳風流愧黨家,0.6883170008659363,8,0.6641528010368347,9,0.6485766172409058,14
田子高懷凌太霞梅山宅倚參差花金台挂日轉玉樹碧洞流雲盤素華校書但握紫麟管登丘每駕青龍車靈才發秀綜圖典草玄人羨文章家,0.6239045262336731,8,0.5758423209190369,7,0.5731658935546875,17
而以本草集略及養生家言終焉,0.6383384466171265,9,0.6254666447639465,8,0.5963037014007568,7
老身一家被他攪的沒睡頭,0.7860835194587708,9,0.7722310423851013,1,0.741707980632782,13
適家伯先已來占矣,0.7650912404060364,16,0.7374693751335144,8,0.722787082195282,14
洛陽李氏家親友大會,0.76927649974823,9,0.7512964606285095,14,0.7408155798912048,1
全家發煙瘴地面充軍,0.8048599362373352,3,0.8032194972038269,1,0.7473590970039368,2
今大娘要我回家,0.6509866714477539,4,0.6495380401611328,3,0.6479936838150024,8
朱家巷,0.7132250666618347,1,0.6946448683738708,12,0.6945557594299316,14
原來盛價倒會得訓誨家主,0.7526594400405884,9,0.728602409362793,16,0.6983729600906372,3
存三山鎮蛇浦村凌家山董誥墓前,0.7213279604911804,14,0.6963733434677124,16,0.6806386113166809,8
各回寧家務業,0.7347898483276367,2,0.7345024943351746,3,0.7026892304420471,8
除非招入我每家裡做個贅婿,0.810747504234314,1,0.8035533428192139,3,0.7322710752487183,2
必歸家視母柴米,0.803977906703949,3,0.7848599553108215,2,0.7569107413291931,1
免得老厭物來家也勾了,0.7787010669708252,3,0.7420862913131714,1,0.7344778180122375,4
常在咱家看病,0.8067251443862915,1,0.7815995216369629,3,0.744065523147583,4
東風惆悵各天涯為爾愁深鬢欲華阮籍猖狂猶故態陸機詞賦舊名家淮南招隱歌叢桂江上懷人見落花同輩秪今俱寂寞一時風雅亦堪嗟,0.7273666262626648,7,0.6850330233573914,9,0.6689041256904602,2
親家此言,0.7044007182121277,8,0.687530517578125,9,0.6564305424690247,17
有因分析家產,0.7176462411880493,7,0.7026031017303467,8,0.6926274299621582,9
好似喪家之犬,0.7760390639305115,2,0.7182402014732361,1,0.7121084332466125,3
及猷到岳丈家,0.6812881231307983,9,0.6785972118377686,8,0.6751828193664551,16
驅馬謝長安言遵路水乾初於駕帆日即起迨家歡吳日懸歸思燕雲送旅餐王孫芳草綠隨路得行看,0.7225723266601562,8,0.712847888469696,16,0.684503972530365,14
日後照顧寒家照顧勾了,0.7777690291404724,8,0.740793764591217,9,0.716617226600647,14
遂博通百家之言,0.6538889408111572,2,0.6507980227470398,1,0.6398506760597229,7
家園田產且丟開,0.4946458637714386,8,0.47236308455467224,15,0.46317803859710693,16
肉然而濟難名死吾不如孔易致賻啟殯吾不如宗器著狀買石吾不如元王妻嫠居於家而吾不能贍,0.7823330760002136,3,0.7630637884140015,2,0.7401034832000732,4
國家可保萬全,0.6811709403991699,3,0.6785353422164917,2,0.6734960675239563,1
此瘡家最善症也,0.6888216137886047,9,0.6777321100234985,8,0.6385509967803955,17
蓋西山非遺天下國家事,0.6521739959716797,7,0.644371509552002,4,0.6399533748626709,1
怨恨出家的主兒,0.6740939021110535,3,0.6721774339675903,2,0.6599579453468323,1
不入其家,0.6573868989944458,9,0.6494095921516418,4,0.6453812122344971,3
使一家一鄉,0.7604705691337585,2,0.7558677792549133,9,0.7499598264694214,8
即留家於此,0.7116040587425232,3,0.6962254643440247,2,0.6820814609527588,1
蓋意心身感應家國天下之事,0.7468808889389038,3,0.7378292679786682,1,0.7278661131858826,2
到了其家門首,0.7755486369132996,3,0.7590565085411072,4,0.7513197064399719,1
權即至盛裔家,0.6842668056488037,9,0.621052622795105,8,0.6139514446258545,14
黃家要償取聘金方得贖回的話,0.7476599812507629,8,0.7362282872200012,16,0.7324036955833435,9
家人聽罷,0.5166858434677124,16,0.48551836609840393,8,0.47777360677719116,9
為國家出死命,0.7191646695137024,1,0.7164716124534607,3,0.6969862580299377,2
聞得蘇定方家屬見在城內,0.7311455011367798,1,0.7059371471405029,3,0.700382649898529,2
自家三萬銀子都花了,0.793254017829895,1,0.7862921357154846,3,0.7001858949661255,2
家裡閑著沒營生,0.34601205587387085,8,0.32233062386512756,9,0.31247255206108093,16
今積惡二家,0.6242246627807617,9,0.5813108682632446,13,0.5552446842193604,8
細看來似前日老爺不在家,0.6078299283981323,8,0.5781123638153076,9,0.5730080604553223,16
令傅粉大家讀之,0.6143179535865784,16,0.6066985726356506,9,0.5733575224876404,7
有家兵黃猛者,0.6845961809158325,9,0.6348326802253723,14,0.6191286444664001,16
我家又非酒館客鋪,0.769995927810669,4,0.7460016012191772,5,0.7410186529159546,3
合家受了朝廷封贈,0.7481024265289307,9,0.7357024550437927,8,0.7197156548500061,14
及家世所藏黃帝明堂灸經,0.7597086429595947,1,0.7525815963745117,3,0.6892939209938049,2
以至諸家星卦之文紛然競出而雜乎其間,0.8326590061187744,9,0.7029378414154053,13,0.6997261643409729,8
君是吾家骨肉親裔同曾室太夫人雲仍又見傳家慶嗣續欣能托汝身微省才名誇昨日上林佳氣待新春丁寧寄語尊翁道洛舍從今賞更新,0.786681592464447,1,0.7433836460113525,3,0.7271971702575684,9
豬妖獨占人家女,0.7620623111724854,8,0.7375957369804382,14,0.7172321081161499,9
淚竹小簾扉孀嬌卓氏閨犢鼻總相許鸞雲無定飛好收縫客線去衲出家衣不見鴛鴦底荷花拔錦泥,0.6832194328308105,8,0.6717344522476196,3,0.6659221053123474,16
合家殉節,0.7108661532402039,14,0.7057707905769348,16,0.6867543458938599,9
大家一同過活,0.7243532538414001,1,0.7109817266464233,3,0.6791986227035522,2
名士風流回出群大家氣象動如云酒泉長寫東西玉筆陣橫開龍虎文業有中衰方念祖才非特起不生君麾戈豈俟回三舍及第心空賀策勛,0.7569646835327148,9,0.7181243300437927,8,0.6993081569671631,7
那中等人家稱他做韓大哥,0.7582412362098694,8,0.7494539022445679,9,0.7259031534194946,14
合無今後軍民有被勢家侵害,0.7638900876045227,8,0.7104503512382507,9,0.6796841621398926,13
岑參凱歌鳴笳攂皷擁回軍今本攂作迭非近制啟明定昏皷三通曰發攂當用此字俗作擂非攂亦俗字然差善於擂古樂府官家出游雷大皷雷轉作去聲用,0.6962965726852417,8,0.6851767897605896,14,0.6803126335144043,9
此藥人家不可少,0.721045732498169,9,0.7077653408050537,8,0.6952599883079529,17
方放他回家,0.610588788986206,16,0.59413743019104,8,0.5813599228858948,9
你老人家怎的曉得來,0.7998937368392944,1,0.7560026049613953,3,0.7076544165611267,7
這琴童一直走到賁四家,0.6702918410301208,9,0.669303297996521,8,0.6490179896354675,11
我教管家婆跟你去,0.7482027411460876,16,0.6943788528442383,8,0.6912689208984375,1
晚歲致仕家居,0.6562104225158691,3,0.6325485706329346,16,0.6311458349227905,2
忽花家莊戶來報說有賊人到村打劫,0.7628973126411438,8,0.7307118773460388,14,0.7162727117538452,1
湖廣又有承天府景陵縣一個人家,0.6620376706123352,9,0.645241916179657,8,0.6316295862197876,14
西門慶打發各家送禮,0.8646537065505981,9,0.7784467339515686,13,0.7433006763458252,11
焚廩人亡家退落,0.7107574939727783,2,0.6936214566230774,4,0.6901882886886597,5
舉家呼為曹姨,0.780299186706543,3,0.7613303661346436,1,0.7125428915023804,2
丈夫在家,0.6179919838905334,16,0.5946551561355591,8,0.5880147218704224,2
時當正擁膝長吟於家曰,0.7789880633354187,3,0.7253386974334717,2,0.710564911365509,1
諸家本草並不言及,0.7337547540664673,9,0.660468339920044,2,0.6524996757507324,10
是房檐底下開門的那家子,0.8025658130645752,1,0.7866390347480774,9,0.7809644937515259,10
半系新移之家,0.7073395848274231,4,0.6862053871154785,5,0.6631478667259216,2
正是間壁喜將仕家母女二人,0.7083143591880798,8,0.6968814730644226,9,0.6595156788825989,14
臣家有桑八百株,0.7265742421150208,8,0.7077353000640869,9,0.7037498354911804,3
家中把刀劍之類盡行收藏過了,0.48949602246284485,8,0.4669231176376343,9,0.4633116126060486,16
又桃花塢徐鐵匠家木杌亦生枝條,0.7454537153244019,8,0.7366254925727844,14,0.7361125349998474,9
那個師父到甚施主家去募緣,0.7688652276992798,1,0.765125572681427,3,0.7564876675605774,4
走避女家,0.6828843951225281,8,0.6351802349090576,17,0.6309168338775635,9
家裡沒人,0.3744664490222931,8,0.3629075586795807,16,0.34621289372444153,6
忙令家人扶起,0.7514259815216064,16,0.7075843214988708,3,0.6883813738822937,1
本數刻已到周元家中,0.7508770823478699,3,0.7312225103378296,4,0.7148677706718445,2
量分家用,0.695410430431366,8,0.6850964426994324,9,0.6617783308029175,16
就使人搬取家小,0.7731351852416992,4,0.7674270868301392,5,0.7342894077301025,8
比是我與人家打夥而做,0.780628502368927,1,0.728693962097168,3,0.7279002070426941,8
家中什物換米吃,0.6624933481216431,8,0.6317023038864136,16,0.624742329120636,15
女家,0.6787698864936829,8,0.6433404088020325,9,0.6408676505088806,14
忽一日丘敦複歸家,0.6272207498550415,3,0.6075794100761414,2,0.5928025245666504,4
還是來爭家私,0.7116323709487915,16,0.6944434642791748,8,0.687658429145813,14
我家開封富室,0.7602456212043762,4,0.7562533020973206,1,0.7390064597129822,3
辭了尤家,0.6701589226722717,8,0.6361406445503235,9,0.6317246556282043,16
則家業我當與汝共也,0.7491690516471863,3,0.7238279581069946,1,0.7237938046455383,2
田家五行,0.7345427870750427,8,0.7136321663856506,14,0.6780772805213928,9
你搬來我家住,0.8178151845932007,3,0.8161450028419495,1,0.7897819876670837,4
有兩家來說親,0.7899948358535767,9,0.7672016620635986,11,0.7635219693183899,13
但憑他自家做主,0.7273789644241333,9,0.7043775320053101,8,0.6951473355293274,1
有甚冤家債主想要拿人頂缸做替,0.6695470213890076,1,0.6686888337135315,2,0.6382767558097839,7
轎夫以及跟隨的家人,0.8027185201644897,1,0.7921302318572998,3,0.7684337496757507,16
這是兩家有益的事體,0.7957435846328735,9,0.7368612289428711,13,0.7127683162689209,11
嘔家多服生姜,0.6095044612884521,8,0.5957817435264587,9,0.5806448459625244,16
鮑世大家,0.6485810875892639,9,0.6262087821960449,14,0.6187369227409363,8
落下一位仙家,0.6729058027267456,8,0.660796582698822,9,0.6371510624885559,13
逕望繆家門首而去,0.7409619688987732,8,0.7212756276130676,1,0.7172191739082336,9
我家家事向來不見怎的,0.7845178842544556,1,0.7429100871086121,3,0.690011203289032,2
陳家白藥,0.7745136022567749,14,0.7224968671798706,16,0.7202588319778442,8
奴家是清河縣人氏,0.7572435140609741,8,0.7467507719993591,14,0.7463328838348389,9
晚夕我走了家去,0.7730103731155396,4,0.7402384877204895,5,0.7142089009284973,3
爾等歸家,0.6674518585205078,2,0.6491692066192627,3,0.64300936460495,4
我家主皮箱中還有一千兩金銀,0.7797675728797913,1,0.7604041695594788,3,0.711524486541748,8
武三思叔姪因自家女兒亡過,0.7851691842079163,1,0.7291752099990845,3,0.7011280059814453,12
王家屏,0.647285521030426,16,0.5996212959289551,14,0.5947438478469849,8
拿回家去痛打一頓,0.7541911005973816,3,0.719176173210144,1,0.7053599953651428,4
東林何日下飛鍚駐江涯有意同超世無心更問家千言了半偈萬法具三車卻憶沉迷者勞生亦可嗟,0.7028940320014954,8,0.6717376112937927,16,0.6701555252075195,9
出家菩薩,0.6502470374107361,2,0.6359063982963562,3,0.6350634098052979,1
家塾事親曰,0.569037675857544,8,0.5561655163764954,16,0.5537152290344238,9
恐家下知覺不便,0.7153308987617493,16,0.673134982585907,8,0.668890655040741,3
你道婦人家,0.6332008838653564,8,0.6120399236679077,17,0.6090354323387146,9
以承其家業,0.7461374402046204,3,0.7435910105705261,1,0.6991404891014099,2
年載家貧,0.723321795463562,3,0.6917141079902649,1,0.6841481924057007,16
淮陽事徒者四百餘家,0.6569464802742004,9,0.6227225661277771,11,0.6070568561553955,8
我亦良家子女,0.7219849228858948,8,0.7073515057563782,9,0.6869966387748718,16
卻又打傷家人,0.7893579602241516,3,0.7725714445114136,1,0.7537248730659485,16
累及家翁,0.7398613095283508,16,0.6819348335266113,9,0.6797519326210022,3
腎家虛憊,0.5720165967941284,8,0.5616496801376343,9,0.5541091561317444,17
詡乃留曄於家中,0.7790504097938538,3,0.7115596532821655,2,0.7055720686912537,1
還是應二爹三個並眾伙計當家兒,0.7976590991020203,3,0.7958559393882751,1,0.7488545775413513,2
小人是經紀之家,0.695395290851593,8,0.6788646578788757,9,0.6568928956985474,16
世溥名家子,0.638344943523407,9,0.6275455355644226,7,0.6107078790664673,8
處家不正,0.724519670009613,8,0.6849703788757324,9,0.6709747910499573,13
只見許多家人林立,0.7768046855926514,3,0.7649745345115662,1,0.7574491500854492,2
貶邴家二將為洛口關操軍大使,0.7154173254966736,9,0.7098033428192139,8,0.6756933331489563,14
再說張虎在家叫道,0.755489706993103,3,0.7363088726997375,16,0.7221539616584778,4
村學訓蒙夜記有百家姓一書,0.7568588852882385,9,0.7543734908103943,14,0.7366892695426941,1
除了俺家房下,0.7660194635391235,1,0.7499032020568848,3,0.7362874150276184,8
教導他到家,0.6127665042877197,9,0.6033847332000732,8,0.6016512513160706,16
少年陳乞為潘輿汝穎循良總未如譽起兼城和氏壁功成一箭魯連書山多桂樹深招隱家在桃源穩卜居自信丹砂堪世出不妨垂老混樵漁,0.7395524382591248,2,0.7379834055900574,8,0.7309255003929138,4
家中衰,0.3475368916988373,8,0.34139227867126465,9,0.334369421005249,6
前說都是敘黨家見鬼根由,0.7197538018226624,8,0.7095115184783936,9,0.7088883519172668,17
偶值相公家眷臨此,0.7631779313087463,1,0.7617570757865906,3,0.7336282134056091,2
徐氏家傳方,0.7199294567108154,1,0.6811785697937012,3,0.6701396107673645,9
賣與那不得逃走回還的人家,0.6508277654647827,8,0.6003638505935669,9,0.5869044065475464,17
但誼在通家,0.6381785869598389,8,0.6318733096122742,9,0.6017277240753174,16
遂潛跡回家,0.6251804232597351,9,0.6240314841270447,2,0.6224311590194702,16
二家產業,0.7328795194625854,9,0.6857243776321411,11,0.6824599504470825,12
家事一空,0.3952183425426483,8,0.3760545253753662,15,0.3752616345882416,6
開歲三元尚一旬東城簫鼔已迎春辛盤切出絲絲細花勝簪來朶朶新柳眼蹙金猶淺嫩梅腮傅粉已輕勻臘醅缸面浮香蟻不負吾家漉酒巾,0.7372477054595947,8,0.7343138456344604,9,0.723630964756012,2
國家柱石,0.6478276252746582,7,0.6452823281288147,2,0.6431479454040527,1
太尉在家之時,0.7577060461044312,3,0.7008511424064636,2,0.683754026889801,16
於是也不回襄陽老家,0.6271637082099915,3,0.6161529421806335,1,0.6092855334281921,4
何獨家兄,0.7133998870849609,16,0.6802120804786682,9,0.6740097999572754,8
你家姓甚,0.7520681023597717,1,0.7326135635375977,4,0.723098874092102,3
到苗家叩門,0.8042309284210205,14,0.774114727973938,8,0.7449488043785095,1
吾家仲季守明經,0.7009040713310242,1,0.6980050206184387,3,0.6872062087059021,9
張萬家道不足,0.6750738024711609,16,0.6638363003730774,7,0.662294328212738,1
家下無人,0.5704701542854309,16,0.5564155578613281,8,0.548423707485199,9
我家開行數十年,0.745171308517456,8,0.7433685660362244,1,0.7349748611450195,4
知縣喚過劉家兒子來看了,0.7900397777557373,14,0.7755059003829956,8,0.7643913626670837,9
此人家貲數百萬,0.7047016620635986,2,0.7024452686309814,3,0.6905677318572998,4
頃刻到家,0.599753201007843,8,0.5909181237220764,9,0.5752860307693481,16
主合家有難,0.7258508205413818,8,0.7176181077957153,16,0.7144444584846497,9
方書名家,0.6825317144393921,7,0.6500776410102844,9,0.6317970156669617,8
其妻夢先來家,0.6025009751319885,8,0.5853749513626099,16,0.565332293510437,6
魔王今不在家,0.601743221282959,9,0.5945465564727783,8,0.5918769240379333,4
也是儒家子弟,0.6973762512207031,1,0.6880499720573425,7,0.6821330785751343,9
公以仁厚起家,0.5594193339347839,9,0.5448475480079651,3,0.5353257060050964,16
則我國家氣數之厚可見矣,0.6748746037483215,7,0.6584218144416809,3,0.6479546427726746,9
今方家呼紫參為牡蒙,0.726154625415802,9,0.7238361835479736,8,0.7141802906990051,14
蕭何急令家人淨掃廳堂,0.7634038329124451,3,0.7362515926361084,1,0.7303594946861267,16
今方家所用黃明膠,0.7106868624687195,8,0.6942843794822693,9,0.6701149344444275,14
只許他家拿黃捍等子秤人的,0.7776912450790405,8,0.7566340565681458,9,0.7418429255485535,14
咱家也識是件寶物,0.7382065057754517,1,0.7198136448860168,8,0.7092321515083313,9
一個是向家家丁,0.7189525365829468,16,0.713637113571167,9,0.7125408053398132,8
教道他到家見了家人,0.7916501760482788,3,0.7678678631782532,4,0.7500285506248474,2
隨來的家人也儘有不平的,0.7923968434333801,3,0.7816699743270874,1,0.7340872883796692,2
一個女娘家,0.7103310227394104,8,0.6923471689224243,14,0.6850470304489136,4
聞魯肅家有兩囷米,0.771431565284729,3,0.7553653120994568,4,0.7505805492401123,1
花老回首向家人道,0.7316392064094543,3,0.7283002734184265,2,0.7199089527130127,16
名家女也,0.6875149011611938,7,0.6780550479888916,9,0.6593568921089172,8
程家人看見了道,0.7815574407577515,16,0.744733989238739,8,0.741121768951416,9
近者歲一視其家,0.6107333898544312,8,0.606503427028656,9,0.5822519659996033,16
晦口新晴春色嬌萬家攀折渡長橋年年老向江城寺不覺東風換柳條,0.6602962613105774,9,0.6565214395523071,8,0.6242249011993408,11
猶家之有宗子與庶孳也,0.714982271194458,9,0.67826247215271,14,0.6775271892547607,8
不是久戀之家,0.6719396114349365,8,0.6643853783607483,4,0.6563752293586731,9
出祖成家,0.5886409282684326,9,0.5827711820602417,4,0.5806096792221069,16
聞吾景辰為外家舉九年不舉之喪,0.7286525368690491,9,0.6829648613929749,8,0.6757486462593079,14
阿房成灰青門種瓜壯士失風雲為奴魯朱家,0.6531707644462585,8,0.6493010520935059,14,0.6232871413230896,16
冬至日悉遣還家,0.5711214542388916,9,0.5587005615234375,8,0.5290552377700806,11
今日我爹娘俱到隔鄰王寺丞家看花,0.7394387722015381,3,0.7230628132820129,4,0.7230451107025146,1
稍下巫山峽猶銜白帝城氣沉全浦暗輪側半樓明刁斗皆催曉蟾蜍且自傾張弓倚殘魄不獨漢家營,0.7156410813331604,9,0.7117491364479065,8,0.6922377943992615,14
先生今日出家,0.5489852428436279,2,0.542107105255127,3,0.5349273085594177,9
自家也到宅中等候,0.7589971423149109,3,0.7536524534225464,1,0.7012934684753418,2
身修而後家齊,0.6693861484527588,8,0.6688297390937805,3,0.6676672697067261,16
你老人家一向不見,0.8035770654678345,1,0.7601996064186096,3,0.7407823801040649,7
祭別駕謝愧悰親家,0.6463147401809692,9,0.6410254836082458,8,0.6324577927589417,14
本家委系新開酒面鋪店,0.7308022379875183,9,0.6769300103187561,8,0.6701627373695374,16
你早送與人家,0.6295996308326721,3,0.6288361549377441,1,0.6189537644386292,7
因隨家師白馬寺主至京闡教,0.7209806442260742,3,0.7149167060852051,1,0.7138212323188782,16
那陸仲含道他家好清的,0.7570545077323914,9,0.730061948299408,8,0.7143551111221313,4
曾是牙儈之家,0.7048271894454956,9,0.6862001419067383,8,0.6812727451324463,4
馬喻隨他出家數年,0.718142032623291,3,0.6992948651313782,1,0.6936206817626953,2
時家中落,0.6644924879074097,8,0.652308464050293,16,0.6473472118377686,9
人家水缸底亦有,0.7149198651313782,1,0.6893410682678223,8,0.6770997643470764,9
等你家去,0.7603642344474792,4,0.7265970706939697,3,0.7237959504127502,5
就差梁貴同達子的使臣到家奏報,0.7107217311859131,3,0.6671505570411682,16,0.666729211807251,9
家有父母,0.6132262945175171,16,0.5960448980331421,9,0.5890517830848694,8
小子回家,0.6737521886825562,4,0.6510400772094727,5,0.6438241600990295,8
徑往他母舅張團練家,0.6266927123069763,8,0.6001765727996826,9,0.589226245880127,16
在這姑姑家裡過了三兩日,0.8382130265235901,3,0.8161613941192627,1,0.7484356760978699,4
卻說三巧兒回家,0.6500586271286011,4,0.6377019882202148,5,0.6219744086265564,2
主家登時殺死者,0.7303479909896851,9,0.7095135450363159,8,0.6875654458999634,13
無限青山行已盡回看忽覺遠離家逢高欲飲重陽酒山菊今朝未見花,0.6806814670562744,8,0.6792528629302979,5,0.667326807975769,4
家事雖窮,0.42438140511512756,8,0.40947163105010986,16,0.40406134724617004,9
人間宰相家,0.6670227646827698,9,0.6513620018959045,7,0.6331613659858704,8
如此兩家各使神通,0.8326992988586426,9,0.796180784702301,13,0.7232359647750854,8
景昉歸家,0.6624011397361755,3,0.6491959095001221,2,0.6367031931877136,4
來至家得疾,0.7059041261672974,3,0.6984955072402954,4,0.6950352191925049,2
晚精軒岐家書,0.6878758072853088,8,0.6839677691459656,9,0.6822956204414368,14
誰想隔鄰人家,0.5639314651489258,8,0.5581015348434448,17,0.5196457505226135,9
命民間一家點燈七盞,0.7862036228179932,9,0.7442607879638672,1,0.7346678376197815,13
有仙之家,0.6953940391540527,9,0.6874927878379822,4,0.6858460903167725,8
有詔令過家上塚,0.7019361257553101,16,0.6930776834487915,8,0.6857316493988037,9
蕭家巷口花如霧紅粉闌幹酒斾斜記得少年曾系馬如今無樹可啼鴉,0.718269407749176,14,0.7135041356086731,8,0.6872298717498779,1
家人道,0.41368964314460754,15,0.40647247433662415,8,0.3850027620792389,6
正在家門閒立,0.7207537889480591,16,0.706382691860199,3,0.6740649938583374,2
看是哪家專要食兔,0.816498875617981,9,0.8099336624145508,11,0.7992191314697266,10
乃以家藏翡翠玉如意為憑,0.732758104801178,3,0.7107229232788086,16,0.6991663575172424,2
大家快走,0.6705406904220581,1,0.6521123051643372,3,0.6319912672042847,12
反貽書報家人治米,0.7088217735290527,16,0.7085748314857483,3,0.6978772282600403,1
遂與德克回家,0.6215572953224182,16,0.6116349101066589,8,0.601880669593811,2
蓋夫子不得邦家,0.6277726888656616,8,0.6249021291732788,17,0.5986301302909851,5
當初大家省言一句兒便了,0.7172142863273621,1,0.694605827331543,3,0.666229784488678,10
劉貣父謂是令孤楚家青衣名也,0.7666170001029968,14,0.7647042274475098,9,0.7366313338279724,8
果然是一好人家,0.6198432445526123,17,0.5847705006599426,8,0.5383813381195068,9
且居家富逸,0.7442178726196289,3,0.7052927017211914,2,0.7003946304321289,1
合家佯為不禮,0.7243826985359192,8,0.715527355670929,16,0.7143932580947876,9
到你家去便又耽擱,0.7672197818756104,3,0.7561944723129272,1,0.7554293274879456,4
唐太子少保薛稷雍州長史李晉等是日家破身斬,0.5450301170349121,5,0.5400193929672241,16,0.5392918586730957,9
大家保全得無事,0.7237970232963562,1,0.7054875493049622,3,0.6756100654602051,2
自家關了門,0.7686732411384583,8,0.7300592660903931,16,0.7275170087814331,9
家益失勢,0.6814392805099487,16,0.6607592105865479,8,0.645673394203186,9
先殞克家,0.6459856033325195,8,0.6120192408561707,14,0.6083706617355347,9
中秋吳下諸勝合家姬連夕大集,0.6947818994522095,9,0.6740352511405945,16,0.6616724133491516,14
卻說行貨人家得了聘財,0.7571982741355896,8,0.7473500370979309,9,0.7325991988182068,1
雙垂紫綬綰專城人羨君家好弟兄借問霜飛今夜斧有無池草夢中生,0.7438045144081116,8,0.7206244468688965,9,0.7122427225112915,4
大家要自己簡點,0.6652628183364868,3,0.6600437164306641,1,0.6432779431343079,10
生扶瓊至家,0.6380833387374878,8,0.6380043029785156,16,0.6246077418327332,4
家塾事親曰,0.569037675857544,8,0.5561655163764954,16,0.5537152290344238,9
轉回娘家,0.7328437566757202,1,0.7197023034095764,4,0.7196468114852905,3
我敢在這家裡養下漢來,0.7895566821098328,1,0.7718589305877686,4,0.7695720791816711,3
今日他爹不在家,0.5998081564903259,8,0.5913227200508118,16,0.5698035359382629,9
你與我帶一封家書,0.7448636889457703,16,0.7264711856842041,15,0.7244411110877991,5
則以上牲祭於宗子之家,0.6883911490440369,8,0.684920072555542,9,0.6589922308921814,4
當鋪總有五百家,0.6728721261024475,11,0.6468623280525208,9,0.6141268610954285,8
醫家多用蠶蛻,0.6980237364768982,9,0.6843106746673584,7,0.6841663718223572,1
評曰仔肩清麗頗識選體績更煜煜妍雅法長吉歌行雖有時譽終難名家,0.5940076112747192,8,0.5838626027107239,9,0.5536888241767883,7
誰如你老人家這等好心,0.7784622311592102,1,0.7341432571411133,3,0.7195866107940674,7
家焉,0.5646551251411438,8,0.557520866394043,16,0.5441678166389465,9
新寫信雇一人馳報家中,0.799148440361023,3,0.7579261660575867,16,0.7554984092712402,4
被朱家人乘勢追打,0.7546510100364685,1,0.7519752979278564,14,0.7472684383392334,16
然家長幼不欲外人窺之,0.6916893124580383,3,0.6753572225570679,16,0.6585392355918884,2
家人驗其非鬼,0.5099315047264099,16,0.49140074849128723,8,0.4712967872619629,15
盛唐名家稱王孟高岑獨七言律祧孟進李頎應稱王李岑高雲,0.7246562838554382,7,0.6593683362007141,9,0.6275674700737,12
其家如其言祭之,0.74286949634552,3,0.7300047278404236,1,0.7286862134933472,2
降生辰溪縣毗離村善士瞿天民家為子,0.7072411179542542,8,0.6841114163398743,9,0.6758679151535034,2
又與韓大嬸當家,0.6627010703086853,8,0.6568061113357544,16,0.6389957666397095,6
你害我在家等了兩日,0.8517534732818604,3,0.7701195478439331,1,0.7615494132041931,2
李節領命到盧日乾家中道,0.7779688835144043,3,0.7319899797439575,1,0.7242928147315979,4
問革吏典人等一二千家,0.5540731549263,9,0.5348585247993469,11,0.5231407880783081,8
王婆送至張家灣上舡,0.742291271686554,1,0.7002319693565369,14,0.6864551901817322,12
則率二十四家共沮止之,0.7990050911903381,9,0.7613411545753479,13,0.7385953068733215,11
龍章鶴發婦儀希士女紛看一品衣雋母歡顏時問政敬姜懿訓每鳴機林移珍果家園似階列名花幾席依更托丹青供賞玩體安意適渾忘歸,0.7141160368919373,8,0.6977326273918152,5,0.6792775988578796,4
假如靈柩家小箱籠一同起身,0.6440340280532837,8,0.6119571924209595,15,0.6022477149963379,6
故大家巨族,0.711365282535553,9,0.6843149662017822,14,0.6750982403755188,8
徐故與王通家,0.5996628403663635,9,0.5838049650192261,8,0.5817297101020813,16
治家,0.6203691959381104,7,0.6071517467498779,8,0.5794953107833862,9
杖議得趙甲所犯若告錢乙飲酒撒潑得實錢乙合坐以不應事重律杖八十今虛依誣告人杖罪加所誣罪三等律杖六十徒一年減等杖一百的決寧家,0.5295813083648682,8,0.5189069509506226,6,0.5081638693809509,9
凡國家密謀皆預之,0.7065494060516357,9,0.702160656452179,3,0.7007827162742615,1
文公別家,0.6755893230438232,9,0.6474742293357849,14,0.6454733610153198,8
比不得平等百姓人家,0.6501562595367432,8,0.6261124610900879,17,0.6197713613510132,9
家中現有銀七,0.4133121371269226,8,0.39663395285606384,9,0.3953864574432373,16
內外官豪勢要之家,0.6676270365715027,9,0.634975790977478,16,0.6314866542816162,5
忙家不會,0.7608941197395325,8,0.7177507281303406,6,0.7042521238327026,16
她如今不說自家理短,0.6809854507446289,9,0.6758238077163696,8,0.659278392791748,16
我若但凡不在家,0.6274381279945374,8,0.5934821367263794,9,0.584125816822052,6
我老身常在他家來往,0.8101930022239685,1,0.7999840378761292,3,0.7770529389381409,4
遣人送其家屬回北平,0.7498448491096497,1,0.7398355603218079,3,0.7185068726539612,2
駱籜出獄寧家,0.5846682190895081,8,0.5603368878364563,6,0.5551782846450806,16
人家又相當,0.7372376322746277,1,0.7341338992118835,8,0.7275006771087646,7
勝敗軍家常事,0.7032110095024109,9,0.6714479327201843,8,0.6447104811668396,14
吾於道家取其長焉耳,0.7001722455024719,9,0.6824991703033447,7,0.6667603254318237,8
多有富豪之家,0.6926594972610474,9,0.6648955941200256,8,0.6604347825050354,4
便慌張張閃到人家房下簷去躲,0.7433446645736694,1,0.7171885967254639,8,0.6990230083465576,3
雖然夫人與同管家的吩咐眾家人各處探訪,0.7601650357246399,1,0.756151556968689,7,0.750002920627594,3
貫串百家,0.6274784803390503,13,0.6238601207733154,9,0.5865908861160278,11
診家樞要,0.686854898929596,8,0.6688945889472961,9,0.6638677716255188,16
貧富之家,0.6770016551017761,8,0.666951596736908,4,0.6554678678512573,9
若是到我家裡,0.771686315536499,3,0.7652002573013306,1,0.7430858612060547,4
陳定平時家裡飽暖,0.8369869589805603,3,0.7808486819267273,1,0.7272168397903442,2
次日墳上來家,0.6329807043075562,8,0.6247775554656982,9,0.6082746982574463,16
時方得家書,0.7091652750968933,16,0.6621110439300537,8,0.6611016988754272,9
見兩個解差走出了孫家大門,0.8024014234542847,1,0.7730398774147034,9,0.7660056948661804,3
心忙趲馬盼家庭,0.7603262662887573,3,0.7303633689880371,1,0.7256960272789001,2
害了丈夫全家,0.6729772090911865,9,0.662328839302063,1,0.6588062644004822,16
藏於家,0.6702125072479248,9,0.6646204590797424,16,0.6595132350921631,3
祭大廷尉周耿西親家,0.6550955176353455,14,0.6529616713523865,1,0.6449451446533203,4
常往來於介叟家,0.667030394077301,8,0.6598954796791077,9,0.6055231690406799,16
余嘗於民家弊籍中得偽陳友諒構宮殿上梁文,0.7016201019287109,8,0.6920437812805176,9,0.6870478987693787,14
則至其家,0.682495653629303,9,0.6553882360458374,4,0.635469913482666,14
都是在家修行火居道人,0.8191248178482056,3,0.761355996131897,2,0.7613117098808289,1
擬此月望後攜家來居之,0.7972583174705505,3,0.7714218497276306,1,0.7661452889442444,2
別人家辛苦了,0.7373564839363098,8,0.7368714809417725,1,0.734580397605896,5
即領安住回家,0.5701121687889099,9,0.5686038136482239,8,0.5603785514831543,5
我本在家鋤萊,0.7462324500083923,3,0.7381874322891235,16,0.7275409698486328,8
出家人,0.6311111450195312,1,0.6248496174812317,3,0.6028800010681152,2
家無虛丁,0.5148340463638306,8,0.48610514402389526,6,0.48132166266441345,16
許多老友齊到家僧堂上,0.7321252226829529,16,0.6992040276527405,8,0.6921752095222473,15
奴家把布接長,0.7267110347747803,1,0.7256476283073425,8,0.7256307601928711,3
聽得禁家女善信一句彌陀,0.7271047830581665,8,0.6923032402992249,16,0.6845144033432007,14
以前除了七郎並無一家說起,0.8180056810379028,9,0.7727445363998413,13,0.770692765712738,12
真正合家歡樂,0.7723033428192139,3,0.7365872263908386,1,0.7268962264060974,2
曰婦何家不可居,0.7524353265762329,3,0.7246345281600952,2,0.7186062335968018,8
予意其母為人家之婢,0.7608041763305664,8,0.7517504096031189,14,0.724987268447876,9
徑往省城借問趙家去賣,0.7647601366043091,1,0.7637454867362976,9,0.7595459818840027,8
而城郭家室之為垢濁,0.7499942183494568,3,0.7147734761238098,1,0.7101465463638306,2
舉家悲苦,0.7167667150497437,2,0.7163940668106079,16,0.7117794156074524,3
故挈家而遷焉,0.7336609959602356,3,0.723273515701294,2,0.7122278809547424,4
此寶盒被駙馬家取去,0.7872475385665894,9,0.7675737142562866,8,0.7380046248435974,14
你只如此回你家二娘子就是,0.8020077347755432,1,0.7688173651695251,3,0.7212420105934143,4
奴家好小腳兒,0.7131228446960449,1,0.687545895576477,3,0.6859837174415588,4
呼家人同往縛歸,0.7204827070236206,16,0.6616243124008179,9,0.6551309823989868,8
鳳亭橋畔即吾家,0.777942419052124,4,0.7401957511901855,5,0.7129653096199036,2
板橋路口人家,0.7221012711524963,8,0.6970605850219727,11,0.681461751461029,14
只怕明日方得回家,0.5829266905784607,8,0.5809745192527771,9,0.5783219933509827,2
吾家雖儉而三族肥,0.7947329878807068,1,0.791310727596283,3,0.7370306849479675,2
今國家皆在掌握,0.7227217555046082,3,0.718359649181366,1,0.7009051442146301,2
病外家誠有懷,0.705085039138794,8,0.7033429741859436,9,0.7009003758430481,16
君子占人國家之盛,0.6983300447463989,3,0.6763901114463806,1,0.6743307709693909,2
他可可看人家老婆的腳,0.752822995185852,1,0.7104542851448059,7,0.6970061659812927,3
闖到他家,0.6814163327217102,4,0.6809302568435669,8,0.6653081178665161,5
旺持回家,0.6029024720191956,4,0.5912248492240906,16,0.5908920168876648,8
要帶兩個家人跟去,0.8271523118019104,1,0.8062835335731506,3,0.7529274225234985,2
遂屏家於其兄,0.6901893615722656,3,0.6766382455825806,1,0.6677042245864868,2
家人止之曰,0.6483999490737915,16,0.6091820597648621,8,0.5904367566108704,9
只得招出謀奪劉都賽殺害師家滿門情由,0.7684226632118225,9,0.7529040575027466,1,0.7354902625083923,8
有家客三人,0.740648627281189,16,0.7333669066429138,9,0.7150379419326782,8
恰好眾魏將聞認家小,0.7133651971817017,16,0.6957777738571167,9,0.6931660771369934,5
夢見你父親來家,0.6055952906608582,8,0.605472981929779,6,0.6029611229896545,5
況你家私沉重,0.7229858636856079,3,0.713488757610321,8,0.7021563053131104,2
可不嚇了灑家,0.5144498944282532,8,0.5059692859649658,17,0.49042388796806335,6
甘心作商家叛臣,0.7517621517181396,8,0.7465192079544067,9,0.7367164492607117,7
至於本院近行十家牌諭,0.7538523077964783,9,0.7512090802192688,11,0.7402501106262207,13
況且家主已死,0.7502239942550659,3,0.731295108795166,1,0.7248023748397827,16
始於邦家,0.6171118021011353,8,0.5983920693397522,9,0.5923691987991333,14
韋蘇州五言詩高雅閒淡自成一家體今之秉筆者誰能及之,0.7608371376991272,9,0.6997267007827759,1,0.6993663311004639,7
丁憂家去了,0.7535479068756104,8,0.713894784450531,16,0.7135509848594666,5
還金拒報人家,0.6836023330688477,8,0.6495442986488342,17,0.6414788365364075,9
也沒有一個家人伺候,0.8091851472854614,3,0.789995014667511,1,0.7509948015213013,2
要接素梅家去,0.714749276638031,4,0.687047004699707,5,0.6866883635520935,8
且說向家家丁是個熟路,0.7727665901184082,1,0.755862295627594,9,0.7405391931533813,8
小人家貧,0.7196393013000488,17,0.7138875126838684,8,0.7137507796287537,7
顧家大娘子與韓夫人愈加親密,0.7562234997749329,1,0.7196175456047058,14,0.718269407749176,3
使你得還家,0.5473338961601257,8,0.5237396955490112,6,0.5169177651405334,9
他已自曉得在娼家贖歸,0.7697105407714844,8,0.7002091407775879,9,0.6926427483558655,16
山行窈窕踏晴沙旅宿停驂羽士家萬里客情聞落木百年詩鬢對黃花衡峰天隔無回雁溪竹煙深巳暮鴉漫向仙源覓歸路欲憑誰覓犯星槎,0.7805736064910889,8,0.686634361743927,14,0.6822637319564819,9
抓尋到湖州何官人家,0.7259371280670166,8,0.7026920914649963,14,0.6864127516746521,9
讀齊家之事,0.6836905479431152,1,0.6819559931755066,9,0.675090491771698,7
只說是小人家媳婦兒,0.8173616528511047,1,0.7822068929672241,3,0.7359074354171753,7
因糧就運以為家計,0.7410105466842651,2,0.7368260622024536,3,0.7181121706962585,5
婉麗有梁陳韻侯家邸第入青雲,0.7386159896850586,14,0.720645546913147,8,0.6963955760002136,9
近世醫家為要藥,0.6862756609916687,9,0.6778546571731567,8,0.6723073720932007,7
每要娶他回家,0.6369062662124634,8,0.6147504448890686,14,0.6141720414161682,16
正不知幾時到家,0.5146290063858032,8,0.4917699694633484,9,0.49072521924972534,16
宗仁一日有親眷家送得一小罈美酒,0.7562624216079712,8,0.7251566052436829,9,0.7165541648864746,16
把兩個賞了船家,0.6173426508903503,8,0.5661724805831909,9,0.547078549861908,13
囊縮腎家端,0.48888781666755676,16,0.4847228229045868,8,0.4627313017845154,9
秦公出家已久,0.7190256714820862,3,0.7058078646659851,1,0.7049468159675598,2
出處風雲自有時幾人歸後系人思天門鶚薦頻留挽錦水鶯花惜仳離長路獨看琴鶴共幽情先遣薜蘿知家山更值芝蘭秀細掇寒香傍水湄,0.7193397879600525,8,0.7063620090484619,16,0.6695286631584167,15
庾盈自向阮家來,0.753718376159668,8,0.747381865978241,9,0.7442329525947571,14
不容家主禁,0.6998926401138306,16,0.6981675624847412,9,0.668976366519928,3
未至本家,0.7210003733634949,9,0.6768606305122375,4,0.6702414155006409,8
王兄在家否,0.6862688660621643,3,0.6782272458076477,16,0.6753728985786438,2
銀樓六家,0.7167412042617798,9,0.7147931456565857,11,0.7072275280952454,8
此時合家只好自顧性命,0.7366575598716736,8,0.7271219491958618,16,0.7259877920150757,9
家貧,0.4239464998245239,16,0.41110754013061523,8,0.3954692780971527,9
徑造其家雙陸,0.6825052499771118,4,0.682394802570343,3,0.6789785623550415,1
說我有錢不顧家小,0.8057607412338257,3,0.7750445604324341,4,0.7634996771812439,5
多管是在家犯姦被逐出來的奴婢,0.7829002737998962,3,0.7441316246986389,2,0.7358819246292114,1
春日憶家雜詠,0.7232749462127686,8,0.7073251008987427,16,0.6872984170913696,14
宋提刑鄭南家於峰下,0.7031267881393433,8,0.6763479113578796,9,0.6729378700256348,14
漢高祖替秦始皇鐵死冤家,0.5828199982643127,7,0.5586448907852173,9,0.5522347092628479,16
按下尊者在家僧屋裡與眾道友講論不提,0.7093029022216797,16,0.7043417096138,3,0.6967379450798035,9
你是誰家女子,0.7618329524993896,14,0.7427652478218079,8,0.7316754460334778,9
今醫家有搜風解毒湯,0.68032306432724,9,0.671963095664978,8,0.6296924948692322,1
剃頭家用以飾鑒,0.5861414670944214,8,0.5732512474060059,9,0.5649766325950623,16
今日趙家來了個酒,0.7674358487129211,1,0.7614431381225586,9,0.7345296144485474,3
家屬發配,0.3328505754470825,15,0.3222905993461609,8,0.31923237442970276,16
顏魯公送劉太衝序綠箋書北京國學刻石真跡奇宕為遼東李帥所藏其家圖書皆散今不知所在,0.7931379079818726,9,0.7388546466827393,2,0.7373033165931702,1
只有我家小姐奇又奇,0.7688965797424316,1,0.7237308025360107,3,0.7226200699806213,16
上報國家,0.6246123909950256,8,0.6161881685256958,9,0.6120041012763977,13
公以家人離散,0.7657685279846191,3,0.7432878613471985,1,0.7228782176971436,16
何能佐婿家中餽事,0.7173301577568054,3,0.7002344131469727,16,0.6933286190032959,9
予家伯父同年進士,0.6786178350448608,16,0.6411823034286499,8,0.6380232572555542,14
全家為之驚動,0.7580083012580872,1,0.7421045899391174,3,0.7132086157798767,2
一家貴盛,0.7669801712036133,9,0.6915596723556519,13,0.6866496205329895,8
大家笑耍取樂而已,0.7090215682983398,1,0.6767646670341492,3,0.6597044467926025,12
八大家集序,0.7534195184707642,9,0.6831289529800415,8,0.6808345913887024,13
家人去尋張媒婆,0.6519268751144409,16,0.5954931378364563,8,0.5859342217445374,15
家道不昌,0.41704994440078735,8,0.40242838859558105,9,0.39691612124443054,16
家中現有銀七,0.4133121371269226,8,0.39663395285606384,9,0.3953864574432373,16
貼妓家門徑,0.7393435835838318,8,0.7113621830940247,9,0.7084026336669922,16
兵到衛州先拿你的家小去也,0.7517964839935303,5,0.7381014823913574,16,0.7368937730789185,4
或親身及令家人老幼婚女抱齎奏告者,0.7577117085456848,3,0.7389712929725647,1,0.7247964143753052,16
鄰家不相識,0.7424832582473755,8,0.7218630909919739,2,0.7156276702880859,1
家務蓄積,0.37326163053512573,8,0.3618444502353668,15,0.3593308925628662,6
則滅身破家巢傾卵覆之禍頃刻立見,0.6734082698822021,9,0.6727381348609924,16,0.6678406596183777,5
詢其家子亦死矣,0.7323254346847534,16,0.728376567363739,1,0.7201932668685913,9
乃邀了他到家,0.5679421424865723,8,0.5537453889846802,16,0.5375576019287109,9
報道家中父母病重,0.7723703980445862,3,0.7344352602958679,1,0.7069960236549377,16
兩位官府才起身回家,0.573148250579834,8,0.569629430770874,9,0.5541548728942871,16
宿平溪漁家,0.7360031604766846,8,0.6884811520576477,14,0.6831367611885071,4
丹爐家,0.6975294351577759,9,0.6860976815223694,8,0.6374253034591675,7
當下只未捉得董家人,0.7737796902656555,14,0.7714643478393555,16,0.7440124750137329,9
是什麼樣人家,0.6055845022201538,17,0.5842502117156982,8,0.5375089049339294,9
這是倒在金家懷裡去做的事,0.7755894064903259,8,0.7532733678817749,9,0.7455611228942871,14
孔靈汪氏家規序,0.7371030449867249,1,0.7111175060272217,3,0.7013316750526428,9
投靠到太史後家佣工,0.744922399520874,8,0.7230954766273499,9,0.6925258040428162,14
無家人難聽,0.719537615776062,8,0.6972655057907104,16,0.6826603412628174,14
俺桂姐沒惱著你老人家,0.6080336570739746,17,0.59157395362854,8,0.5699582695960999,7
家事不甚落,0.4008288085460663,8,0.3875400722026825,16,0.3845623731613159,9
其身家窶,0.5988672971725464,8,0.5795353055000305,9,0.5661240816116333,16
吳粵升平地攜家信短蓬舩窗楊柳月,0.7040575742721558,8,0.7021201252937317,5,0.7004169821739197,2
然馥馥凌家女,0.6711694598197937,16,0.6599993705749512,8,0.6537606716156006,14
來他家吃酒來了,0.7558826208114624,1,0.7456185221672058,4,0.7367918491363525,3
且說李都管聽得劉家喧嚷,0.7715283036231995,8,0.7520840167999268,9,0.7446154952049255,14
家臨浙水傍,0.5249355435371399,16,0.5211935043334961,4,0.5164600610733032,8
遞與瞿擁潰骸叭昕燒洳兀急回家將此物放於中堂屋頂,0.7862985134124756,3,0.7419354915618896,2,0.7300657033920288,1
若愚家食時聞夫子道,0.6621245741844177,8,0.6559584736824036,2,0.6495375037193298,13
到臨死才對家人說道,0.7736801505088806,3,0.7657250165939331,1,0.7338636517524719,16
見吉家有一少婢,0.7296181917190552,1,0.7294600605964661,9,0.7230892181396484,3
續增家傳,0.7023756504058838,9,0.6623544096946716,16,0.6492138504981995,14
爾先往王安之家,0.628319501876831,8,0.6128817200660706,9,0.6022232174873352,4
瞿曇一學便超群十載辭家住白雲占斷洞天林屋地青山不許世人分,0.7313016057014465,3,0.7205265164375305,4,0.7162573933601379,2
爾家主人官不小,0.7724379301071167,14,0.7694296836853027,9,0.7645977139472961,8
月儀帖書家所重米南宮一帖有雲月儀只唐人耳無晉人格轍餘得蕭子雲出師頌觀其筆法猶是漆書遺意不當以魏晉後變隸求之,0.7338247299194336,9,0.7285019159317017,8,0.7044674158096313,7
同小二回家,0.6130791306495667,16,0.5929858088493347,4,0.5834325551986694,8
成年守著祖家,0.7004361748695374,3,0.6997401118278503,4,0.6960787177085876,8
本官因家務事心上不快活,0.7983601093292236,3,0.7436978816986084,1,0.7104513645172119,2
凡詩家,0.7069706320762634,7,0.6769145131111145,8,0.6143527030944824,9
緣家有嚴親,0.6580520868301392,8,0.6443216800689697,9,0.6271467208862305,13
道家用此作灰煮石,0.726223349571228,7,0.7170436978340149,9,0.7030006051063538,1
昌黎韓公家鄧之南陽,0.6223050355911255,9,0.6129909753799438,8,0.5902042984962463,14
烏桓家家力立祠,0.728746235370636,14,0.7270399332046509,9,0.7207779288291931,8
或是藏在人家,0.6944147348403931,8,0.6474138498306274,17,0.6398981809616089,9
勒王進功家口入省,0.6794009208679199,8,0.6767075061798096,16,0.6725788712501526,4
一家甚至萬株,0.7662798762321472,9,0.737063467502594,11,0.7238028049468994,13
今日國家財力何能爾爾,0.7199841737747192,3,0.7078513503074646,1,0.6872718334197998,2
家族龐大並且興旺,0.46902868151664734,9,0.4436255991458893,8,0.4233435392379761,14
共守國家,0.6168279051780701,8,0.5907492637634277,4,0.5861328840255737,9
回家後第一次應用時發現搓進去的皆是烏白的東東,0.8122597932815552,3,0.7365233302116394,1,0.7256738543510437,2
仇家不解,0.695160448551178,2,0.6919717788696289,13,0.6907764673233032,9
汪氏家養有一雄猴,0.815239667892456,1,0.7828432321548462,3,0.7262322902679443,14
未見身失會家齊,0.7099367380142212,4,0.6905156970024109,3,0.6857826709747314,8
遣家人張遠持帖達意於潮,0.6820891499519348,3,0.6751591563224792,16,0.6674410104751587,1
我們主人和東門的張御帶家是七大姓的首領,0.7703755497932434,9,0.763942539691925,8,0.7551668882369995,14
你這僧家何寺挂錫,0.7610254883766174,8,0.7512242197990417,4,0.7496763467788696,2
其良家子年二十以上有材勇者,0.6705642938613892,8,0.6695621013641357,9,0.6650945544242859,16
伍公後俱帶回與其家,0.6909753084182739,9,0.6861552596092224,16,0.6736971735954285,4
在二十七都危家渡下,0.7250469326972961,8,0.6937337517738342,14,0.6860074996948242,9
起六七家之紛爭,0.7630528807640076,9,0.7585892081260681,1,0.7519827485084534,13
乃聽家產宰而鬻市,0.749372661113739,3,0.7286209464073181,1,0.7164760828018188,16
這一家大小誰如他,0.801964521408081,1,0.7992640733718872,9,0.7519651055335999,3
只見王皇親家扮戲兩個師父率眾過來,0.737821102142334,8,0.7229177355766296,9,0.7079766392707825,17
家貧子壯則出贅,0.4432137608528137,8,0.4253639280796051,16,0.4120858907699585,9
趙子昂諸家,0.6440427899360657,9,0.5988019704818726,4,0.5897984504699707,12
家人顧興,0.44488921761512756,16,0.4368324279785156,8,0.43321773409843445,15
若一家三命以上,0.8016258478164673,1,0.7540522217750549,3,0.7540493607521057,2
當時到家裡,0.8130757212638855,3,0.7747920751571655,1,0.754392683506012,4
轉到裴家,0.6790639758110046,8,0.6640980839729309,9,0.6486060619354248,14
黃霸還朝日空餘海國春吟囊偏覺重行李共知貧笑別三江月俄為千里人平生一孤劍不避霍家親,0.7282068729400635,9,0.7209754586219788,14,0.7131852507591248,8
所居宅有家山堂,0.7100849747657776,16,0.6615379452705383,8,0.660506010055542,9
我在家中也難過,0.8466716408729553,3,0.7637896537780762,2,0.7602360248565674,1
其致兩家冰炭,0.788966953754425,9,0.7822562456130981,11,0.7527111172676086,12
卓立家成自發財,0.6963045597076416,8,0.6957094073295593,16,0.6921771764755249,5
所以妓家傳出幾句口號,0.787482738494873,8,0.7570826411247253,9,0.6991682648658752,16
一個僧家要他上萬上千,0.7643561363220215,8,0.7375321984291077,9,0.7237720489501953,7
還有白銀五百兩寄在親眷賴某家,0.6454586982727051,9,0.6419947743415833,8,0.62851881980896,16
餘偕內子至其家,0.7071999907493591,9,0.7002005577087402,4,0.6993657350540161,3
自古國家之變,0.662828266620636,3,0.6568554043769836,1,0.6369913816452026,2
幾家寒傍水,0.719687819480896,9,0.711798906326294,2,0.706923246383667,8
羽客仙都住從容覽歲華忽來青鳥使攜入赤松家桃結千年子丹成九轉砂童顏如可駐日日醉流霞,0.7617843151092529,8,0.7320592403411865,9,0.7249318361282349,5
昨日回家,0.609695553779602,8,0.6049184203147888,4,0.5958290100097656,16
有家種,0.6534845232963562,9,0.6490374803543091,8,0.631763219833374,16
有了三家,0.7241500616073608,11,0.7198899984359741,9,0.6912506818771362,13
舉家竟坐無辜,0.7432435154914856,3,0.7423588633537292,1,0.730387806892395,2
不欲攜其家,0.6583613157272339,4,0.6543694734573364,5,0.6494181156158447,16
餘本皇家子,0.6704571843147278,9,0.632013738155365,8,0.615497887134552,14
那李強辯論婦家事體及平昔行藏與包公知之,0.7390985488891602,8,0.7168532013893127,14,0.6982130408287048,9
到牙人楊清家,0.6825869679450989,8,0.6589267253875732,14,0.6521096229553223,9
亦請還其家口,0.7738581895828247,3,0.758795440196991,4,0.7471058368682861,1
莫討灑家動手,0.7237353324890137,8,0.6815752387046814,9,0.6689203381538391,17
富貴之家,0.7080837488174438,8,0.6913648843765259,9,0.6797793507575989,4
你只曉得與人家做醮,0.7379851341247559,1,0.7273089289665222,7,0.7239234447479248,17
吾家世以孝友恭順著稱,0.7747160792350769,1,0.7638460993766785,3,0.6933686137199402,2
家中已有韓姨夫,0.6079021096229553,8,0.6031990051269531,16,0.5745890736579895,9
筆床茶灶在扁舟興至題詩醉即休釣雪灘前邀月飲垂虹亭下看花游秋江處處縢王閣夜景家家庾亮樓淺水蘆花無處著玄真魯望我同儔,0.6593737602233887,9,0.6545376777648926,8,0.6471666693687439,16
家道豈昌,0.5394863486289978,8,0.5214748978614807,9,0.5209007263183594,16
苟不能上承家學,0.7044652700424194,16,0.7024773359298706,9,0.702298641204834,8
罷職歸家,0.6147106885910034,3,0.5961298942565918,2,0.5778287649154663,4
被其家丁庫成棟所刺來歸,0.7216641902923584,1,0.6955536007881165,9,0.6905698776245117,3
奴婢罵家長者,0.7921321988105774,16,0.7463886737823486,3,0.730579137802124,1
學士回家,0.6436176896095276,16,0.6361445784568787,8,0.6359860301017761,4
不免去他家拜訪他,0.7960975766181946,1,0.793139636516571,3,0.7894449234008789,4
況國家大事乎,0.698314368724823,3,0.6820487380027771,1,0.6625266075134277,2
回視兩家如未通姓,0.7956164479255676,9,0.7738857865333557,13,0.7635208368301392,1
只說在咱家吃酒罷,0.7530850768089294,1,0.7232491374015808,3,0.6946608424186707,4
歸家糊糊塗塗,0.787947952747345,3,0.7569236159324646,2,0.7245610356330872,1
冤家,0.6304652690887451,7,0.6292557716369629,13,0.6209105849266052,8
散與患病之家,0.6867073774337769,8,0.6675710678100586,4,0.6546010375022888,5
道家特忌,0.7155874967575073,9,0.7005794048309326,7,0.6793942451477051,8
今醫家知用芫青,0.6762212514877319,9,0.6589162945747375,8,0.640112042427063,7
則家蔬圃中祠之,0.6567186117172241,8,0.653662383556366,16,0.6313769817352295,14
重到我家,0.6828765273094177,4,0.67420494556427,5,0.6713850498199463,8
家亥卯未印及申酉戌已年勝,0.6238794922828674,8,0.5952489972114563,16,0.5870557427406311,9
哥哥跟灑家來,0.7219845652580261,8,0.6791537404060364,16,0.6726913452148438,14
一預告示仰本縣人民知會凡有一應大小公事拘人到隨到隨入就行發落了畢即回家各生理不可在縣飲酒作樂延遲不去有妨農業緝知不饒,0.7684575915336609,3,0.7364270687103271,2,0.7350589632987976,4
洞庭形勝雄千古此日登樓興不孤巳訝乾坤仍混沌更疑荊楚盡虛無鵑啼斑竹堪愁思龍枹奇峰總畫圖落日冥冥澹雲樹萬家門外有蠻艫,0.7198182940483093,9,0.693905770778656,8,0.6801193356513977,11
一到家中與汪涵宇沒些忌憚,0.8654474020004272,3,0.7663048505783081,1,0.7492107152938843,2
小歸與夫往東路回母家,0.7123106122016907,8,0.6614349484443665,4,0.656478226184845,5
籍其家,0.6300197243690491,4,0.6148043870925903,9,0.6023797988891602,16
必西家金定,0.7112072706222534,9,0.6904932260513306,8,0.6769359707832336,13
須家二將營前瞧見,0.6804726123809814,8,0.6798099279403687,9,0.6638101935386658,16
其為劇賊家婦女牛畜者,0.7715209722518921,8,0.715067982673645,9,0.6932741403579712,14
運到科名白屋家,0.6714609861373901,8,0.6646620035171509,9,0.6217049956321716,16
寒家有此,0.7584930062294006,8,0.7478018999099731,9,0.7193421125411987,14
家於餘姚,0.4659612774848938,16,0.46491172909736633,8,0.4610893726348877,9
令家人來見,0.7121018171310425,16,0.6630222797393799,9,0.658860981464386,8
柳氏本小可人家出身,0.7701353430747986,1,0.7516700625419617,3,0.7031036019325256,2
回家自思,0.7598674297332764,3,0.7479268312454224,2,0.7398756146430969,4
兒詩禮家女,0.7163175344467163,16,0.6939636468887329,8,0.6530594229698181,14
隨即帶王江到家,0.6037495136260986,16,0.5896270275115967,4,0.5876588225364685,8
史家不識也,0.6755949854850769,7,0.6582785844802856,2,0.6558067798614502,1
李大老正在家盤算資財,0.8293384313583374,3,0.75656658411026,1,0.7465710639953613,2
家人收拾合擔,0.4154216945171356,16,0.41344553232192993,8,0.4086369276046753,15
臣按國家所以久安長治者紀綱耳犯上作亂不以三尺從事紀綱隳壞國勢隨之安得畏士子之連類聚黨而不敢行法乎,0.7226287126541138,3,0.7183480858802795,1,0.6689946055412292,2
有富家姓呂名盛,0.7398470640182495,1,0.7241643071174622,3,0.6947141289710999,12
一切家務皆當屏置,0.7350178956985474,3,0.6658759117126465,2,0.6465904116630554,16
一所在縣東北白沙裏華家亭,0.749907910823822,14,0.7282874584197998,8,0.7019051909446716,16
只說道寒家有子,0.7745844721794128,8,0.74671471118927,9,0.7173207998275757,14
大凡人家住居,0.7202478051185608,9,0.7167654633522034,8,0.7084117531776428,14
讀百家書,0.6805086731910706,1,0.6651552319526672,7,0.6641497015953064,12
虯髯定擬浮家去,0.6909432411193848,8,0.648050844669342,4,0.6469732522964478,5
郎君即是通家了,0.7167474031448364,8,0.6957796812057495,14,0.6586110591888428,16
曹大家,0.6472317576408386,9,0.6465417146682739,8,0.6455833911895752,16
妾本臨淄良家子,0.6565412878990173,8,0.6553476452827454,14,0.6247149705886841,16
軍官軍人從軍征討私逃還家及逃往他地所再犯在京各衛各處守禦城池軍人再逃三犯知情窩藏者,0.7460999488830566,2,0.7377073168754578,4,0.7246696949005127,3
而世家巨室收其所入耳,0.7250102758407593,1,0.7128856778144836,9,0.7101893424987793,3
辛未仲夏中浣之吉年家子朱兆栢,0.5685084462165833,16,0.552548885345459,9,0.5507048964500427,8
行廉州府清查十家牌法案照本院先行十家牌諭,0.8084906339645386,13,0.7706899642944336,12,0.7432358264923096,10
那婦人見了富家子,0.7443727254867554,1,0.740162193775177,8,0.7338115572929382,16
少時家貧無書,0.7764034271240234,3,0.7516942620277405,1,0.7222442626953125,2
昨日我不在家,0.5770907998085022,8,0.5504260063171387,16,0.5365738868713379,4
只是人家小集,0.7431356310844421,1,0.7116904854774475,10,0.7114627957344055,3
有一家人姓董,0.825057327747345,1,0.7719326019287109,3,0.7652460336685181,12
咱家不吝,0.7138667702674866,8,0.6971308588981628,1,0.6942954659461975,4
徑往王六兒家來,0.7192119359970093,3,0.7162884473800659,4,0.68678879737854,1
鄒莫二家,0.7019765973091125,8,0.6981662511825562,9,0.6886207461357117,14
只在自家性情上理會,0.7638660073280334,9,0.7438989281654358,8,0.7117516994476318,16
皆家人語,0.6863930225372314,8,0.6824815273284912,14,0.6767123341560364,9
偶然間把東家給他的俸金失落了,0.7618825435638428,9,0.751126766204834,8,0.7474901676177979,13
奴家見他拿東拿西,0.7239397764205933,8,0.7107709050178528,16,0.6880773901939392,9
溫師父不在家,0.6532164812088013,16,0.6523314118385315,8,0.6419935822486877,4
不知合誰家聖,0.7533936500549316,9,0.7228004336357117,4,0.7174097895622253,2
亦是為家之計也,0.7866945266723633,3,0.7425823211669922,2,0.7367194294929504,1
誠恐家賊自劫退,0.7375588417053223,16,0.7039729952812195,15,0.6842752695083618,9
請遣小廝回家服役,0.7841078042984009,3,0.7551846504211426,2,0.7514362931251526,1
貴官家欺負,0.7602441310882568,8,0.7475948333740234,17,0.7188234329223633,9
及至家,0.625902533531189,16,0.6034702658653259,8,0.5857083797454834,9
百年壯志空懐劍九日游人不到家村晩漁依林外火山寒月傍夜歸查江湖夣轉衣初冷歲月心非鬢欲華何處霜橋通酒市將因系纜問黃花,0.7171231508255005,8,0.6810702681541443,16,0.675267219543457,4
彩絢吳箋繭理斜龍須漚楮壓氷花風帆載重歸蒼漢春殿翻經擁健霞揮灑定崇前世典寵光先到大臣家遙知朝著虗賢席莫為湖山枉使槎,0.7463220357894897,5,0.7431302070617676,4,0.7331291437149048,8
且諸家水法,0.7661789655685425,9,0.7128381729125977,8,0.7050350904464722,13
惟鹺國家仰給有法,0.7289807796478271,3,0.723522961139679,2,0.7189406156539917,1
花入神仙家用,0.7473430037498474,8,0.7329294681549072,5,0.7185423374176025,3
既然是項家舊日的塾師,0.7787009477615356,1,0.7461681365966797,3,0.7440472841262817,9
是即女家,0.6385104060173035,9,0.6365090012550354,8,0.5967115759849548,16
家中寶貝珠玉盡是俺家掌管,0.5186872482299805,8,0.49641263484954834,6,0.4826803207397461,9
夜軍是日亂田弘正並家屬參佐將吏等三百餘口並遇害,0.7263786196708679,1,0.7128862738609314,3,0.6787149906158447,12
附郭人家遠近分,0.7479599118232727,8,0.7354431748390198,9,0.7126174569129944,14
我國家進用人才,0.576654314994812,8,0.5698286294937134,17,0.5631409883499146,9
家有老人泉,0.3860951364040375,8,0.37893715500831604,9,0.36020469665527344,16
寄信回家,0.6311036348342896,4,0.610865592956543,5,0.6009384393692017,8
貧乏之家,0.6920603513717651,8,0.6887488961219788,4,0.6727370619773865,5
章永州家傳,0.7112542390823364,9,0.6831561923027039,14,0.6719818115234375,16
或曰語云國政易家政難何也余齋曰疏任法親任化遠者易飾近者難欺,0.6587485074996948,16,0.6424360275268555,9,0.6392331719398499,8
自募吏民能得家屬者,0.746975302696228,2,0.7275537848472595,3,0.7085780501365662,4
和你家爹爹何干,0.793523371219635,1,0.7335259914398193,3,0.7188605070114136,14
此書視陝本特為姿媚唐時稱為小玉書若非懷仁自運即不當命之小王也吾家有宋舍利塔碑云習王右軍書集之為習正合餘因此自信有會,0.7481241822242737,1,0.7369835376739502,3,0.7268515825271606,4
那家業是岳翁盡行付我的,0.7675877213478088,9,0.7468745708465576,1,0.7372553944587708,8
歸到家中,0.8163438439369202,3,0.7780222296714783,2,0.7633358836174011,4
走到家中信鬼神,0.8020325899124146,3,0.7525366544723511,4,0.7493413090705872,2
又四十里至田家莊鋪,0.6923112273216248,1,0.6799412369728088,8,0.6725419759750366,12
若是平常經紀人家,0.6126536726951599,17,0.6062840819358826,8,0.5826927423477173,9
一逕到潘家門首,0.7633193731307983,1,0.7461695075035095,3,0.7160400152206421,4
國家可保也,0.6641526818275452,2,0.6404612064361572,3,0.6333829164505005,1
家人告以小姐思牡丹得病特來此買之,0.677338182926178,16,0.6458137631416321,8,0.6167190074920654,9
為章丞相幾破我家,0.5754361748695374,9,0.5704437494277954,8,0.5651328563690186,4
家中妻妾,0.6286423206329346,16,0.6184946298599243,9,0.6058597564697266,8
原來你自家心裡有病,0.6552104353904724,13,0.6493117809295654,1,0.6442977786064148,8
配有室家者,0.7219117283821106,8,0.6631365418434143,6,0.6496188044548035,9
姑蘇闔閭子城西有薛家墩,0.7568409442901611,14,0.7248107194900513,8,0.7078158259391785,9
吳俗以十月五日為五風生日太湖漁者千餘家盛陳牲醴饗並湖諸神祠祈是日有風則每五日風雨如期而至終歲皆然可以揚帆取魚謂之五風信,0.756949245929718,11,0.7437766194343567,9,0.7338277697563171,8
自家弟兄不要避忌,0.7211984992027283,9,0.7037951350212097,16,0.694305419921875,14
君家世濟美我家世同科豈真江邑小並駕自無多,0.7633496522903442,1,0.7558114528656006,3,0.7414805293083191,4
家貧行乞,0.5542486906051636,16,0.5304903984069824,8,0.5228179693222046,9
國亡家破欲何之,0.7062532305717468,3,0.6816926002502441,2,0.6712581515312195,1
大家小戶,0.6803936958312988,1,0.6721599698066711,2,0.6624245643615723,9
述其女事外家不得志以死,0.6924919486045837,16,0.6916727423667908,8,0.6861355304718018,9
家在東陽,0.4284977316856384,8,0.42741549015045166,9,0.42034292221069336,6
誰人許你等黑夜明火打入人家,0.6381884217262268,8,0.6031271815299988,9,0.5969324111938477,17
教我家枉自盼望,0.7392823696136475,3,0.728256106376648,4,0.7133147716522217,1
顏魯公送劉太衝序綠箋書北京國學刻石真跡奇宕為遼東李帥所藏其家圖書皆散今不知所在,0.7931379079818726,9,0.7388546466827393,2,0.7373033165931702,1
被人家笑話,0.7040855288505554,1,0.688362181186676,7,0.6868448853492737,17
不見家鄉,0.7160398960113525,4,0.6662910580635071,2,0.6594225764274597,16
回家來,0.7452731132507324,4,0.7292479276657104,3,0.7167280316352844,2
是否割到二家官山,0.7479405403137207,9,0.713011622428894,14,0.7025466561317444,8
知為家寒歲迫,0.6849178671836853,16,0.6788586974143982,3,0.6683515310287476,2
治家治身者,0.6950857639312744,3,0.6854953169822693,2,0.6717541813850403,1
那裡曉得他家殺人公事,0.7749943733215332,8,0.7542879581451416,9,0.7408136129379272,14
馬家小娘子被人殺死,0.7459125518798828,1,0.7455973625183105,14,0.7062087655067444,9
奕葉猗蘭振代光君家兄弟大芬芳誰因採佩思王者自詠迷陽學楚狂昨憶尺題存篋笥何時鬥酒說干將定知鴻鵠翔天漢羽翮無勞弋繳防,0.7246962785720825,8,0.7149628400802612,9,0.7028113007545471,14
多以家事消長之故,0.7501280903816223,3,0.6859927773475647,16,0.6819639801979065,2
竊計王家之視宮莊,0.7476646304130554,1,0.7359877824783325,9,0.7324479818344116,3
兩家亡魂,0.8097363114356995,9,0.7358621954917908,8,0.7259291410446167,13
我回家面言,0.7507502436637878,3,0.7265834212303162,4,0.7243170738220215,2
長者即令家人取竹竿接之而渡,0.7543603181838989,16,0.7489960193634033,3,0.7278770804405212,1
有各衙門家火木板紙張之費,0.6816117763519287,8,0.6577853560447693,9,0.642363965511322,14
護衛及南昌前衛一應從亂雜色人役家屬在省城者,0.7424635887145996,3,0.7314091920852661,1,0.7166486382484436,2
及私家拷打監禁,0.7132083773612976,2,0.6951276659965515,3,0.6672252416610718,1
其家棄之,0.7420971393585205,3,0.7336590886116028,1,0.7091644406318665,2
前日我替申家官人求親,0.7834679484367371,14,0.7760655283927917,8,0.7716812491416931,16
鄰里家有些些事都浼他,0.7907408475875854,3,0.7784190773963928,1,0.7439574599266052,8
卻挂著老娘在家,0.6334708333015442,3,0.6219582557678223,8,0.6060237884521484,2
家下有八九年用不著的米穀,0.663858950138092,8,0.6421042084693909,16,0.6146416068077087,9
洗墨臨池客移家住近江越山青隔岸偏入學書牕,0.6842154860496521,4,0.6735928654670715,3,0.6697273254394531,2
家屬八十餘口,0.42488786578178406,16,0.4169735014438629,8,0.4084179401397705,15
主敗家產,0.6683999300003052,16,0.6457217931747437,8,0.6383808255195618,13
家事之四代矣,0.7050946950912476,16,0.6789032816886902,9,0.6768894195556641,8
悉缶盆田家,0.6886839866638184,9,0.680770754814148,8,0.6506609320640564,14
辭了親戚家門,0.745949387550354,16,0.723980724811554,8,0.7161099314689636,3
至宋時醫家始用之,0.7081480622291565,7,0.6995862126350403,9,0.6768671870231628,8
每日往來於董家店最稔熟,0.7385531663894653,8,0.7348368763923645,9,0.7279255390167236,12
治家分合章第五十三,0.7146996259689331,9,0.684130847454071,8,0.6603960990905762,16
往往借貸勢家,0.5022498369216919,8,0.4936683773994446,9,0.4889366924762726,17
夜光連水色水上見君家欲解江妃佩堪停海客槎蟾浮翻雁鶩桂落亂蒹葭卻憶攜樽泛金波萬頃賒,0.691851019859314,8,0.6636539697647095,2,0.6572868824005127,4
俾休於家,0.5818905234336853,9,0.5797759294509888,8,0.5760196447372437,2
三家變臉,0.7363879084587097,9,0.6860798597335815,11,0.6852877140045166,13
君家庖饌出須臾,0.7229105234146118,8,0.689150333404541,9,0.6721610426902771,13
有家鴨,0.6810325980186462,15,0.6670439839363098,14,0.6578984260559082,8
家倚山南,0.6943478584289551,8,0.6641279458999634,9,0.6622045636177063,16
叫我家堂處查,0.7280458807945251,3,0.7171689867973328,4,0.7155952453613281,1
初家城西日中坊,0.6604161858558655,8,0.6152307391166687,9,0.6008183360099792,14
故不顧身家性命而力辭之,0.7392369508743286,1,0.7356629371643066,3,0.731178343296051,2
皇家袒免以上親被毆,0.6488469243049622,9,0.6417390704154968,8,0.6210591793060303,14
今日再喜得叔叔來家,0.597467303276062,8,0.5799207091331482,16,0.5663169026374817,9
太倉民家得三足鱉,0.7641220092773438,8,0.7418937087059021,14,0.7306833863258362,1
便可移家,0.5849034190177917,8,0.5676037073135376,16,0.5657124519348145,6
留一兩五錢在家,0.5933486223220825,8,0.5830292105674744,9,0.5815420746803284,3
有雙扇紅對門兒的就是他家,0.6305448412895203,8,0.5964328050613403,9,0.5840457081794739,14
即詣充家迎兒,0.71654212474823,8,0.704288125038147,14,0.7006258368492126,9
卻把兩口子放回家去,0.8410213589668274,3,0.8014519214630127,1,0.7835255265235901,4
遂致仕家居近三十年,0.7740473747253418,3,0.7379997968673706,1,0.7143939137458801,2
家公欲與君納交,0.5472047328948975,16,0.5021393895149231,8,0.4936779737472534,15
欲待要複回捕竊家來,0.7322641015052795,8,0.6974801421165466,5,0.696922779083252,9
我開封府富家,0.6691200137138367,8,0.649888813495636,9,0.6352734565734863,17
以薦起家縣令,0.616844654083252,16,0.6076452136039734,9,0.605509340763092,8
家道漸裕,0.6112875938415527,8,0.5907328128814697,9,0.5880561470985413,16
張氏一家親戚,0.7453663349151611,1,0.7046302556991577,9,0.7010555267333984,12
米南宮襄陽人自言從瀟湘得畫境已隱京口南徐江上諸山絕類三湘奇境墨戲長卷今在餘家餘洞庭觀秋湖暮雲良然因大悟米家山法,0.6947755813598633,14,0.6641430854797363,8,0.6448715925216675,1
這咱晚又往家裡跑一遭,0.7965413331985474,3,0.7504499554634094,1,0.740674614906311,4
家屬移九真,0.34260013699531555,16,0.34177613258361816,8,0.3381491005420685,15
國家有賞爵之典,0.6330444812774658,9,0.6324763298034668,1,0.6247135996818542,3
他是三代積德之家,0.6667760014533997,7,0.6661828756332397,9,0.6314724087715149,8
自芳哭到家來,0.7289934158325195,4,0.7191835045814514,5,0.7141446471214294,16
歷談家嶺,0.6848077178001404,16,0.6534470319747925,8,0.6250149011611938,9
愛惜身家,0.5939391255378723,8,0.5674470067024231,17,0.5616894960403442,16
又為出家高僧,0.6772009134292603,3,0.656548261642456,2,0.6525774598121643,1
但郭家自無奈昆崙奴何耳,0.7766861319541931,9,0.7660773396492004,8,0.7570534348487854,14
不想董家船上卻動火了一個人,0.77337247133255,1,0.7462155222892761,14,0.7461128234863281,3
為妻的整年月在家守活孤孀,0.8391892313957214,3,0.7902871966362,1,0.765658974647522,2
一辭青鎖滄江臥山城三見梅花破正愛家家臨水開還愁樹樹和煙墮清樽欲醉不成歡雪調空歌誰與和小院回廊日又斜高樓短笛風前過,0.7132056355476379,1,0.7102227210998535,2,0.6983338594436646,3
元朝四家,0.6817208528518677,9,0.6436547040939331,8,0.6430742740631104,14
才方轎邊說話的是俞家家人,0.7516794800758362,14,0.7470458745956421,8,0.7447097897529602,1
替你家打勤勞兒,0.7592401504516602,8,0.7238840460777283,9,0.7218446731567383,5
與我家相公三人年貌多相似,0.7769650816917419,1,0.7457087635993958,16,0.7395942807197571,14
待老拙至王倫家將奸夫淫婦結果性命,0.7501583099365234,3,0.7250677347183228,1,0.7167949676513672,4
在令岳家苦守,0.7510075569152832,9,0.6983179450035095,1,0.6972672939300537,8
小的家主果然有一兩件不守本分勾當,0.7746763825416565,3,0.7691441774368286,16,0.7679104804992676,1
三家水,0.7246740460395813,9,0.7107672095298767,11,0.6954219341278076,13
轉至煙花巷張行首家報知,0.7545552253723145,11,0.7309625744819641,9,0.7028199434280396,12
道家不須,0.717502772808075,7,0.7109871506690979,9,0.6889905333518982,8
被舊家巢燕,0.7248864769935608,8,0.723026692867279,9,0.7100695967674255,4
小的到家對俺奶奶說,0.8002176880836487,3,0.7521493434906006,1,0.7512996792793274,4
料理家事,0.6836454272270203,3,0.6547799110412598,16,0.6361784934997559,2
是他家祖傳的,0.7879647016525269,9,0.7696264386177063,14,0.7677686214447021,1
漁翁不謂其出家人不宜食魚,0.6255989670753479,9,0.6225593090057373,2,0.6110907196998596,16
恰好郗家的嬌枝小姐遣青衣小婢送賀禮至,0.7727768421173096,8,0.7521485090255737,14,0.7442395687103271,9
哨黨衝家,0.6233938336372375,8,0.6167875528335571,9,0.5996774435043335,14
有志國家事,0.6854442358016968,7,0.6700008511543274,3,0.6591998338699341,12
你門首上下幾家,0.6529773473739624,9,0.6284707188606262,8,0.6139730215072632,11
但恨家寒,0.7232214212417603,16,0.6891765594482422,2,0.6818726658821106,3
你老人家只知念經拜佛,0.780532956123352,1,0.7439013719558716,3,0.6986046433448792,7
大家商議捉奸,0.7143027186393738,1,0.6819148063659668,3,0.6647719740867615,10
不知在誰家來,0.7863047122955322,4,0.7622520327568054,1,0.7602846026420593,3
一凡家主告奴僕盜財物奴僕告家主奸妻女多系誣捏不要輕准,0.7766082286834717,3,0.7710041403770447,1,0.7359327673912048,16
你在家也懶於這營生,0.8573627471923828,3,0.7427825331687927,1,0.7411971092224121,2
只見間壁一個大戶人家門首,0.7660033106803894,1,0.7636924982070923,3,0.7192171812057495,2
悄悄走到家裡有何難事,0.8307773470878601,3,0.7780439257621765,1,0.7553144693374634,4
及官豪勢要之家,0.6666067242622375,9,0.6255053877830505,8,0.6165066361427307,16
難將妻子共移家清霜樹裏黃梅縣曉日江頭白板槎,0.7072122693061829,4,0.6959457397460938,5,0.6914640069007874,2
剖破藩籬即成大家,0.6455433368682861,9,0.6224567890167236,8,0.6070315837860107,16
家奴撥置,0.5932761430740356,15,0.5835897326469421,16,0.5725849866867065,8
家產田園盡付與女婿,0.4374764561653137,8,0.43039754033088684,9,0.39426231384277344,16
劉家花羞女死半年,0.7545164227485657,14,0.7388465404510498,8,0.7270437479019165,16
家資巨萬,0.38442203402519226,9,0.3683166205883026,8,0.3556508421897888,16
家事或饒裕否,0.5430810451507568,16,0.5393149256706238,8,0.513154923915863,9
意心身家國天下,0.6875663995742798,2,0.6843159794807434,3,0.6835028529167175,4
其有能理官如家乎,0.6811472773551941,2,0.6798632740974426,8,0.6795551776885986,16
不管我家餓死,0.7597582340240479,8,0.7393248677253723,5,0.7374588847160339,4
隨為我國家岐陽王所襲,0.7142012715339661,9,0.6524235010147095,13,0.6519070267677307,8
真個是合家歡樂,0.7499091029167175,3,0.7268234491348267,2,0.726411759853363,1
見丈人趙大急急忙忙走到家來,0.8234243392944336,3,0.7835160493850708,4,0.7783017158508301,1
治家有法,0.6738896369934082,2,0.671769917011261,9,0.6705213189125061,3
一奸豪勢要及軍民人等擅造二桅以上違式大船將帶違禁貨物下海前往番國買賣潛通海賊同謀結聚及為響導劫掠良民者正犯處斬梟示全家發邊衛,0.7275357842445374,9,0.72412109375,1,0.7235890626907349,2
我家裡原無家小,0.789129376411438,3,0.7800830602645874,1,0.758468508720398,2
老而後出家者也,0.6548855304718018,3,0.6445634365081787,2,0.6372095942497253,9
有家置五鍋十鍋者,0.7149938941001892,9,0.7097432613372803,8,0.6812692284584045,3
欲得而家焉,0.6780031323432922,2,0.6520536541938782,4,0.6427876949310303,5
他日役滿家居,0.7462899684906006,3,0.7212504744529724,16,0.717880129814148,2
五代時名畫家也,0.7374064922332764,7,0.6691881418228149,3,0.6634687781333923,1
書家訛為甘木,0.699350118637085,9,0.6958727240562439,8,0.6799127459526062,7
目擊朱常在趙完家行兇,0.7412289381027222,4,0.728252649307251,3,0.7241288423538208,5
令家人遍處尋覓,0.6551374793052673,16,0.6412432193756104,8,0.6269689202308655,15
此吾姻家,0.6293288469314575,9,0.6246289610862732,8,0.6106919646263123,17
故金陵民家女,0.7356183528900146,14,0.6870237588882446,8,0.6678235530853271,16
其家為盜入西廂,0.756041944026947,4,0.7439408302307129,3,0.7325056195259094,1
只見一家樓上推開窗,0.7760265469551086,9,0.7754836082458496,11,0.7740161418914795,1
這兩股家業盡歸於我,0.7632753252983093,1,0.7546894550323486,3,0.7324469685554504,2
某家新果,0.7259446382522583,11,0.7247623801231384,9,0.6880130767822266,10
小娘子何等人家,0.6521568894386292,17,0.6433061957359314,8,0.6088317036628723,14
渾家陸氏,0.7268144488334656,14,0.7219823002815247,9,0.7199320793151855,1
形似家葡萄,0.7282649874687195,15,0.720864474773407,16,0.7049838900566101,8
此釵鈿多是我家物,0.7445613741874695,8,0.7428635358810425,4,0.7393750548362732,5
半午後到鄧氏家道,0.7415211200714111,14,0.7349896430969238,1,0.7165949940681458,3
家中一個小廝,0.3693901598453522,8,0.3550608158111572,16,0.34632837772369385,15
假寫家書,0.7151489853858948,16,0.713017463684082,8,0.6981759071350098,15
國家二百年來重熙累合,0.6993294954299927,3,0.6958255767822266,1,0.6710579991340637,2
吏請家諱,0.6713480353355408,16,0.6543266177177429,8,0.6358197331428528,9
傅伙計見平安兒一夜不來家,0.6125298738479614,8,0.573467493057251,6,0.5700036883354187,5
氣決將離易時危小歇難悲歡人兩世夢覺日三竿雷雨龍思起冰霜歲欲寒家傳良牧譜珍重使君灘,0.6806075572967529,8,0.6699388027191162,9,0.6523663401603699,14
終不成餓死了我一家罷,0.8694810271263123,1,0.8064894080162048,3,0.7859717607498169,2
橋跨延陵第一家,0.67719966173172,11,0.6756098866462708,9,0.6675544381141663,8
父字與男松郎知之今我於閏四月十三起身至沅州暫住不知何時得交代回家我俸祿俱為貴州做事無得帶回家中凡事儉約凡人家歹,0.7812930345535278,3,0.7506201863288879,4,0.7442035675048828,2
即堂姚循家業,0.6938353180885315,16,0.6866481900215149,14,0.6834446787834167,8
家人來報,0.42207393050193787,15,0.41966143250465393,8,0.41134655475616455,16
且拿這游嘴光棍到家裡拷問他出來,0.8201119899749756,3,0.7864802479743958,1,0.73356693983078,2
喬木不知年茒堂鎖晝煙人疑揚子宅門有米家船隱跡山南霧將雛冀北天晚成良有會莫自惜華顛,0.770751416683197,8,0.7328323721885681,9,0.7162408828735352,14
昔年梅墅鎖研舊羨爾交情久益新蚤擅雕蟲仍數厄因貪訓鯉更家貧那知鸞鳳星辰化頓令龍蛇卜讖真即使過君終挂劍子牙能不轉傷神,0.7124635577201843,2,0.7111859917640686,16,0.7090936899185181,3
那家就先來接他,0.7825270891189575,11,0.7683504819869995,8,0.7539181113243103,9
火底仕僧家奴亦不刺金伯顏撒都魯丁阿散泰定間任,0.7198129892349243,16,0.6933465003967285,14,0.6868523359298706,8
急娶月仙來家,0.6666300892829895,8,0.6237911581993103,14,0.6195204257965088,16
竟是誰家之天下,0.783748984336853,9,0.7653288841247559,1,0.7508296966552734,2
叵奈這村落人家行善的少,0.7293959259986877,8,0.697732150554657,14,0.6942620873451233,1
常人家業從容,0.7603824138641357,3,0.7337673902511597,1,0.7217925786972046,2
一日偶問其家所為業,0.755765438079834,3,0.7437252402305603,1,0.7306494116783142,16
即命家僮請幾個左鄰,0.7696346640586853,16,0.7421504259109497,3,0.7085387110710144,1
嬸嬸在家,0.6656195521354675,16,0.6510398983955383,4,0.6469614505767822,8
只為家主公要賣弄豪華,0.7334471940994263,9,0.732519268989563,16,0.7202721238136292,8
少家貧,0.6955099105834961,16,0.6785188317298889,3,0.6596332788467407,2
有子遺於家,0.5955092906951904,16,0.5840003490447998,9,0.5724661946296692,8
則兒家之祥也,0.7261307239532471,8,0.7184016704559326,3,0.7117745280265808,2
我老人家肚裡沒閑事,0.7984296679496765,1,0.7612546682357788,3,0.7090063691139221,7
甚至敗倫傷化奪軍士之妻家丁之色,0.7913552522659302,3,0.7712939381599426,1,0.7469190955162048,2
家圃有蔬果,0.6795595288276672,8,0.6264654397964478,16,0.6183034777641296,15
劉仲泣訴被彭誅殺家屬,0.6861066818237305,1,0.6823140978813171,3,0.6555051803588867,4
因逃回岳丈家,0.6445526480674744,8,0.6431980729103088,9,0.63282310962677,16
休信山家吉與兇,0.6425249576568604,9,0.6112379431724548,16,0.5909685492515564,13
張二家財,0.7402005195617676,9,0.71901935338974,16,0.7190189957618713,1
家人曰,0.5864846706390381,16,0.5648260712623596,8,0.5433813333511353,15
家累是托,0.4092618525028229,8,0.3812505006790161,6,0.3721667230129242,15
診家樞要,0.686854898929596,8,0.6688945889472961,9,0.6638677716255188,16
家故饒,0.4084138572216034,9,0.4018000066280365,8,0.3995775878429413,16
正是家師,0.6990545988082886,16,0.6775540113449097,8,0.6750150322914124,9
父王先歸家國,0.668662965297699,16,0.6530536413192749,2,0.6472681164741516,4
其家因失一老白犬,0.7788821458816528,1,0.7584273219108582,3,0.7181291580200195,4
昨聞陳餘殺張耳家屬,0.6804673075675964,1,0.6752516627311707,3,0.664633572101593,2
有句話奉告你老人家,0.6492112278938293,17,0.6103943586349487,8,0.6086506843566895,7
則遠去家室,0.7418769598007202,3,0.7228594422340393,16,0.7105314135551453,4
荊南岡央及營里張親家,0.701028048992157,14,0.6806113123893738,9,0.670754611492157,8
爭似儂家春最多,0.7039896249771118,8,0.696111261844635,14,0.6683685183525085,5
家中敢有小人了,0.6709288954734802,8,0.6611709594726562,16,0.6359288096427917,9
是隔壁樂三家月臺,0.7638730406761169,11,0.7419934868812561,9,0.7382476925849915,12
旌旗十道出瀛州上將於今尚黑頭已幸彤弓來細柳複煩黃石屬紓籌長纓雲擁山河動甲帳霜寒瘴癘收銅柱聲名君自許漢家豈肯吝封侯,0.7370214462280273,8,0.7178525328636169,9,0.7164414525032043,14
況去家十三年,0.6845924854278564,3,0.6608510613441467,2,0.6576260328292847,4
誆了朱家兄弟,0.76325923204422,9,0.7598973512649536,14,0.7306127548217773,8
要到我家將息,0.7618652582168579,4,0.7553115487098694,3,0.7433202266693115,1
眾家俱起,0.6992452144622803,9,0.6970607042312622,2,0.6904537081718445,13
手持白接䍦撇波下江去知是誰家兒,0.7360590696334839,4,0.7318962216377258,2,0.7204450964927673,1
怎的又叫你家太監送禮來,0.7912542819976807,1,0.7371810078620911,3,0.7131018042564392,14
家貧,0.4239464998245239,16,0.41110754013061523,8,0.3954692780971527,9
後家於莆,0.6562532782554626,4,0.6507184505462646,3,0.6499359011650085,1
朕帝王家之知不足,0.6889740824699402,2,0.6774840354919434,8,0.6770076155662537,5
到家看你溫師父來了,0.7881941199302673,3,0.7549741268157959,1,0.7478902339935303,2
在家的,0.7547787427902222,3,0.7196977138519287,2,0.716978132724762,4
好管家,0.6768349409103394,7,0.6316315531730652,17,0.6292478442192078,8
遂逃歸家,0.5780686736106873,9,0.5715404152870178,8,0.5708655714988708,16
而安與田任方以貧事家監,0.6461807489395142,3,0.6433585286140442,16,0.6379141211509705,8
愛玉家忘八知之,0.6726695895195007,9,0.6678116321563721,8,0.6211955547332764,7
搬取家小,0.7081472873687744,4,0.7011470794677734,8,0.697740912437439,16
難為老豬一個逐日家擔著走,0.7806611061096191,8,0.7659463882446289,5,0.7262275218963623,9
在城裡鄉宦人家小姐處,0.7429216504096985,3,0.7426224946975708,1,0.7030646800994873,14
國家養士三百年,0.6762283444404602,9,0.6664882898330688,8,0.6387078762054443,14
欲求為公家門婿,0.6966999769210815,9,0.6925366520881653,8,0.6873103976249695,14
伙計家,0.6537376046180725,8,0.628237247467041,17,0.6260820031166077,16
還未來家哩,0.7641222476959229,4,0.7508450150489807,5,0.7141495943069458,6
干預家事,0.7123616933822632,3,0.6956185698509216,16,0.6627616286277771,9
貨與帝王家,0.7285219430923462,8,0.7138048410415649,9,0.6783563494682312,17
抬肩擷肚胃家虛,0.5218790769577026,9,0.5051020979881287,8,0.48961061239242554,16
尸骸現在他家門外,0.8002650141716003,3,0.7800073027610779,1,0.7670210003852844,4
家無蓄者,0.5568007826805115,8,0.5218299031257629,16,0.5056220293045044,15
醫家不知有此,0.6923878788948059,9,0.6829485297203064,7,0.6779717803001404,8
倒教他家去罷,0.7497374415397644,8,0.7270475625991821,9,0.7233654260635376,4
謝了媽媽歸家,0.7045450210571289,4,0.6869195699691772,2,0.6864380240440369,5
本日家宴不提,0.6905465126037598,16,0.6625773906707764,3,0.6479650139808655,14
斯有家也,0.7010875344276428,4,0.6881104111671448,8,0.6790123581886292,9
我家裡也留以留你,0.8073486089706421,3,0.7804770469665527,1,0.7465623021125793,4
家後益貧,0.44465094804763794,8,0.4395264685153961,16,0.426492840051651,9
周家何以得稱,0.7410208582878113,8,0.7391828298568726,9,0.7324308156967163,14
他老人家別的罷了,0.7705175280570984,1,0.7367569208145142,7,0.7365972399711609,3
怎麼家中又有那四位,0.8044012784957886,3,0.7587629556655884,1,0.7393466830253601,16
如今黃官人家道豐足,0.708604097366333,2,0.7058468461036682,1,0.7000569105148315,8
雲閣誰家閟晚香,0.7055184245109558,2,0.6795935034751892,14,0.6785507202148438,1
因家豐富,0.679153561592102,3,0.6558089852333069,16,0.6497107744216919,1
而天下國家將自理也,0.7095345258712769,3,0.6876795291900635,1,0.6678963303565979,2
下後兒孫家計傾,0.7873636484146118,3,0.7694768905639648,1,0.7466221451759338,2
執出家,0.5999037623405457,1,0.5976561903953552,3,0.597076952457428,10
家資巨萬,0.38442203402519226,9,0.3683166205883026,8,0.3556508421897888,16
都要自家愛惜,0.7037177085876465,8,0.6977744698524475,1,0.6966660022735596,9
劉全歸家,0.6134452223777771,4,0.6112135648727417,16,0.6086926460266113,2
翟管家甚是歡喜,0.7559667229652405,3,0.7440385818481445,1,0.713618814945221,16
家私傾散,0.46455925703048706,8,0.4572356045246124,9,0.43016499280929565,6
國破家亡,0.6302365064620972,3,0.6078360080718994,2,0.6058513522148132,1
天秀與董家人並琴童行了數日旱路,0.7902034521102905,16,0.7595841288566589,14,0.7551625370979309,8
五家坐之,0.7871943116188049,13,0.7740498781204224,9,0.7143576741218567,8
舊日的家人像脫歡這一輩的,0.750346302986145,16,0.7150139808654785,3,0.7079166173934937,15
偏你思量家鄉,0.7248473763465881,4,0.717184841632843,16,0.7082555890083313,2
覷山家水幽,0.7418256998062134,8,0.6801522374153137,14,0.6749222278594971,9
好窩藏著養漢掙錢兒與你家使,0.7392545342445374,1,0.7372972965240479,8,0.7337758541107178,4
赴任正千家而來,0.7414510250091553,9,0.6998935341835022,8,0.698084831237793,13
正楊川家也,0.6828303933143616,9,0.6650420427322388,3,0.6591960191726685,1
以四海為家,0.6566696166992188,4,0.6206860542297363,2,0.6189749836921692,9
馬遷採七十二家言而成史記,0.7590326070785522,9,0.676220178604126,12,0.6650140285491943,11
彞倫攸敘室家全,0.6278323531150818,16,0.622185468673706,3,0.617431640625,1
家中百事興,0.46088114380836487,8,0.44166532158851624,9,0.43607813119888306,16
乃伴婦至其家,0.6916084289550781,3,0.6899115443229675,8,0.6881722211837769,4
孩兒回家,0.719804048538208,4,0.6868725419044495,5,0.6712527275085449,8
拘喚潘渾家並潘有廉父子四人,0.7143118977546692,8,0.6826121807098389,16,0.6671276688575745,14
諸家未見此一種,0.7251671552658081,9,0.6688609719276428,13,0.6647109389305115,1
奴家才學上頭顱,0.7195318937301636,1,0.7137420773506165,9,0.7073730826377869,8
舊家氣骨猶存,0.6769846677780151,4,0.6768363118171692,5,0.674610435962677,9
我家是毫州毫水縣人,0.7650480270385742,1,0.7329875826835632,3,0.720169186592102,4
漢家爭道孝文明左右臨朝問亦輕健灌但知讒賈誼,0.6817041635513306,9,0.6541104912757874,8,0.650658130645752,14
而家居若將終身焉,0.7661173343658447,3,0.7347355484962463,2,0.7009430527687073,1
家故巨富,0.4425315260887146,9,0.4399145543575287,8,0.43161627650260925,16
春回綠野家家酒,0.7315936088562012,2,0.7020760178565979,4,0.6923354864120483,8
古廟店家都是化現假設,0.7205613255500793,11,0.695073127746582,12,0.6942782998085022,8
家人驗其非鬼,0.5099315047264099,16,0.49140074849128723,8,0.4712967872619629,15
你到舅家,0.7050421833992004,8,0.6939550638198853,14,0.6895407438278198,4
家玉幼好擊劍,0.6179236173629761,16,0.5909118056297302,8,0.574523389339447,15
美都即到家對母親說了,0.7992517948150635,3,0.7422516942024231,4,0.7317484021186829,1
觀陸宣公家祠,0.7079482674598694,1,0.703515350818634,14,0.7019380331039429,12
侯家燈火貧家月,0.7698855400085449,1,0.7516900300979614,3,0.7492935657501221,14
何年顧虎頭有此傳家手老夫細摩挲儼似黃子久,0.7122584581375122,9,0.7003032565116882,1,0.696528434753418,14
哭思叔家銀萬,0.6945571899414062,3,0.6788753271102905,1,0.663810670375824,4
五曰不道謂殺一家非死罪三人及支解人若採生造畜蠱毒魘魅,0.7696215510368347,9,0.755551815032959,13,0.7164486050605774,8
空人國家如是速也,0.6750974059104919,9,0.6703853607177734,7,0.667862594127655,13
你好好照顧家室,0.7624089121818542,16,0.7316049337387085,3,0.72055584192276,4
大家說說笑笑,0.7103300094604492,1,0.6843641400337219,3,0.6586574912071228,10
哨馬報宋軍已出剡家灣,0.7389823794364929,14,0.699099063873291,8,0.6957628726959229,16
不辨誰家宇宙,0.7589910626411438,9,0.7353916764259338,4,0.7211087942123413,2
即五家山,0.7349821329116821,9,0.698114275932312,13,0.6943843960762024,14
家有紫玲瓏館,0.5709091424942017,8,0.5659319758415222,9,0.5427271127700806,16
大家勉力一守乎,0.6629801392555237,1,0.6547297239303589,3,0.6464864015579224,2
殺回家救寨,0.6972198486328125,4,0.6899796724319458,2,0.6899468302726746,3
到宣徽家來,0.7344700694084167,4,0.7292486429214478,9,0.724041759967804,3
且說吳月娘有日來家,0.5510761141777039,8,0.5275309681892395,9,0.5126155614852905,16
你師當日出家,0.5865870714187622,2,0.5805261135101318,4,0.5793890357017517,3
家道消乏,0.6604743003845215,8,0.6480163335800171,16,0.6268270015716553,9
問問我家小姐與姐夫賈衙內才好行止,0.7227095365524292,1,0.6806431412696838,3,0.6752601861953735,16
在家將田典得三十兩本錢,0.7134423851966858,3,0.709731936454773,16,0.6997326016426086,9
朝外有一漁家,0.6941542029380798,8,0.5931187868118286,14,0.5858464241027832,11
漢家天子坐甘泉,0.7198325991630554,9,0.7161658406257629,14,0.7066016793251038,8
非大家數,0.6306304931640625,13,0.6201165318489075,8,0.618510901927948,9
偶過一家,0.6841464638710022,8,0.6774213910102844,11,0.6712968945503235,9
自家狠,0.6420987844467163,8,0.6220470070838928,9,0.6128511428833008,14
你只多把些賞賜分送與我家裡人了,0.7648107409477234,1,0.7613635063171387,3,0.703750491142273,2
其甘溫補脾家之元氣,0.6193278431892395,8,0.6030744910240173,9,0.5867322087287903,17
明日死在家下者,0.753600537776947,3,0.7264279723167419,16,0.7060788869857788,1
老年人在家懸念,0.8142272233963013,3,0.7707674503326416,2,0.7477849721908569,1
家產耗散,0.4172469973564148,8,0.3946076035499573,15,0.38667577505111694,16
娼家厭術,0.7772810459136963,8,0.7256926894187927,9,0.6958704590797424,16
把三將家屬,0.6909655928611755,1,0.6900937557220459,4,0.6701149344444275,3
幾多興家來創業,0.7126151323318481,8,0.6674695014953613,9,0.6400607824325562,16
家中大小都知金蓮養女婿,0.47771498560905457,9,0.46950262784957886,8,0.4512258768081665,16
足見為國家憂民之念,0.7254006862640381,3,0.7094916105270386,1,0.6879828572273254,2
明日要回娘家去,0.8012892007827759,3,0.7974952459335327,1,0.7494757771492004,4
公何必家,0.5714992880821228,9,0.5703776478767395,4,0.5669456720352173,8
我問你家主母與何人情厚,0.8103175759315491,1,0.7677692770957947,3,0.7243895530700684,2
卒指道旁民家,0.6995047330856323,8,0.6462201476097107,9,0.6441865563392639,14
文公家禮未嘗條著,0.6920455098152161,9,0.6847866773605347,3,0.68254554271698,14
我格東家姆姆手段高,0.6838718056678772,1,0.6748968958854675,9,0.672437310218811,3
江石如龜甲隱隱浮明沙不障東之水偏驚游子查游子去鄉國長風吹斷霞斷霞只在天游子去無涯泠泠秋已老飄蕩未還家,0.6321447491645813,8,0.5965437293052673,5,0.5953951478004456,4
時家祚中落,0.7129902839660645,3,0.6961944699287415,1,0.6872028708457947,2
隔水清風度落花龐公此處昔為家山虛秀色連疏樹岸遠斜陽帶半沙廬想無基空臥鹿徑應留月尚歸鴉九原可起吾從女採藥同浮汗漫槎,0.7003036737442017,4,0.690102219581604,8,0.6857668161392212,5
家漸饒裕,0.4939720332622528,8,0.46939581632614136,16,0.463533490896225,6
我家聽立,0.7183786630630493,8,0.7079862952232361,14,0.7036446928977966,4
薛家兄弟聚議出兵,0.7428408265113831,9,0.7296384572982788,14,0.721452534198761,8
此人可寧家國,0.7307329177856445,2,0.7284611463546753,3,0.7049988508224487,4
大家張口吐舌,0.6741690039634705,1,0.6357135772705078,13,0.6304397583007812,12
一向只在公家,0.6380292773246765,8,0.6013692617416382,9,0.5619286298751831,16
齊家及國,0.6454506516456604,9,0.6385400891304016,3,0.637111246585846,1
詩禮傳家法,0.6909984350204468,14,0.6903809309005737,8,0.6860914826393127,9
其家居時設心可知也,0.7055526375770569,3,0.6838077902793884,9,0.6830062866210938,8
庾瓊家富於財,0.7112235426902771,3,0.7105417251586914,1,0.6687769889831543,2
這家人是心腹,0.743135929107666,9,0.7176780700683594,8,0.7136693596839905,14
洪勛趙孟傳家鉉翁見,0.6831035017967224,16,0.6498849391937256,8,0.6277617812156677,14
往其家行查的實,0.751410722732544,4,0.7472983598709106,3,0.7364588379859924,9
吾家於院舍設菩薩位,0.7707154750823975,1,0.7538624405860901,3,0.7229503393173218,9
因搜集諸家精要,0.7135952115058899,9,0.6814663410186768,2,0.6704292297363281,3
家富夫亡,0.5071861743927002,8,0.5054898858070374,9,0.5027819871902466,16
當初你家為了官事,0.7465159296989441,8,0.7155726552009583,1,0.7138307094573975,17
光家居,0.7087323069572449,3,0.6954873204231262,12,0.6885911822319031,4
所以小婦人哄他到家鎖住了,0.7978715300559998,3,0.7542319893836975,4,0.7426472902297974,1
果是我家物色,0.7200674414634705,3,0.7158483862876892,1,0.6974705457687378,2
出家勝俗家數倍哩,0.7071253061294556,3,0.6908218264579773,1,0.6781076788902283,2
竭家財航海,0.705784022808075,3,0.6945716738700867,16,0.6871587634086609,2
又聞利口必覆邦家,0.538262128829956,8,0.5374639630317688,9,0.5255921483039856,17
則在家時亦無幾矣,0.8232847452163696,3,0.7426780462265015,2,0.725422739982605,1
借問酒家何處有,0.7100856900215149,8,0.667512059211731,4,0.6634325385093689,9
若在我家鄉說出,0.730400800704956,1,0.7041640877723694,3,0.701604962348938,4
你來我家也不妨,0.8037723302841187,3,0.7829504013061523,1,0.7750570178031921,4
挈了家小,0.7260709404945374,4,0.7134928703308105,8,0.7133868932723999,5
卞吉回至家中,0.7911750078201294,3,0.7512644529342651,2,0.7452130913734436,1
