甄家倒薦人來,0.7726406455039978,9,0.7696258425712585,8,0.7253407835960388,14
不如且在左近尋一個人家暫住,0.7396112084388733,8,0.7274197936058044,5,0.7215534448623657,4
家貲遂罄,0.5195408463478088,16,0.5132258534431458,9,0.5084821581840515,8
同妻妾孟氏賞月於村之孟家橋,0.787337601184845,14,0.7459515929222107,8,0.7294463515281677,16
吾家此曲皆自然,0.7433804869651794,9,0.7147875428199768,8,0.6769384145736694,13
這是學生天長杜家表叔,0.7995738387107849,14,0.7730280160903931,8,0.7408398389816284,9
他這妻子娘家姓吳,0.810252845287323,1,0.760406494140625,3,0.7376116514205933,2
及顏真卿書敦家廟否,0.6775057911872864,2,0.669103741645813,4,0.665569543838501,3
且回家下再調停,0.7194414138793945,3,0.7082762718200684,4,0.6976052522659302,2
大家希圖一笑將此話掩了過去,0.6925811767578125,9,0.6745986342430115,13,0.6507644057273865,1
在家裡率領合家都朝上行了禮了,0.7925233244895935,3,0.7359637022018433,1,0.7205775380134583,16
全家都上湘船尾,0.8155017495155334,1,0.7934081554412842,3,0.7664199471473694,2
生羨石家金谷裏,0.734001636505127,8,0.6883586645126343,9,0.6659469604492188,14
童子出家,0.6058773398399353,1,0.604594886302948,3,0.5838291049003601,2
鄴侯家多書,0.7241014242172241,9,0.6878086924552917,8,0.6769823431968689,14
凡屬國家強盛,0.7174080014228821,3,0.7157802581787109,1,0.6827818751335144,9
回家後,0.737788736820221,3,0.7191075086593628,4,0.7154443264007568,2
自家心中未嘗不自怨自悔,0.7161993980407715,8,0.696884274482727,9,0.6882606148719788,16
即師古所謂今之家語是也,0.7055324912071228,9,0.6984614133834839,16,0.6936318874359131,8
四主家主患口齒之疾,0.6948522329330444,16,0.6753971576690674,9,0.6679235696792603,8
有那要錢使的莊家,0.7317185401916504,13,0.6988705396652222,8,0.6880513429641724,9
四更還家,0.5918477177619934,8,0.5790788531303406,16,0.5688279271125793,14
大家數數落落的哭了一回,0.7268288135528564,1,0.6908380389213562,3,0.6614046692848206,12
奚取於三家的奚,0.7311462163925171,9,0.6777865290641785,13,0.6587925553321838,8
家宅,0.38627511262893677,8,0.37687209248542786,15,0.3733036518096924,6
咱們管管人家朱家橫事,0.7507256269454956,1,0.699720025062561,10,0.6989085674285889,3
故意的要灑潑主人家東西哩,0.7224367260932922,17,0.7145258188247681,8,0.6885268092155457,7
看家資,0.6034106612205505,16,0.5972021222114563,8,0.587419331073761,15
禍及家門,0.7564601302146912,3,0.7291391491889954,16,0.7124795317649841,1
為佗親家置守邑,0.7095319032669067,9,0.6943280100822449,8,0.6797054409980774,4
史記留侯世家,0.6534799337387085,1,0.6136991381645203,3,0.6093894243240356,4
我要是個人家的正頭妻,0.7494759559631348,17,0.7220987677574158,1,0.7169381380081177,8
恰好郗家的嬌枝小姐遣青衣小婢送賀禮至,0.7727768421173096,8,0.7521485090255737,14,0.7442395687103271,9
脾家之症,0.6298582553863525,8,0.5922721028327942,9,0.5920555591583252,17
我家號裡的東西,0.7044810652732849,6,0.7036661505699158,16,0.7025106549263,8
奚羨漢家長枕,0.728293776512146,8,0.7051697373390198,16,0.6988836526870728,9
讀左氏子家子命適公館與禮雜記公館私館之文,0.70952969789505,14,0.6929736733436584,8,0.6926558613777161,16
孤家一封表去,0.7084037661552429,2,0.6810280084609985,3,0.6686971783638,1
哭得家裡人人驚駭,0.7826212644577026,3,0.7438894510269165,1,0.7159315943717957,16
一頭問管家,0.6184115409851074,8,0.600010097026825,16,0.5958235859870911,17
至今人家無譜牒可考者,0.7341817617416382,9,0.7298087477684021,14,0.7236332893371582,1
要往鄰家學彈琵琶,0.7550209164619446,3,0.7541318535804749,1,0.7355587482452393,4
朱宅家人與王李二人跟隨行李車往朱宅來,0.7653036713600159,1,0.7570952773094177,16,0.7457202672958374,3
兩家慟哭了一常書不可重絮,0.7869104743003845,9,0.7684555053710938,1,0.7229952216148376,2
家父因山景甚佳,0.7102661728858948,16,0.6539122462272644,8,0.6290144324302673,9
原是奴家累你娘,0.7232577800750732,8,0.7145195603370667,9,0.7007636427879333,16
家惟大母母,0.6654631495475769,16,0.6410011649131775,8,0.6205545663833618,9
即宜藉沒家資,0.7057841420173645,3,0.7025368809700012,4,0.6880477666854858,2
我家世代單代,0.765540361404419,1,0.7420459389686584,4,0.7342096567153931,3
歸於其家,0.6672365069389343,9,0.6470960378646851,1,0.6461979746818542,4
再不然嫁個農戶人家,0.6964533925056458,8,0.6836552619934082,17,0.6457624435424805,1
可見出家人也有知文墨的,0.6784899234771729,3,0.666547417640686,1,0.657667338848114,9
劉炫以世家規杜,0.6732128858566284,9,0.6587339043617249,14,0.6552405953407288,8
質家爵三等,0.6115206480026245,14,0.5850271582603455,8,0.5714943408966064,16
只見家家戶戶,0.788446307182312,1,0.7609995007514954,3,0.7502979636192322,2
大家在馬上拱了拱手,0.7130524516105652,1,0.6832391619682312,13,0.6722578406333923,9
某家婦忽僕,0.750514566898346,16,0.7408627867698669,8,0.7365793585777283,9
打起石家旗號,0.6926817297935486,8,0.6714838147163391,9,0.6657490730285645,14
歸家私語,0.7274101972579956,2,0.6763445734977722,4,0.6629738807678223,3
出家人怎好進我的臥房來服事,0.6946707367897034,3,0.6871026754379272,1,0.6673702001571655,2
更妙在甄家的風俗,0.810531735420227,8,0.7860860824584961,9,0.7765703201293945,14
便是很有錢的大家子,0.729114830493927,9,0.7231138944625854,1,0.7021782994270325,13
大家把威風煞一煞兒才好,0.688084602355957,1,0.6651651859283447,3,0.6338841915130615,7
闔家歡樂,0.7506480813026428,3,0.7474256753921509,1,0.711079478263855,2
不過是自家兄妹,0.7403072714805603,9,0.7111659049987793,14,0.695475697517395,1
我在家裡的時候,0.8865270614624023,3,0.8007404804229736,1,0.7800389528274536,4
這是我們家的規矩,0.8343551754951477,3,0.8240188956260681,1,0.7392725348472595,4
知有人家入無路,0.7346278429031372,8,0.7092508673667908,4,0.7031593918800354,9
蔡家,0.7262200713157654,14,0.6914247274398804,8,0.6776589751243591,9
明知郭禮文家小住在華琪莊上,0.7919117212295532,3,0.7737258672714233,1,0.7279878854751587,4
到家祭祖,0.6989696621894836,16,0.6855103373527527,2,0.6850379109382629,3
偷竊事主家七歲幼女價賣,0.7191286087036133,16,0.6817546486854553,8,0.649625837802887,14
牽回家去,0.7644067406654358,4,0.7232733368873596,2,0.7188829183578491,5
即囑令家人口道,0.7422338128089905,16,0.6925787329673767,9,0.68913334608078,8
賴舅氏家延師訓讀,0.6788601875305176,16,0.6761581897735596,3,0.67359459400177,9
說得大家都笑了,0.7489020824432373,1,0.7163043022155762,3,0.6820781230926514,12
你別仗著你們家的人多呀,0.8624855279922485,1,0.8159457445144653,3,0.7712259292602539,4
家家畫閣弄朱弦,0.6538668870925903,8,0.6343604922294617,9,0.6341986656188965,16
生回家鄉去,0.7222049236297607,1,0.7159296870231628,4,0.7100480794906616,3
大家商議暫行抬至一個廟中停放,0.7138699889183044,1,0.6693068146705627,3,0.666925847530365,12
鄧九公便讓大家在前廳歇息,0.7670126557350159,1,0.7363823652267456,3,0.7216456532478333,12
女家亦巨族,0.7219040989875793,9,0.7103371024131775,8,0.6935042142868042,14
陰陽家從而傅會之,0.767443835735321,9,0.7109527587890625,8,0.7104726433753967,13
我遂拉渠到家,0.6224393844604492,8,0.5984576344490051,16,0.5847079157829285,9
又假意囑咐眾家丁,0.7830254435539246,9,0.761057436466217,1,0.7489903569221497,16
予家楚,0.649610161781311,4,0.6400761604309082,16,0.6360815167427063,3
此案秦登寬於嘉慶八年二月糾同伊子秦廷宗並曹萬益等行劫黃商玉家秦登寬入室搜贓棒毆事主秦廷宗在外,0.6873962879180908,8,0.6626703143119812,9,0.6523611545562744,14
好回家去,0.7623191475868225,4,0.7539170980453491,3,0.7508524656295776,2
岸影幾家柳,0.6925361156463623,11,0.6868321895599365,12,0.6863471269607544,9
反欲荼毒唐家子孫,0.7693243026733398,9,0.7443748712539673,14,0.7367268204689026,1
留餘身為國家效力,0.6601739525794983,2,0.6551317572593689,3,0.6522443294525146,1
家禮五卷四本朱熹,0.6121728420257568,16,0.5978531837463379,9,0.5938684344291687,14
雪毳千家帳,0.698877215385437,9,0.6632347702980042,13,0.6627618670463562,12
家裡開著洋行,0.35013246536254883,8,0.34394413232803345,16,0.33128100633621216,9
勝侶招邀羽士家,0.6938318610191345,9,0.676914393901825,8,0.6439918279647827,13
不如離開他家,0.5410302877426147,8,0.5099322199821472,17,0.5014538764953613,9
我現在已決計悄悄的回家去走一遭,0.8335093855857849,3,0.7771731615066528,4,0.7744723558425903,1
姑娘給什麼人家,0.6414971351623535,8,0.6206163167953491,17,0.5952053666114807,14
在霍家的人及與霍家有戚舊關系的人,0.7933545112609863,1,0.7663761973381042,3,0.7363366484642029,9
當日忙在燈下寫了備細家書,0.7033496499061584,8,0.7021217346191406,16,0.6787934899330139,9
絕不言及國家時事,0.6580401659011841,7,0.6569874882698059,1,0.6555553674697876,3
不得已至月素家,0.5714991688728333,8,0.5443856716156006,9,0.5120458602905273,16
暇即王氏家經理其事,0.7581270933151245,9,0.7128647565841675,16,0.7064676880836487,8
再下則為湯家溝,0.7687665820121765,8,0.7552881240844727,14,0.7206650376319885,9
不肯到李家來,0.7559276819229126,1,0.7478503584861755,3,0.7259930372238159,4
大家換了再相商,0.6546440720558167,1,0.6399611234664917,10,0.6352206468582153,3
世家讀書人有之,0.7369414567947388,9,0.7121556401252747,1,0.6988348960876465,8
匿其僕劉馴家,0.570045530796051,8,0.5531144738197327,9,0.538523256778717,6
我帶了你妹子投你姨娘家去,0.8023669123649597,1,0.7896618843078613,3,0.7628481984138489,4
便將兩家親事都說了,0.8272833824157715,1,0.7663396596908569,9,0.7562026977539062,3
範君繡衣家,0.6885290145874023,8,0.6608612537384033,7,0.6418852210044861,9
曾救卿家一姊門,0.7195976972579956,9,0.7030847668647766,1,0.6991875767707825,14
我們大家跟了這條血跡去尋那烏大王,0.7502742409706116,1,0.6883570551872253,3,0.6778757572174072,2
大家弄弄就完了,0.6980792284011841,3,0.6972082257270813,1,0.6668172478675842,10
家人以為妖,0.32085558772087097,8,0.30517926812171936,9,0.3037837743759155,16
到了家又拜縣尊學師,0.7767113447189331,3,0.7341986298561096,4,0.7273211479187012,2
到了自家門首,0.7499169111251831,3,0.7283342480659485,1,0.7274901866912842,8
回家遂不複介意矣,0.7690680027008057,3,0.7267901301383972,2,0.7205467224121094,16
數口之家,0.7060649394989014,8,0.6941041350364685,4,0.6830167770385742,5
自言家極寒苦,0.6906688809394836,16,0.6779751181602478,2,0.675775945186615,3
與幾個大商家合伙做些生意,0.7742939591407776,1,0.7638835906982422,12,0.7453991174697876,3
管家接了去,0.7545579075813293,8,0.7517647743225098,16,0.7421276569366455,7
孫汝寅家有王羲之墨跡,0.7416864633560181,1,0.7382520437240601,3,0.7155880928039551,4
只須君家收藏書畫與我一二件足矣,0.7613525390625,8,0.7339971661567688,9,0.6910290718078613,16
庶人之變在其家,0.6451743841171265,9,0.6442960500717163,4,0.636506974697113,8
小雲娃至我家住,0.7768294215202332,4,0.7734591960906982,1,0.768217146396637,3
這家一個兒子,0.6783851385116577,8,0.6682811379432678,9,0.6677389740943909,11
大家說,0.6181821227073669,12,0.6177396178245544,1,0.6160668730735779,7
家中無上無下俱好之,0.6202736496925354,8,0.6127969622612,16,0.6069563627243042,9
我卻是今日纔要到他家去,0.7867518663406372,3,0.7723075151443481,1,0.7695695757865906,4
兩家通問,0.752885103225708,9,0.6947987079620361,13,0.6861584782600403,11
前日聽見你家伯伯替你對親了,0.7967954277992249,1,0.7797681093215942,16,0.7498429417610168,14
算來那時媚香還在我家,0.6451088786125183,8,0.6161288619041443,4,0.6035786867141724,5
徑往尚仁里黃二姐家,0.6719309687614441,8,0.6455740332603455,4,0.641275942325592,5
就與咱家看牛,0.7288610339164734,1,0.6897274851799011,9,0.6744346618652344,3
家雖不幸遭連累,0.4564899206161499,8,0.4422488808631897,16,0.4366525411605835,6
國家空虛,0.6690096855163574,3,0.6642544269561768,2,0.6592156291007996,9
庶不負大家一片巧思,0.7304267883300781,1,0.7023160457611084,3,0.6988522410392761,7
大家嘗嘗新罷了,0.6873523592948914,1,0.6688401103019714,3,0.6398289799690247,12
余大先生渡江回家,0.6133887767791748,8,0.6034660935401917,16,0.588647186756134,4
他的家當可近百萬上下,0.7717720866203308,3,0.7562510967254639,1,0.7126186490058899,2
使性回家對了薛如卞兄弟並龍氏三個告訴素姐這些惡行,0.7804240584373474,3,0.7371266484260559,2,0.7245112657546997,1
此老蕭閒竹滿家,0.6468153595924377,3,0.6396128535270691,2,0.6362338662147522,8
路南田家巷河下街由此始,0.7407121062278748,1,0.7316215634346008,14,0.7048214673995972,12
也是和霍家一樣,0.765269935131073,8,0.7507581114768982,9,0.7424273490905762,14
一套新衣裳穿不滿一季就要賞管家的,0.7366682887077332,7,0.7079722881317139,2,0.7064454555511475,1
殘春過盡始還家,0.5582486391067505,8,0.5499805808067322,5,0.5495145320892334,4
因其國家,0.6214845776557922,4,0.606206476688385,2,0.6017588376998901,9
之有何法盛等一十八家是也,0.7843613028526306,9,0.7417554259300232,13,0.72802734375,12
盡出家口,0.6501420140266418,3,0.6482632756233215,2,0.6451666355133057,4
夜晚安頓那沒有家室的窮人,0.7555679678916931,3,0.7470664381980896,2,0.7334608435630798,4
因其弟受唐詩家法,0.6302320957183838,7,0.6014212369918823,8,0.5940188765525818,9
有仇家首報,0.6591334342956543,16,0.6549148559570312,9,0.6516289710998535,8
還不好生替人家看,0.7390906810760498,1,0.6919146776199341,7,0.688489556312561,3
一家風雪何年盡,0.757240355014801,9,0.6917210817337036,2,0.6866322159767151,13
承家千里止一男,0.7280024290084839,8,0.721616268157959,14,0.7159859538078308,16
只在家中調養,0.7957766056060791,3,0.7257810235023499,2,0.716618537902832,1
其家人某者,0.6962240934371948,3,0.6890737414360046,4,0.6882399320602417,1
還在家裡,0.799658477306366,3,0.7520103454589844,4,0.7332990765571594,2
家宅,0.38627511262893677,8,0.37687209248542786,15,0.3733036518096924,6
由寶玉出家而起,0.696877658367157,3,0.6928766965866089,1,0.6687570810317993,2
家在東南第一山,0.42532509565353394,8,0.40978699922561646,9,0.40896838903427124,16
漢四家詩,0.6963706612586975,9,0.6605566143989563,7,0.6364911794662476,12
惟獨張家的姐姐不許搬出去,0.7921413779258728,1,0.7640185356140137,8,0.7623118758201599,14
東家買黃犬,0.7129935026168823,8,0.6987785696983337,16,0.6685518026351929,13
西人困詳稽夫家之豐耗,0.7734336256980896,3,0.7566542029380798,1,0.7462216019630432,2
主人本家山西,0.719851016998291,1,0.7101722359657288,2,0.7060275077819824,3
家去我送你一壇子,0.6596289277076721,8,0.6497953534126282,16,0.6341298222541809,6
囑付家事怡然而逝,0.7840785384178162,3,0.752574622631073,1,0.713203489780426,2
一定牢死家不見,0.6458796858787537,8,0.645119309425354,16,0.6439145803451538,5
家內淫風當大播,0.42539751529693604,16,0.42322540283203125,8,0.4034043550491333,15
也受不著東府裡的姑娘家欺負,0.7685195207595825,8,0.7664529085159302,17,0.7210997939109802,9
與他家曾有婚姻之議,0.7767894864082336,1,0.7721219062805176,9,0.7426902055740356,8
冶家子言陸龜蒙,0.689496636390686,9,0.6890247464179993,8,0.6729127764701843,16
臨終指葬處以示家人,0.7473070621490479,3,0.7391299605369568,1,0.7238014936447144,2
張氏家驢也,0.7229824066162109,14,0.7159542441368103,9,0.6865430474281311,8
弟於昨日著家人姚賢出城喚彼回來,0.772495687007904,16,0.7338451147079468,3,0.7108587622642517,4
我家大叔在盛宅弄下銀子,0.7665536999702454,1,0.7274407744407654,16,0.7131126523017883,3
更兼正要去赴華媽媽家的請,0.806860089302063,4,0.7848339676856995,3,0.7692251205444336,5
上趙真子家傳痔漏的本終,0.7476349472999573,9,0.7205791473388672,1,0.7014431357383728,3
獨從張家堡由瓜埠口一河而出,0.7097452878952026,1,0.6950032711029053,12,0.6875839829444885,14
漢志列尹文子為名家,0.6842637658119202,7,0.6111537218093872,2,0.6110116243362427,1
所以走了十日方才到家,0.5327728390693665,8,0.5197309851646423,16,0.5133169293403625,9
自家生活豁脫仔勿做,0.7198604345321655,3,0.6991112232208252,2,0.6985609531402588,8
即命家人遍訪名醫,0.7249691486358643,3,0.7130018472671509,1,0.6892755627632141,16
奚家的人又不准他進來,0.7808273434638977,14,0.7674895524978638,8,0.7576943635940552,1
下欲中國家百姓之利,0.6705769300460815,8,0.6668313145637512,9,0.6535260677337646,2
人家就跑,0.7411959171295166,1,0.7050845623016357,3,0.6950346827507019,7
王家兄弟,0.7379977107048035,9,0.7342554926872253,14,0.7141860723495483,8
鄰家聞之,0.6943807005882263,16,0.6892105340957642,1,0.6836134791374207,2
說要俚哚做個人自家來放末好看,0.7385575175285339,8,0.7236398458480835,3,0.7206382751464844,9
老人家也要埋怨得什么兒似的呢,0.7970100045204163,1,0.7626360058784485,3,0.7256036400794983,7
山家夢寐親,0.7501909732818604,8,0.724794864654541,9,0.7091341614723206,7
此二句言練貞吉家世清白如玉璧,0.7614765167236328,3,0.7609197497367859,1,0.7027000188827515,2
忽有游騎拿獲鄭駙馬一家,0.6506405472755432,9,0.6002526879310608,8,0.593900740146637,11
相約同去打那馮主事的家,0.508104681968689,8,0.48141753673553467,9,0.47576794028282166,16
卻是小戶人家識見,0.7661919593811035,1,0.7658471465110779,3,0.7451714277267456,2
向來辦理此等案件如無顯著致死形跡僅照過失殺家長期親擬徒收贖,0.623103141784668,8,0.6018151640892029,15,0.5910418033599854,17
老爺嫌家裡人多了,0.832769513130188,3,0.8137807250022888,1,0.7458261251449585,2
韓世家,0.6542801260948181,1,0.6446449756622314,14,0.6392823457717896,9
各歸其家,0.7184706926345825,9,0.6755024194717407,2,0.674278974533081,14
帶了妙炎往童家來,0.7311888337135315,4,0.7288341522216797,8,0.7277038097381592,3
其家訝曰,0.7122719883918762,16,0.7101809978485107,9,0.7017865180969238,1
話說劉郡主和一家骨肉見畢之後,0.8034924864768982,1,0.7796968817710876,9,0.7428072690963745,3
能夠不要他老人家的命,0.8267470002174377,1,0.7723997831344604,3,0.7696186304092407,7
連累吾家,0.7084303498268127,8,0.7082162499427795,9,0.6762248873710632,16
遂家焉,0.6511472463607788,2,0.6381609439849854,4,0.6269904971122742,16
家具積疊如山,0.39578428864479065,8,0.3819742500782013,6,0.3715817630290985,15
奴因圖奸不從殺死家長之女,0.7991962432861328,16,0.7194865345954895,3,0.7186927199363708,8
住人家,0.737876296043396,8,0.6860765218734741,4,0.6834538578987122,5
是尚書三家說同,0.7500762939453125,9,0.6897310614585876,13,0.6734935641288757,12
我這份家私,0.7515376806259155,5,0.7509013414382935,4,0.725801944732666,3
家邑,0.4780399203300476,8,0.47803542017936707,16,0.4620959460735321,9
呼家將,0.7234965562820435,8,0.7131290435791016,14,0.6936483979225159,16
棄了這小乘家法,0.670673131942749,9,0.6681350469589233,7,0.66359543800354,3
不問朝家求聘車,0.6679859757423401,8,0.6612440943717957,9,0.6449350118637085,14
不即回家,0.5802599787712097,9,0.5801516771316528,8,0.5595652461051941,16
又偕至朱康流先生朝瑛家,0.545229971408844,8,0.5288165807723999,9,0.5118746161460876,16
頃家,0.6587924957275391,8,0.6577234864234924,9,0.6425488591194153,1
奴家自有報命,0.7522916197776794,8,0.7437475919723511,9,0.7284219861030579,1
一家有一家的規矩,0.7958925366401672,13,0.7544465065002441,1,0.7430205345153809,9
大家贊不絕口,0.6611502170562744,1,0.6402751803398132,3,0.6329463720321655,9
於家合族連名要遞何家節孝公呈,0.7968927025794983,1,0.7625727653503418,14,0.7583925724029541,16
江左三大家詩鈔三本,0.7077839374542236,7,0.6616085171699524,9,0.6321439146995544,1
便吩咐管家,0.6931427717208862,16,0.6904988288879395,8,0.6701525449752808,7
婦家訟於官,0.7149007320404053,8,0.7030543088912964,16,0.6913636326789856,14
老人家,0.6961824297904968,8,0.6739957332611084,17,0.6639536619186401,4
只是一個靠著家門口兒,0.8009533882141113,3,0.7749423384666443,4,0.7708735466003418,2
燦去家遠賈,0.6839221715927124,16,0.6689609289169312,4,0.6506237387657166,5
謂李家老爺可曾發賞否也,0.7723386287689209,1,0.7696940898895264,9,0.7693820595741272,14
出懷中朱家糕與張食曰,0.7595961689949036,14,0.7355626225471497,8,0.7112372517585754,9
梅家哥哥他乃是落難之人,0.7793231010437012,14,0.7727620005607605,8,0.7664885520935059,9
自家責備薄乎云,0.7270636558532715,9,0.7237992286682129,8,0.6975291967391968,16
如今掙了幾十萬家私,0.7321628332138062,1,0.7100655436515808,12,0.7054471969604492,3
欠租被拿在家喊救經眾打奪順尹奏,0.791140079498291,3,0.7520864009857178,1,0.7518458962440491,2
宿山家,0.6991509795188904,9,0.6663301587104797,8,0.6565817594528198,1
偺們家裡這兩天正有事呢,0.8551467061042786,3,0.836236298084259,1,0.7515474557876587,4
只怕你老人家就是壽長,0.806464672088623,1,0.7631457448005676,3,0.7544776797294617,7
我怎能丟了家裏的事,0.850172221660614,3,0.8014525771141052,1,0.7694076299667358,4
大家笑說,0.6977275609970093,1,0.6644715666770935,3,0.6611011624336243,12
欲寄回家,0.5921694040298462,4,0.5832244157791138,6,0.5800248384475708,9
你家老爺得知,0.7663021087646484,1,0.7162083387374878,3,0.7113072872161865,14
老太太從不穿人家做的,0.748292863368988,8,0.7188370823860168,1,0.7123610377311707,14
挹香遂往月素家,0.6327671408653259,8,0.6051034331321716,16,0.6008545756340027,9
名曰楊家湖,0.7487636208534241,14,0.7259348630905151,8,0.7027786374092102,16
傅潮沅與兄傅啟沅至彭家義家會遇素識之張庭才,0.7339046597480774,1,0.7252991795539856,16,0.7177849411964417,14
知縣王紹元於汪家口築堤一道,0.6849956512451172,1,0.6768762469291687,14,0.6647186279296875,12
太爺公館在貢院門口張家河房裏,0.7651163339614868,1,0.7306673526763916,14,0.7081624865531921,12
那奸賊門上的家人,0.7618684768676758,16,0.7339761257171631,4,0.7317534685134888,5
家主人有不腆之儀,0.7116072773933411,8,0.7091785669326782,16,0.6828485727310181,9
命黃得功移家太平,0.742656409740448,4,0.727607011795044,2,0.7170970439910889,16
我媽媽昨兒就家去了,0.7508218884468079,4,0.7277364730834961,3,0.7157487273216248,5
我還要托我家姑爺出去訪訪,0.7434712648391724,1,0.725735068321228,16,0.6889038681983948,3
何如他家這等婦子家人聯為一體,0.8257525563240051,1,0.7680491209030151,3,0.7464361190795898,8
黃家渡府東三十里,0.7068290114402771,14,0.6950156688690186,1,0.6881301403045654,8
只等石家兵馬到來,0.7350022196769714,9,0.7211624979972839,8,0.7064382433891296,14
風光莫占少年家,0.6534756422042847,8,0.6497291326522827,5,0.6430370211601257,17
後來至於女家要離了女婿,0.7697081565856934,8,0.7332073450088501,9,0.6987869143486023,14
國家無故剖人塚墓,0.6398069262504578,2,0.6387438774108887,1,0.6227759122848511,7
有家書把與我看,0.6268340349197388,9,0.6215294003486633,16,0.6151584386825562,8
上為皇家,0.6833018660545349,9,0.6827313303947449,8,0.6716524362564087,14
譚紹聞到他家走了一次,0.7844473123550415,3,0.7762023210525513,1,0.7702919244766235,4
你這種外家工夫,0.7094839215278625,9,0.6832940578460693,16,0.6818346977233887,8
家裡事以庶讓嫡,0.5891539454460144,9,0.5882471203804016,16,0.5818281173706055,8
家奴聽從外人誣告家長,0.659791886806488,16,0.6393362879753113,8,0.6197388172149658,15
章家又在他管轄之地,0.769071102142334,9,0.7659500241279602,8,0.7449482679367065,14
一家老幼下牢門,0.8157310485839844,1,0.758394181728363,3,0.7432604432106018,2
有山家小女子,0.7206641435623169,8,0.7129738330841064,9,0.6862821578979492,14
君家,0.6519355177879333,1,0.6506685614585876,3,0.6421771049499512,9
大家依次坐下,0.717494010925293,1,0.6889551281929016,3,0.6749879717826843,10
其家婢也,0.7478412389755249,16,0.7317565083503723,3,0.7078302502632141,1
附為家常茶飯,0.6999604105949402,3,0.6916863918304443,2,0.6868712902069092,1
家中又添雇了僕婦,0.6661065220832825,8,0.6580823063850403,16,0.6446279883384705,9
大家走進大廳,0.6228531002998352,1,0.6222686171531677,13,0.6205235123634338,7
字字鳴國家之盛,0.6657605171203613,1,0.6648308634757996,3,0.6609302759170532,7
叫聘才的家人沏了兩碗茶,0.7752112746238708,16,0.7324596643447876,3,0.7241279482841492,1
都把家眷陸續接來,0.751303493976593,1,0.7399911880493164,3,0.7160182595252991,2
且家母無人侍奉,0.7258762121200562,3,0.7143909931182861,16,0.7092956900596619,1
小者聽家長訓責,0.7252357006072998,3,0.6838343739509583,1,0.6811961531639099,16
家人畢集,0.330280601978302,8,0.3252704441547394,15,0.31123942136764526,6
你再接家眷不遲,0.7605118155479431,3,0.7515943646430969,1,0.7386756539344788,2
此必是家賊作亂,0.7475237846374512,16,0.7309595942497253,9,0.7160705327987671,8
及家乘別集,0.6052446961402893,9,0.5876035094261169,2,0.5810908079147339,3
遂不歸母家,0.5875353217124939,8,0.5628681778907776,16,0.5579884648323059,9
總不會失掉上等人家的地位,0.7883038520812988,17,0.7474132776260376,8,0.7090463042259216,9
又弄出了個褚家老店,0.7626960277557373,8,0.7549899220466614,9,0.7542263269424438,14
莫怪人家嫌他語言無味,0.7252066731452942,1,0.6874064207077026,8,0.6871161460876465,3
咱們大家還是上樓,0.7427729368209839,1,0.714760422706604,3,0.6816058158874512,10
又急于要家去看父親,0.6805846691131592,16,0.677172064781189,4,0.6626343131065369,8
而複生朱家山之石脊界之,0.73981773853302,14,0.6988630890846252,8,0.6921007633209229,16
忽告家人曰,0.7636354565620422,16,0.6768052577972412,3,0.6629085540771484,8
說祖上所遺家財,0.7749508023262024,1,0.7573058009147644,3,0.7216416597366333,12
漸覺一家看冷落,0.7866479754447937,9,0.7772433161735535,1,0.7558627128601074,2
噫親老更家貧,0.730010986328125,3,0.7299275994300842,16,0.7187578678131104,1
梁家沙鎮州東北百九十里,0.6592076420783997,8,0.65349280834198,14,0.6218978762626648,9
著令家人傳書差皂役等人,0.6820617318153381,16,0.6803796291351318,3,0.6445240378379822,1
家丁說,0.6344501376152039,16,0.6325149536132812,8,0.6134479641914368,9
如數家珍,0.6832343339920044,7,0.6721447706222534,2,0.6678466200828552,3
可以勸東家報丁憂了,0.7316823601722717,8,0.7189351320266724,16,0.7169692516326904,9
今文家說多存,0.7022013664245605,9,0.6983075141906738,3,0.6977797746658325,7
差家丁問你家裡去哩,0.7532779574394226,16,0.7246419191360474,1,0.7106284499168396,3
自卿家行後,0.7525153160095215,9,0.7497842907905579,8,0.707865297794342,16
眾家人已知那兩個是教師,0.7602765560150146,16,0.7600167393684387,9,0.7251110076904297,8
由是遂假館素嬌家,0.5890833735466003,8,0.55240398645401,17,0.5466732978820801,9
還家雖闕短,0.7001009583473206,3,0.6925009489059448,2,0.6799682378768921,4
有一家失去米五十石,0.797613263130188,9,0.7758288383483887,1,0.7713785171508789,13
各國的體育專家多曾會晤過,0.7277557253837585,7,0.7083046436309814,1,0.69642573595047,3
請假回家探親,0.8149815797805786,3,0.7734253406524658,1,0.7356343269348145,2
常在妹子家走動,0.777885913848877,4,0.7575135231018066,3,0.7336170673370361,1
家中的事務,0.5147985816001892,8,0.5101333856582642,16,0.4949735999107361,15
奴家便得超生,0.7665321230888367,1,0.7495051026344299,3,0.7173573970794678,8
也不知大家笑的是什麼,0.7300674319267273,1,0.7153639793395996,10,0.7113524675369263,3
叫管家拿了煙袋,0.7693801522254944,16,0.7572388052940369,8,0.7467027306556702,7
儂家定無匹,0.7301718592643738,8,0.711274266242981,14,0.6968172788619995,9
家父為二堅所困,0.4644355773925781,16,0.4399738013744354,9,0.43797242641448975,8
各家父母知道,0.7743521332740784,9,0.6916510462760925,1,0.6899601221084595,10
一人在家裡快活,0.8820532560348511,3,0.7911876440048218,1,0.7676044702529907,2
像小時在家裡的那個涎臉的樣兒,0.8702167272567749,3,0.7936150431632996,1,0.7721632122993469,2
秀姐率合家眷等步行哭送,0.7383182048797607,1,0.7293407320976257,3,0.7104052901268005,2
頓念家中,0.723159670829773,16,0.691259503364563,3,0.6869478821754456,4
又許家蕩,0.7642185688018799,8,0.7226845622062683,9,0.7215107679367065,14
國家有神聖文武之君,0.6666108965873718,3,0.6611042022705078,1,0.6374296545982361,2
大家凴欄看了一回,0.6644465327262878,1,0.6443929076194763,12,0.6409928202629089,9
更沒男人在家,0.5654560923576355,8,0.5532399415969849,17,0.5465044975280762,6
到家應念石田荒,0.7669322490692139,3,0.7553558945655823,2,0.7397674322128296,4
沈家管門的叫做賈門公,0.7932652831077576,1,0.763149082660675,3,0.746776819229126,9
沖天炮的家人聽見了,0.7400755882263184,16,0.7369462847709656,4,0.707807183265686,5
說著同侍兒先到林婉卿家來,0.739909827709198,3,0.7139438390731812,4,0.7007768750190735,1
家人婦群奔禪房,0.7095387578010559,16,0.7037395238876343,8,0.6828656196594238,9
各家俱要報花名,0.8142779469490051,9,0.7399933934211731,13,0.7281585931777954,10
人家樂得便宜,0.725153923034668,1,0.7030607461929321,3,0.6802688837051392,2
大家進去,0.647397518157959,1,0.6460951566696167,13,0.6452499628067017,12
裔孫澍家藏遺稿,0.7208012342453003,1,0.7168655395507812,3,0.6933232545852661,4
發送他老人家罷了,0.7581760883331299,1,0.7323128581047058,7,0.7316766381263733,17
醫家或見熱症,0.6314831376075745,7,0.6151648759841919,8,0.6145126819610596,9
如今漸漸的能夠幫著老爺料理些家務了,0.85137540102005,3,0.7874091863632202,1,0.7443569898605347,2
明日著能幹事家人去,0.7135356664657593,3,0.6950685381889343,1,0.6876757144927979,2
太古兩三家,0.7123590111732483,9,0.7083950042724609,11,0.6906384825706482,8
遂吩咐管家婆與他收拾,0.7922881245613098,16,0.7188694477081299,1,0.7079452872276306,8
遣家人懷印走謁唐王,0.7043681144714355,3,0.6963304877281189,1,0.6638678312301636,16
就學我家,0.6006717681884766,8,0.5703654289245605,6,0.5696853995323181,17
赴趙氏臥室正欲行奸不期宋欽歸家撞遇上前捉拿張士瑞脫逃宋欽追趕不及,0.703686535358429,3,0.7002934217453003,16,0.6920390725135803,5
今在英相國家,0.5583915710449219,8,0.5459254384040833,9,0.5250800251960754,11
再別成日家弄些混帳人在家裡耍錢吃酒無所不至的了,0.6377416253089905,8,0.637153685092926,17,0.6146681904792786,15
我到裡邊去求親家娘同姐姐,0.7654746770858765,16,0.7332765460014343,8,0.7229907512664795,14
他們這船家叫送禮,0.7337465882301331,8,0.710801362991333,9,0.700089156627655,7
大家看我呢,0.6984496116638184,1,0.694465696811676,3,0.6535707712173462,10
桃源洞裏幾人家,0.6671661734580994,8,0.636211633682251,5,0.6285016536712646,14
罄身挨到屠家來棲身,0.7637495994567871,8,0.7419087290763855,9,0.7338037490844727,14
半載而家無廢事,0.6979128122329712,2,0.6938785314559937,3,0.6914259791374207,16
於是大家看著寶釵喝了粥,0.765454113483429,1,0.7245911359786987,3,0.6774938106536865,12
小的們龍圖府家人叩請相爺金安,0.7276082038879395,16,0.723900556564331,8,0.7206625938415527,14
即席賦詩者至數百家,0.5103223323822021,9,0.48702186346054077,8,0.47808852791786194,11
大家才嘻嘻哈哈,0.7222446203231812,1,0.7062948346138,3,0.6811802983283997,10
又非師古所謂今之家語也,0.7346507906913757,9,0.7127696871757507,16,0.7002862095832825,8
故必不家食,0.6818726658821106,8,0.6496309638023376,16,0.6435529589653015,9
大家好擲,0.5516653656959534,3,0.5499588251113892,1,0.5394599437713623,2
目下他家父子的惡燄,0.7673177719116211,9,0.74859619140625,1,0.7182402610778809,14
家藏金瓶梅板雖銷售甚多,0.6754087805747986,8,0.6577745676040649,9,0.6506081819534302,16
我們家裡,0.7717835307121277,4,0.7571902871131897,3,0.7374602556228638,1
另娶一房家小,0.6429897546768188,16,0.631039559841156,8,0.6085466742515564,14
與家叔同案,0.8208402395248413,16,0.7000024914741516,8,0.6956173181533813,9
大家盹睡,0.6979523301124573,1,0.6850643754005432,3,0.6732084155082703,13
才剛兒姑太太老人家說的那些話,0.7941536903381348,1,0.7563584446907043,3,0.7355754971504211,7
詔書獨藏魏其家,0.6741889715194702,9,0.657745361328125,8,0.649468183517456,4
左右前後亦娼家也,0.7983765006065369,8,0.7311943769454956,9,0.7005419731140137,17
親送到關家來,0.7696687579154968,8,0.7434196472167969,1,0.7418655753135681,4
說是他家姑老太,0.7876720428466797,1,0.7655314803123474,14,0.7369973063468933,8
這是我家主人孝敬你們爺們的,0.8474931120872498,1,0.7830671072006226,3,0.7204009890556335,2
予家近市亭,0.6696768403053284,3,0.6612424850463867,8,0.6594374179840088,9
諒你不過靠著東家騙碗飯吃,0.7405877709388733,8,0.7181562185287476,16,0.712173581123352,9
大家稱是,0.6536227464675903,9,0.6127647161483765,13,0.6113451719284058,11
至聖家傳兮萬古揚,0.6818215250968933,9,0.6432920694351196,4,0.637360692024231,8
直尋到柳家方才尋見花天荷,0.7679060697555542,8,0.7601845264434814,1,0.751178503036499,14
八篇盡出其外家王氏,0.7177351713180542,9,0.67146897315979,14,0.6601592898368835,8
喪家謝帖受禮者寫蒙賜厚奠對靈泣領謝或寫對靈泣領謝若折錢不受寫告靈泣領聯額香楮冥貲厚儀充帛謝須,0.7114062309265137,8,0.6676843762397766,14,0.6618143916130066,16
不因要致冤家死,0.6713535785675049,2,0.6629661321640015,9,0.6538852453231812,3
他老人家倘或有點風吹草動,0.8034083843231201,1,0.7881264090538025,3,0.7172563076019287,7
你抱上他家的寶貝,0.7827008366584778,8,0.7620213031768799,14,0.7580347657203674,1
家丁搭跳忙登岸,0.7071440815925598,8,0.6995114684104919,16,0.6806280016899109,14
莫非你家小姐喪心病狂麼,0.7545592784881592,1,0.7106829881668091,3,0.6682330369949341,16
傾家助饟,0.6878653764724731,2,0.6585637331008911,16,0.6488667726516724,3
大家方起席散了,0.7169243693351746,1,0.6952419877052307,3,0.674458384513855,2
石時便隨那管家出了東書房,0.757722020149231,7,0.7492308616638184,3,0.7449383735656738,1
他回到家裡,0.8259265422821045,3,0.7719976305961609,4,0.7707404494285583,1
餘蓋得之天台故家云,0.6674771904945374,8,0.6654401421546936,9,0.657906174659729,4
卓家人寂寞,0.7603310346603394,14,0.7521490454673767,8,0.7475420832633972,16
有國有家當共譴,0.7325474619865417,5,0.727493405342102,4,0.6919280290603638,16
雷學淇諸家書甚多,0.7287328243255615,1,0.7278291583061218,9,0.7168482542037964,3
俺一家兒去與龐賊交兵,0.7916715741157532,1,0.72552490234375,3,0.7216971516609192,9
常年住在家中,0.8199657201766968,3,0.7715407013893127,1,0.7237424254417419,2
話說崔夫人來到劉家,0.7116405367851257,8,0.6897022724151611,14,0.671625018119812,9
吾家絕嗣又堪傷,0.7904800772666931,1,0.7468675374984741,3,0.7387349009513855,9
你家中又沒了公婆,0.820713460445404,3,0.8182916641235352,1,0.7245234847068787,2
原來是兩家情願,0.7945647239685059,9,0.7403926849365234,13,0.7301483154296875,11
舉家駭異,0.6933072209358215,2,0.68821781873703,16,0.6837296485900879,9
大家起身往北前進,0.7161708474159241,1,0.6829898953437805,3,0.6688565611839294,10
皇甫全家要解京,0.7691559791564941,3,0.7567964196205139,1,0.728051483631134,2
苦無酒家小飲,0.7424028515815735,8,0.7083375453948975,9,0.676844596862793,11
家貧無子而孳孳為善,0.5058759450912476,16,0.5048775672912598,8,0.47874242067337036,15
你救了回家,0.6008779406547546,4,0.5973265171051025,5,0.5931574106216431,8
把二爺請到他家裡坐著,0.8180820345878601,3,0.8034903407096863,1,0.7234488725662231,4
還愁她不會持家不能吃苦麼,0.7465893030166626,3,0.7289267182350159,16,0.7284337282180786,8
只好夫妻自家知道而已,0.6695016026496887,3,0.6694893836975098,1,0.6619513630867004,13
劉清由文臣起家,0.5664390325546265,3,0.5570868849754333,1,0.5470857620239258,7
醜引下雜你看裴家姐姐,0.7283214330673218,9,0.7239723801612854,14,0.7121306657791138,8
還得你老人家操心哪,0.7877950668334961,1,0.7486633658409119,3,0.7120583057403564,7
家設乩壇,0.7045664191246033,8,0.6804853677749634,16,0.6719926595687866,9
而家僅中貲,0.7161584496498108,3,0.702133297920227,1,0.6696664094924927,2
自己連刀帶劍考問了人家半天,0.7459010481834412,8,0.7426967620849609,1,0.7313184142112732,9
只要人家清白,0.7356581091880798,1,0.7243742346763611,7,0.7158334255218506,13
居民千百家,0.6489136815071106,11,0.6328513622283936,8,0.6116750240325928,9
一時且不能回家,0.5608181953430176,9,0.5547643899917603,8,0.5436790585517883,16
惟恐聲張家長得知,0.6969030499458313,3,0.6871964931488037,1,0.6754615306854248,2
家藏虎豹韜,0.45352303981781006,8,0.4464876651763916,9,0.4460342824459076,6
史記梁孝王世家,0.6793003082275391,1,0.6466358304023743,3,0.6137527823448181,12
人家養了姑娘,0.7687702178955078,1,0.7162358164787292,3,0.6875580549240112,2
安置於僧家佛堂門所建立,0.7848832011222839,8,0.7392500638961792,9,0.707399845123291,14
上唯毋立而為政乎國家,0.5198636651039124,3,0.5186307430267334,9,0.5161596536636353,7
仍歸至尚仁里衛霞仙家,0.6936900615692139,8,0.685596764087677,14,0.6638364791870117,4
顏氏家訓,0.692361056804657,1,0.6698827147483826,3,0.6341429352760315,4
沒的家說,0.7725197076797485,4,0.7699998021125793,5,0.7571050524711609,8
邦老家門,0.7303007245063782,4,0.7005062103271484,16,0.6914276480674744,8
家喻戶曉,0.43076178431510925,8,0.4256651699542999,9,0.3975261449813843,11
人家在我跟前,0.7377640008926392,1,0.7072403430938721,3,0.6956487894058228,7
況某俯顧家門,0.7632588744163513,3,0.7304221391677856,1,0.7259516716003418,16
餘時館於新市王與卿家,0.6438603401184082,8,0.6417369842529297,9,0.6297705769538879,4
我何苦夾七夾八的與人家混鬧,0.7434331774711609,1,0.7048612236976624,7,0.7039795517921448,17
熊生公家傳,0.7186325788497925,14,0.718422532081604,1,0.7038874626159668,9
於是大家看戲,0.7645006775856018,1,0.7372117042541504,3,0.6897473931312561,12
差了家丁並門下人十數送她回去,0.7734391093254089,16,0.7683449387550354,3,0.7620181441307068,1
一個窮人家閨女,0.7883071899414062,17,0.7370778918266296,8,0.7146175503730774,7
賴是幽居近酒家,0.6683993339538574,8,0.6046836376190186,9,0.6022629141807556,11
長愛謝家能詠雪,0.7365995645523071,8,0.7359535098075867,4,0.7342144846916199,16
馬興隆買賣騸馬內馬興隆系赴張家口買得騸馬四匹尚未出賣,0.6985577940940857,1,0.6541016697883606,12,0.6374416351318359,3
今境內黃家諸灘以數十計,0.7669845819473267,14,0.7412391304969788,8,0.7200562357902527,9
因為大家多明知無主,0.727086067199707,1,0.7021398544311523,3,0.6787358522415161,10
墨家儉而難遵,0.68463134765625,1,0.6746917963027954,3,0.6463720202445984,7
其爐為豪家所得,0.7787594199180603,8,0.7765135765075684,9,0.7206736207008362,13
從今就在我家住,0.7818806767463684,4,0.7817220687866211,1,0.7812843918800354,3
範洪兩名家丁,0.6542826890945435,16,0.6513893604278564,9,0.6288923621177673,14
凡胃家之實,0.7492345571517944,9,0.7438881993293762,8,0.6870955228805542,14
而非胃家實病,0.6459223628044128,8,0.6301937699317932,9,0.6115553975105286,14
教他明兒到我們家去,0.8059890270233154,3,0.7994867563247681,1,0.7775716185569763,4
醫家最易犯及,0.6933680772781372,8,0.6754157543182373,7,0.6688719987869263,9
就令家人引志存到大廳上談天,0.7735986709594727,16,0.7324187159538269,3,0.6999098062515259,1
原來周庸祐的家當,0.8010081052780151,4,0.7724877595901489,5,0.7099874019622803,8
人家得了去,0.7426856756210327,1,0.7091114521026611,7,0.7061638832092285,3
想起自家,0.6033385396003723,8,0.5951163172721863,9,0.5734816789627075,16
素察僧徒多游貴戚家作過,0.7677001357078552,3,0.7249035835266113,2,0.717777669429779,1
我剛因前兒三王爺知道咱們家的麗雲能乾些正經,0.8543193936347961,1,0.8041160106658936,3,0.72544926404953,2
則立一家已足,0.7550718784332275,9,0.7177177667617798,13,0.6836678385734558,8
是人家有志氣,0.7545616030693054,8,0.7479904294013977,17,0.7384861707687378,9
今家甲既經編定,0.7152187824249268,8,0.712923526763916,16,0.7037956714630127,14
小人到族弟家中探望,0.8222444653511047,3,0.7975952625274658,1,0.7560650706291199,4
隨分落誰家,0.6436161994934082,8,0.628568708896637,9,0.6154428720474243,2
大家說道,0.6181139945983887,9,0.6136165261268616,13,0.6052788496017456,16
就像奴家郡主然,0.7761867642402649,8,0.7563438415527344,14,0.7305299639701843,9
比別處不知道的人家說了來的好,0.7519752383232117,8,0.7229341864585876,17,0.7221803665161133,9
既而訪之姚家,0.6380209922790527,8,0.5868242979049683,14,0.5826070308685303,9
然太守以翰林起家,0.5084623098373413,3,0.49194058775901794,9,0.48665153980255127,7
大家方散,0.682968258857727,9,0.6592496633529663,13,0.65594881772995,16
今後我要把下人當做自己家裡人一樣親如手足,0.8310027718544006,3,0.8224099278450012,1,0.7682759761810303,2
家語,0.4852549135684967,8,0.4679521322250366,14,0.46481043100357056,15
且查行盜殺一家三人律注內稱同居雖奴婢雇工人皆是或不同居果系本宗五服至親亦是,0.8162722587585449,1,0.7858083248138428,3,0.7587688565254211,2
又北為賴家山,0.7648144960403442,14,0.7565197944641113,8,0.7245921492576599,16
人家只當咱們大擺齋壇的來送禮,0.7551975250244141,1,0.713805615901947,3,0.679046094417572,7
湛然真境瑞皇家,0.6870647072792053,8,0.667693018913269,9,0.6412272453308105,14
李氏哭泣走回嗣張自重回家李氏哭訴前情張自重氣忿攜取棒槌趕往將齊月先毆傷左右臁秙骨折越二十七日身死,0.7540048360824585,3,0.7295913696289062,2,0.7268993258476257,4
即到呼延灼家裡,0.7848219275474548,3,0.7629911303520203,4,0.7550467848777771,1
有天在一個妓女玉仙家裡大排筵宴,0.7891050577163696,3,0.7639298439025879,1,0.7487242817878723,4
人家就有金來配你,0.7640209794044495,1,0.7244741320610046,7,0.7138747572898865,3
史記孔子世家,0.6383239030838013,1,0.6017726063728333,3,0.5974712371826172,12
列良家門,0.6864134073257446,8,0.6801491975784302,9,0.6701674461364746,16
乃自家人盜耳,0.7347590923309326,16,0.726825475692749,8,0.7219482660293579,9
席間述家世甚悉,0.7395746111869812,1,0.7394714951515198,3,0.6968201994895935,2
出家姊安國寺主真心,0.643817663192749,2,0.637877345085144,16,0.6355072855949402,1
然受了自家主人的吩咐,0.7760568261146545,1,0.7631655335426331,9,0.751210629940033,3
汝出家人吃素,0.6811429262161255,3,0.6681297421455383,1,0.6482281684875488,2
家運壞則漸漸消磨,0.405854731798172,8,0.38638442754745483,9,0.385497510433197,6
孫自道即從父習教嗣孫浩然病故孫自道收藏家譜權掌其教,0.7063536047935486,9,0.7049164772033691,3,0.6971485614776611,2
大家上去,0.6636312007904053,1,0.6580972671508789,13,0.6538135409355164,10
家裏兄弟子侄,0.4681463837623596,9,0.46702563762664795,8,0.4566074013710022,16
吳振楚聽了霍家拳不傳異姓的話,0.8013180494308472,9,0.7628421187400818,14,0.7265685796737671,8
管家道,0.6873335242271423,7,0.6755994558334351,8,0.6687728762626648,16
君若肯至其家,0.672310471534729,4,0.667403519153595,8,0.6622601747512817,9
還剩下那鶄●在家,0.5890065431594849,8,0.5721984505653381,6,0.5508162975311279,5
挹香告別歸家,0.6650509238243103,3,0.6641280055046082,2,0.6488677263259888,4
則肺家通調水道之令不肅,0.6472758650779724,8,0.6364134550094604,9,0.6070592999458313,16
頭一家做生意就勿高興出來,0.78119957447052,11,0.7658266425132751,9,0.7216851115226746,13
有兒讀書紹家風,0.7110638618469238,16,0.6975753903388977,8,0.6808807253837585,14
著六個的當家人押銀一萬五千兩,0.7273983955383301,1,0.7252864837646484,16,0.7164554595947266,3
一家子養了十個兒子,0.7970225214958191,1,0.737929105758667,3,0.7121585011482239,12
宜守家財,0.7170535326004028,3,0.7060694694519043,16,0.6835517287254333,1
遂索性把玉香包在家中,0.8634185194969177,3,0.775363028049469,1,0.7595519423484802,2
國家,0.6353315114974976,4,0.6156161427497864,7,0.6106932759284973,2
問他是誰家,0.5251085162162781,8,0.5141391754150391,9,0.5137797594070435,17
將抵家,0.6307774186134338,8,0.6110053658485413,9,0.5924647450447083,13
諸子百家,0.5982262492179871,1,0.5671703219413757,2,0.565946102142334,9
莫比班家扇,0.7233208417892456,8,0.6986322402954102,4,0.6960376501083374,14
此真費氏家法也,0.7266769409179688,1,0.7242348790168762,3,0.7145504355430603,9
家學相承慚汝弟,0.536752462387085,9,0.5342023968696594,8,0.5160610675811768,16
各家兄弟無不歡喜,0.8385410904884338,9,0.7772063612937927,1,0.7328367233276367,13
家裡人都曉的,0.40906429290771484,8,0.40012338757514954,16,0.388433575630188,9
小弟家貧,0.6936314702033997,8,0.6909742951393127,16,0.6760697960853577,9
西家為客,0.746881365776062,8,0.7455015778541565,9,0.7296788692474365,14
蓋離家已十六年矣,0.7819812893867493,3,0.7432101964950562,2,0.738810122013092,1
在布政司後街溫鹽商家,0.6599552631378174,8,0.6548418998718262,9,0.6538512706756592,11
就到了咱家,0.6449384689331055,4,0.6429805159568787,8,0.6236952543258667,1
是省城第一家好主戶,0.7981604933738708,12,0.7827534675598145,11,0.7605499029159546,10
生家臧獲偶泄言於外,0.6749735474586487,16,0.6641312837600708,8,0.6408044099807739,3
替人家專折奏請獎勵,0.7100656032562256,8,0.7019336819648743,9,0.6815646290779114,17
我們官人作了皇家四品帶刀的御前護衛了,0.7441015243530273,1,0.7247875332832336,3,0.7087172865867615,9
就自家念上來了,0.7372018694877625,3,0.7287917137145996,1,0.6943823099136353,9
後來大家吃稀飯,0.7407088875770569,1,0.706028938293457,3,0.673146665096283,12
張家堰與餘村港相對去城十餘里,0.6960498094558716,1,0.6733421683311462,14,0.6712034940719604,12
這全就是他富家哩,0.7406482696533203,8,0.7309421300888062,4,0.7230809926986694,5
我們姑爺在家裡也是白呆著,0.885040819644928,3,0.8372980356216431,1,0.7640151977539062,2
使家賊六人,0.7486393451690674,16,0.7185835838317871,8,0.7043414115905762,9
查抄家產,0.648485004901886,16,0.6361360549926758,9,0.6250545382499695,8
只怕到家總得年底罷,0.7342550158500671,3,0.7233413457870483,4,0.7184889912605286,2
頃屬家國喪亂,0.6617465615272522,9,0.6614956259727478,3,0.6614217758178711,2
外家南寺,0.7323811650276184,9,0.7100895643234253,14,0.70304936170578,8
陶柳兒全家齊赴市曹斬首,0.8075479865074158,1,0.7882162928581238,3,0.7356917262077332,2
於是諄托蘭音在家照應,0.8706786632537842,3,0.77667236328125,2,0.773371696472168,1
道家以之點湯當茶,0.7367963194847107,1,0.7044016122817993,3,0.6813601851463318,7
以及八家所自序說,0.7784382104873657,9,0.7473593354225159,13,0.691472589969635,1
一家驚異,0.7782754302024841,9,0.7307758331298828,11,0.7278923988342285,2
蓋漢今文家猶知之,0.72760409116745,7,0.6917992234230042,1,0.6903979182243347,3
宋家昔日塞翁行,0.7141975164413452,9,0.7135147452354431,14,0.7046048045158386,8
山家阻雨得晴出郊,0.7378458380699158,8,0.6689547300338745,9,0.6580470204353333,16
只因他們家裡田多有錢,0.8523837924003601,1,0.8336914777755737,3,0.738226592540741,2
只怪人家說你多嘴,0.7224708199501038,1,0.6838951706886292,7,0.6787009239196777,8
原來此船乃丁家夜巡船,0.8111764788627625,14,0.7852002382278442,8,0.7470707297325134,9
兩個人還是靠著人家,0.6189712882041931,8,0.5863048434257507,17,0.5510544180870056,6
頗似大家舉止,0.6410346627235413,9,0.6174599528312683,8,0.6039440035820007,16
無奈自小許了賀家,0.6818726062774658,8,0.628434956073761,9,0.6263123154640198,14
全家南渡遠,0.7454770803451538,1,0.736295223236084,3,0.7149359583854675,2
大家都尊他為文七爺,0.7195125222206116,1,0.686909556388855,3,0.6649470925331116,9
與郭君云為家庭太平藥劑,0.8010287284851074,3,0.7662134766578674,1,0.7173644304275513,2
俺祝家莊被龐賊搜刮,0.7271133065223694,1,0.7228485345840454,12,0.7203335165977478,14
請了各處高僧高道來家迫薦,0.6995984315872192,9,0.6685829758644104,8,0.6667910814285278,16
兄弟家裡,0.6674839854240417,9,0.6527656316757202,16,0.638500988483429,8
萬家山縣西北二十里,0.6625090837478638,14,0.6589085459709167,8,0.6482036113739014,16
予家無恆產,0.7112643122673035,3,0.7009094953536987,16,0.7007502317428589,2
我們不在家,0.5701411962509155,8,0.5657091736793518,4,0.5543639063835144,5
單說少爺見老人家有這許多銀子,0.82961505651474,1,0.7999776005744934,3,0.7339261770248413,7
他見這是有錢的百姓告家產,0.6919450759887695,8,0.6636585593223572,16,0.6336542367935181,6
小弟備個家常飯,0.7229143381118774,3,0.7150428891181946,1,0.6989409327507019,2
家貧如洗,0.5567550659179688,16,0.5477141737937927,8,0.5295029878616333,15
皇帝弟子韋家曲,0.7209470868110657,16,0.7019581198692322,9,0.6946713328361511,8
叫他在家也是閒著,0.9063004851341248,3,0.8040120601654053,1,0.775336742401123,2
今日還家莫惆悵,0.7305037975311279,2,0.7252253293991089,3,0.7181001901626587,4
你姪女兒也不必家去了,0.6816646456718445,8,0.672700047492981,16,0.6691722869873047,5
查該犯情節較重應仍依殺三人而非一家內二人仍系一家者斬梟例斬決梟示酌斷財產一半給黎繩美,0.7908027768135071,1,0.7792394757270813,13,0.7701824307441711,9
適於四馬路中遇見李鶴汀管家匡二,0.7608256340026855,16,0.7361361980438232,8,0.7361233234405518,7
家人離逷,0.4368954598903656,16,0.42699286341667175,8,0.41470280289649963,15
綠幘誰家子,0.7429050803184509,9,0.7313079833984375,14,0.7147982120513916,8
及婦歸家,0.7159715890884399,3,0.6792123317718506,2,0.6559712886810303,1
送人家去來,0.7384529113769531,8,0.7306312918663025,1,0.7061247825622559,7
蒙恬因家世得為秦將,0.76593017578125,1,0.7596084475517273,3,0.7065480947494507,2
進去第三家,0.7562271952629089,11,0.74009770154953,12,0.724333643913269,10
誰知他家那等榮貴,0.7322331070899963,1,0.7222239971160889,9,0.7221747040748596,3
為文正年家子,0.6515311002731323,9,0.6217246651649475,8,0.6193727850914001,17
舉家忻然敦予求診,0.7508904337882996,3,0.7279026508331299,1,0.7227145433425903,2
俗間家人且兇,0.7241511940956116,8,0.7238516211509705,16,0.7132512927055359,9
約了我家夫人,0.7338550686836243,16,0.7265868186950684,14,0.7221869826316833,8
火從焦家起來,0.7937455773353577,8,0.720466673374176,9,0.7102552652359009,14
大家知道老姊丈有錢,0.6627753973007202,1,0.6433008909225464,3,0.6340004801750183,10
你看著人家趕蚊子分上,0.7567672729492188,1,0.7058700323104858,3,0.6907691359519958,7
離家庭,0.7258284091949463,2,0.7202797532081604,3,0.7181459665298462,16
他家的困苦,0.7673315405845642,1,0.7627453207969666,3,0.7622652649879456,8
全家入海,0.6583249568939209,3,0.6575065851211548,1,0.6568030118942261,4
不但勝於溫家玉鏡,0.6464037299156189,16,0.6125332713127136,14,0.6023367643356323,8
怪不得人家說我少爺才情好,0.7596389055252075,1,0.7118779420852661,3,0.676283061504364,7
告其家,0.6028493046760559,16,0.5996339321136475,4,0.5774185657501221,8
抄家的人役,0.7237815260887146,3,0.7078238725662231,2,0.6986541152000427,1
誰家的機器,0.7764992713928223,1,0.7562079429626465,4,0.75196373462677,3
魏家姑姑至,0.7742524743080139,14,0.7463253736495972,9,0.7270480394363403,8
眾人但到他家中來,0.7841350436210632,3,0.7528694868087769,4,0.7494528293609619,1
今富貴家亦有賓館,0.73740553855896,8,0.7196294069290161,9,0.7047216892242432,1
無分家食,0.6581038236618042,11,0.6477314233779907,9,0.6423763036727905,4
老人家帶了這許多年的兵,0.8091717958450317,1,0.7625769972801208,3,0.7481434345245361,7
大家下馬,0.6521999835968018,1,0.6454073190689087,3,0.6328566074371338,7
因家事過得,0.6433640122413635,3,0.6374680399894714,16,0.6051158905029297,8
豈不要壞了我家的聲名,0.7901407480239868,1,0.7491786479949951,3,0.7323087453842163,8
大家歸坐,0.6864722371101379,1,0.6825807094573975,3,0.6741433143615723,2
和人家做好事時,0.7587231993675232,1,0.7295105457305908,3,0.723616898059845,7
若在家,0.6452169418334961,9,0.6302164793014526,8,0.6094961166381836,2
也好讓老人家舒舒服服,0.7960831522941589,1,0.7632996439933777,3,0.7108045220375061,2
傳為宦家別業所改,0.7483897805213928,1,0.7460350394248962,9,0.738197922706604,3
別掃大家的興,0.7134113907814026,1,0.6995218992233276,3,0.6938509941101074,10
嗟彼堪輿家,0.6811630725860596,7,0.6643007397651672,9,0.650662362575531,8
曾邀相訪到仙家,0.6772208213806152,8,0.5990489721298218,14,0.5971820950508118,9
惹老人家煩惱,0.7771713733673096,1,0.7481374144554138,3,0.7344322204589844,17
我們家的姑娘們不算外,0.8478973507881165,1,0.8070846199989319,3,0.7440719604492188,2
而往往出自纓簪詩禮之家,0.6825326681137085,9,0.6766326427459717,8,0.6308582425117493,14
又有田家雜興云,0.7896817326545715,8,0.7251163125038147,9,0.7165017127990723,14
千家萬家桃杏,0.701600193977356,1,0.6854091286659241,11,0.6827060580253601,12
論樂記疏引異義說鄭詩非必出於三家魏源據以為三家詩未可執為確證,0.7540938854217529,9,0.7144115567207336,13,0.7089224457740784,12
急忙呼喚家人,0.7544350028038025,3,0.7452372908592224,16,0.7332594394683838,4
疏家不詳考其文義,0.6615509390830994,8,0.6589480638504028,9,0.5857870578765869,16
藏於家塾,0.710433840751648,16,0.7074191570281982,9,0.6675453186035156,3
又孀婦自願守志夫家搶奪強嫁若孀婦不甘失節因而自盡不論已未被污緦麻卑幼發邊遠充軍功服發極邊充軍各等語,0.7458732724189758,8,0.7291926741600037,3,0.720370352268219,16
欲見你家主人,0.7621565461158752,9,0.7452251315116882,8,0.7435102462768555,1
林之孝家的等人笑回,0.7657371759414673,8,0.7425631284713745,1,0.7384089231491089,3
亦被三合家塗改,0.7083256840705872,8,0.6990687251091003,9,0.6813009977340698,6
又張家堰,0.7228946685791016,14,0.7127752304077148,8,0.6827147006988525,9
汪家,0.6699413657188416,14,0.6428132057189941,8,0.6316125392913818,4
家中適無男子,0.3878670632839203,8,0.3686586618423462,9,0.359911173582077,16
以及一班家人們,0.7731229662895203,3,0.7521076798439026,1,0.7329668402671814,16
家門雖盛而名節有虧,0.3794437050819397,8,0.37298697233200073,9,0.35394102334976196,16
此地勝餘家,0.6897661685943604,9,0.6871673464775085,8,0.639657199382782,11
教的都是縣門口房科家的館,0.786685049533844,8,0.7672299146652222,14,0.766808271408081,9
況易換之後奴婢各事其主其後換之主稍有干犯即應按主僕名分定擬必不能以易換家奴稍從寬縱,0.7324206233024597,15,0.7177224159240723,16,0.6911963224411011,8
墨之家學,0.682428240776062,9,0.6756798624992371,7,0.6538160443305969,8
蘇冠香令管家掇祇酒機,0.7273666858673096,16,0.7222639918327332,9,0.721039891242981,7
若以震家而求兌家,0.7163205146789551,8,0.6513547897338867,13,0.6498498916625977,14
只秦府裡一家子三等丫頭們,0.7978723645210266,1,0.731418251991272,9,0.7250273823738098,12
專喜人家奉承,0.7395975589752197,1,0.737254798412323,8,0.7268955707550049,9
呼家將,0.7234965562820435,8,0.7131290435791016,14,0.6936483979225159,16
家人收瘞焉,0.476886510848999,16,0.4662197530269623,8,0.45729541778564453,9
被隔壁陳老爺家的貓從半牆上跳過來銜著跑了,0.7816872596740723,1,0.758810818195343,8,0.7528536915779114,4
尚以手囑付某妻持往某翁家求助喪費,0.7323693633079529,1,0.7321608662605286,3,0.7248422503471375,4
人卽有不孝於家,0.6191900372505188,9,0.6152558922767639,8,0.6146519780158997,16
皴皵誰家筆,0.7199748158454895,9,0.6872469782829285,8,0.6540693044662476,14
才抵家,0.6048184037208557,16,0.5913968682289124,8,0.5767132043838501,9
範家胡同,0.7292794585227966,8,0.7182850241661072,14,0.6896103024482727,9
故名不出家,0.5532901287078857,9,0.5518912672996521,3,0.5474623441696167,2
也不成了我們家的了,0.8649643063545227,1,0.8341537117958069,3,0.7723761796951294,2
大家逃命,0.6754053235054016,9,0.6712992191314697,1,0.6671476364135742,13
人家自然不肯叫他白出力的,0.7492421269416809,1,0.7164912223815918,3,0.7012038230895996,8
替皇家出力,0.6838932633399963,8,0.6805866360664368,7,0.6790425181388855,9
於是大家轉悲為喜,0.7514275908470154,1,0.7141203880310059,3,0.6719005107879639,2
抄斬了俺一家兒性命,0.8494642376899719,1,0.7797175645828247,3,0.745161771774292,2
等人家完了事,0.7387260794639587,1,0.7315821647644043,8,0.7238492369651794,3
咱們這樣人家的子弟,0.8260645270347595,1,0.7651888132095337,3,0.7463900446891785,9
一概叫人割了來家,0.5523996353149414,8,0.5266193151473999,9,0.5119881629943848,17
家常話,0.5055886507034302,8,0.4780823588371277,15,0.46915581822395325,16
我們自從各家合住,0.8331683278083801,9,0.7677106261253357,11,0.7661691904067993,13
吉士回家,0.7140822410583496,4,0.6873250603675842,5,0.6755132675170898,2
家齊而後國治,0.550406277179718,9,0.5470297932624817,16,0.5411036014556885,8
時常不在家,0.5756004452705383,3,0.5751277804374695,4,0.5645111203193665,16
又談論些齊家治國之事,0.6899484395980835,1,0.686655580997467,3,0.6638832092285156,2
畫家與大自然融合在一起,0.7638105750083923,7,0.6731553673744202,8,0.6646518707275391,2
他家裡採報說,0.8032544851303101,3,0.7533972263336182,1,0.7430849671363831,4
你到我家裡去,0.807075023651123,3,0.7975177764892578,1,0.7463654279708862,4
今移病出家之時,0.6809279918670654,3,0.6609682440757751,2,0.6529511213302612,1
促青田即日回家,0.6041908860206604,16,0.5619045495986938,4,0.5576965808868408,8
就受受人家的香煙祭祀,0.7895186543464661,8,0.7338409423828125,9,0.7282705307006836,14
已恩赦歸家,0.6828283071517944,2,0.6812654733657837,3,0.6536200642585754,4
丁日心家出井中丁未之時過少衝己酉大都脾上位肺行辛亥太淵從癸丑腎居複溜位曲泉卯乙注肝宮丁己流於包絡上厥陰心主起中衝,0.6608372926712036,8,0.6007192730903625,17,0.5982846617698669,14
而推詩專家,0.7485841512680054,7,0.6560376882553101,10,0.6550952792167664,9
令民視四海如一家,0.6581841111183167,9,0.6377801895141602,11,0.6237092614173889,8
方纔同家兄在這裏說,0.7686176300048828,9,0.7653977274894714,16,0.697242259979248,14
葉家門樓俗名十八灣,0.8146589994430542,14,0.776116669178009,8,0.7618524432182312,1
自漢至明修輯者七十餘家,0.6574109196662903,9,0.6114155054092407,11,0.6082031726837158,8
著該博家嚴拒,0.6947752237319946,8,0.6663463115692139,7,0.665679395198822,9
對文章大家的尊稱,0.6858344078063965,7,0.6587805151939392,13,0.655592143535614,16
家宅昏昧,0.47462543845176697,8,0.4628504812717438,16,0.44952812790870667,9
我們即刻寫書與家姑丈,0.7683982849121094,16,0.734363853931427,4,0.7151546478271484,2
為言主家頗豪奢,0.7629755735397339,3,0.7492364645004272,9,0.7454883456230164,1
與三家詩以商頌為美宋襄者,0.7946353554725647,9,0.6809483170509338,13,0.6711182594299316,12
國家定鼎於燕,0.6327558755874634,9,0.6067788004875183,4,0.5983253121376038,14
老夫家政,0.6552668809890747,9,0.6274653077125549,16,0.6244316697120667,8
回家面詢隨員外去了,0.7725582122802734,3,0.7273435592651367,1,0.7215892672538757,2
我們都是通家世好,0.7533866167068481,1,0.7458123564720154,3,0.7166691422462463,2
況且我的家事也煩,0.8033213019371033,3,0.7543761134147644,1,0.7315142154693604,2
替你家二爺討來,0.7895442843437195,1,0.7407051920890808,3,0.7074041962623596,16
吏以父母家口在城,0.7078021764755249,4,0.7048518061637878,3,0.6944929361343384,8
此時賈文物方自己當起家來,0.7050327062606812,9,0.6997452974319458,7,0.6972547769546509,4
家居何里,0.4918743371963501,8,0.47245898842811584,6,0.4612467586994171,9
又李家閘,0.7553027868270874,14,0.7500308752059937,8,0.7314742207527161,9
大家共受其禍果也,0.6709557771682739,9,0.6664291024208069,1,0.6555958390235901,2
想已到家,0.6089379191398621,8,0.5818553566932678,4,0.5784916877746582,16
梅家打發人來說得了報子,0.7752854228019714,8,0.7533503770828247,9,0.7503241896629333,1
道路攜家去,0.7045589685440063,8,0.6959643363952637,5,0.6773979067802429,16
何至如我們公羊家言弒君三十六呢,0.7065113186836243,8,0.6771295070648193,9,0.6627885103225708,14
米老為書家三變也,0.7433966994285583,8,0.7291990518569946,9,0.728728711605072,7
家人為代乞節婦貸其命,0.4042508900165558,8,0.3965415060520172,16,0.37824398279190063,9
亦國家之隱憂也,0.7090957760810852,3,0.6998311281204224,1,0.6937525272369385,2
田家濁酒香,0.8167238831520081,8,0.7907585501670837,14,0.7706100940704346,9
年家眷同學弟宗姬頓首拜,0.7110164761543274,16,0.7018158435821533,3,0.6757071614265442,1
他們小孩子家不知什麼,0.7618560791015625,17,0.7339379787445068,8,0.6872910857200623,15
漢庶則成家聚族,0.7912214994430542,3,0.7902321815490723,1,0.7653896808624268,2
既明其我家不明,0.7094929814338684,4,0.7071276307106018,9,0.6981626152992249,8
又惹這干小廝到家中亂嚷,0.8207117319107056,3,0.7676266431808472,1,0.7396989464759827,2
可是喜的一個家撾耳撓腮,0.7837780714035034,5,0.7547768950462341,4,0.7243767380714417,8
其破人之家,0.6800726652145386,9,0.6686710715293884,8,0.6576364040374756,4
定可有益公家不少,0.695500910282135,9,0.6942048072814941,8,0.6788421273231506,2
幾個管家,0.6551821827888489,7,0.6543449759483337,2,0.6419435739517212,1
此是脾家居四季,0.7105745673179626,8,0.6723346710205078,9,0.6650082468986511,14
得家書,0.698853611946106,16,0.671047568321228,9,0.6674590110778809,8
夫人留霓裳在家陪侍,0.8328936696052551,3,0.7536422610282898,2,0.7471644878387451,1
家兄至自鎬京,0.6654935479164124,16,0.6316853165626526,9,0.6068025231361389,8
大家下馬,0.6521999835968018,1,0.6454073190689087,3,0.6328566074371338,7
大家都說是楊姨娘弔了去的,0.7340742349624634,1,0.6777844429016113,3,0.6515499949455261,2
諸家作得失詁,0.7503924369812012,9,0.6824421882629395,13,0.673098623752594,2
家人來稟,0.4196528196334839,16,0.41789114475250244,8,0.4073837399482727,15
敬借家大人韻,0.7136061191558838,8,0.712797999382019,16,0.6779738664627075,9
其四家者,0.7528064846992493,9,0.7125117778778076,13,0.6787481904029846,12
及全家俱被害,0.788308322429657,3,0.7781645059585571,1,0.7262568473815918,2
國舅只因家有事,0.7869127988815308,3,0.7570865750312805,1,0.7449701428413391,16
平兒各自回家,0.6847706437110901,4,0.6747797131538391,8,0.6692367196083069,3
家宅,0.38627511262893677,8,0.37687209248542786,15,0.3733036518096924,6
竟是我家三代深交,0.8288472294807434,1,0.7897539734840393,3,0.7162840366363525,2
就是後山呼家將的紫金鞭,0.7292447686195374,9,0.7129486203193665,16,0.7078486084938049,14
俟家人到日,0.7097260355949402,16,0.658685564994812,9,0.6535560488700867,2
吳下藏書家殘編剩稿,0.6836614012718201,8,0.6499493718147278,9,0.6471801400184631,7
人家陷死,0.7171735763549805,1,0.7099277377128601,8,0.6968598365783691,17
大家吃了些,0.6326562762260437,1,0.6283153295516968,13,0.6190413236618042,12
船家道,0.7315055727958679,8,0.696358859539032,14,0.6906780004501343,9
等我家相公定性養神,0.7465975284576416,1,0.7394500374794006,3,0.7317953705787659,9
和我姓黃的家聲麼,0.7707719802856445,16,0.7339586615562439,8,0.7185317873954773,14
家母所要藥方,0.7402746677398682,16,0.6860805153846741,8,0.6850104928016663,15
同一天下國家,0.6702972650527954,9,0.6700937151908875,13,0.6299209594726562,8
於是同回到家裡,0.8503814935684204,3,0.7946963906288147,1,0.7821387648582458,4
舍其家室而託寓者,0.7584266662597656,3,0.7375689148902893,2,0.725169837474823,1
自此竟住在曲家,0.6473380923271179,8,0.5814384818077087,9,0.5614000558853149,14
近來士大夫家喜蓄美婢,0.7198296785354614,8,0.7142176032066345,9,0.6792426705360413,17
羅至家,0.6548253297805786,9,0.6547653079032898,8,0.6403283476829529,14
秦叔寶家中整治二席酒,0.7771196365356445,3,0.7473846673965454,1,0.7188352942466736,4
大家斟酌斟酌的意思,0.6266674399375916,3,0.6200610399246216,1,0.614325761795044,13
還不失為富家翁,0.7334293723106384,8,0.7096927762031555,3,0.709007740020752,9
他的家裏的事,0.8356285095214844,3,0.7932946681976318,1,0.7867581248283386,4
毆死家奴將告發之親屬開放,0.7810642123222351,16,0.7197771668434143,15,0.6986043453216553,3
林之孝家的只得進園來到稻香村,0.7775046825408936,8,0.767451286315918,1,0.7472634315490723,9
這呼家的小逆賊,0.7319591641426086,8,0.6887853741645813,9,0.6866785287857056,14
貧僧等出家人,0.6414512395858765,3,0.6324242353439331,1,0.6312641501426697,9
雖力攻家語,0.6695728302001953,8,0.6608778834342957,9,0.6605308651924133,16
尤氏率同眾姬妾並家下婆子媳婦們方送出來,0.602592945098877,9,0.5853649377822876,16,0.5777767300605774,8
他家有什麼人尋了短見嗎,0.758155107498169,8,0.7439100742340088,1,0.7292876243591309,3
六合為一家,0.7205910086631775,9,0.7000338435173035,13,0.6942108273506165,8
我還想你額外照看趙家呢,0.7625022530555725,1,0.7507481575012207,14,0.7501363158226013,9
你家丈夫瞞著你娶小,0.7128169536590576,14,0.7068468928337097,8,0.7027929425239563,16
漢有詩人無詩家,0.5678439736366272,8,0.5613024830818176,7,0.5570272207260132,9
只這幾個家人,0.7776147723197937,1,0.7701804041862488,3,0.7398955821990967,4
二家合閔公於莊公,0.7818894982337952,9,0.719032883644104,1,0.715012788772583,13
劉錦衣恃了王振的掌家,0.5294301509857178,9,0.520718514919281,8,0.5171374082565308,16
若能歸語其家,0.6895756721496582,9,0.6731658577919006,8,0.6459160447120667,16
家別其說,0.6896340847015381,9,0.6657416820526123,8,0.6374207735061646,16
張家路最直,0.6791080832481384,14,0.6780662536621094,1,0.670854926109314,16
當家師太,0.6708424091339111,16,0.6708318591117859,9,0.651461124420166,7
誰家香雪簾櫳,0.6876014471054077,2,0.6838895678520203,1,0.6602384448051453,3
家人大驚,0.41858455538749695,16,0.4134927988052368,15,0.3988851308822632,8
為的是我們出家人,0.6744450330734253,3,0.6665314435958862,1,0.6616078019142151,2
其有在夫家守貞身故及未符年例身故者,0.7540871500968933,3,0.7450400590896606,8,0.7317959666252136,1
我們大家沒事,0.7490938305854797,1,0.7159333825111389,3,0.6806839108467102,2
見前面兩個管家掌著羊角風燈,0.7529388666152954,7,0.7342715263366699,1,0.7243514060974121,8
回望家園,0.6683399677276611,4,0.6667296290397644,2,0.6629948616027832,3
何以齊魯兩家之詩,0.7447258234024048,9,0.718364417552948,7,0.7032501697540283,12
割裳制家書,0.6722720861434937,9,0.6668382287025452,16,0.6662147045135498,8
土郊二十二家,0.6942119002342224,9,0.6905924677848816,8,0.6626395583152771,14
萬家他自小是我們這河下萬有旗程家的書童,0.7455764412879944,1,0.7378519177436829,4,0.7324144840240479,2
真大人家眼前見喜,0.7337787747383118,1,0.7295361757278442,17,0.7256993651390076,7
恐怕是看破了情緣去出家,0.4613156020641327,8,0.4445079267024994,9,0.44021275639533997,6
就對女兒講起城南有個富戶人家,0.6356338858604431,8,0.6247415542602539,1,0.6183298826217651,17
敢言家乎,0.6503154635429382,17,0.6491023898124695,8,0.6364551782608032,9
家人,0.3499319851398468,15,0.3479960858821869,8,0.34722885489463806,16
家裡沒人犒勞你們,0.40286368131637573,8,0.39113375544548035,6,0.3816772997379303,15
老人家自己不發意梳梳頭,0.7791553735733032,1,0.7410644888877869,3,0.7259624004364014,7
只見外面家人拾進兩個箱子來,0.7813389897346497,16,0.7258094549179077,3,0.7225919961929321,8
楊大毛就仿佛是王家的人,0.8093673586845398,1,0.7980625629425049,9,0.7914652228355408,14
教郭成將家事處理停當,0.7348684072494507,16,0.7268326878547668,3,0.6946569681167603,1
飲酒友家,0.6023752093315125,8,0.564260721206665,9,0.5565308928489685,17
曷為世家哉,0.7140262126922607,9,0.7052546739578247,1,0.7017621397972107,3
計巴拉不能以家教箴其子妹,0.7282963991165161,16,0.711080014705658,3,0.7019988298416138,2
有事只令家丁傳報,0.7799953818321228,16,0.7615940570831299,1,0.76064133644104,3
生於貧家,0.6237143874168396,8,0.5779765844345093,9,0.5660530924797058,16
貧家女,0.7190972566604614,8,0.7097803354263306,16,0.676088273525238,14
應有仙家住,0.7683696746826172,8,0.7203232645988464,4,0.7152490615844727,9
君不見昔時燕家重郭隗,0.7567257881164551,8,0.7503945827484131,9,0.7285438776016235,14
人家都得罵我的口不緊,0.7799242734909058,1,0.736708402633667,3,0.7007160782814026,10
農家者流,0.7943857908248901,8,0.7208712100982666,9,0.7146781086921692,14
或是聽人家念學就了的,0.73292076587677,1,0.7103409171104431,7,0.7006213665008545,10
本方為脾家虛熱,0.5798800587654114,9,0.5789886713027954,8,0.5576283931732178,16
瑤闕參差阿母家,0.6442779302597046,5,0.6388586163520813,8,0.628618061542511,4
獨宇文測一家,0.7557876706123352,9,0.721404492855072,8,0.703881025314331,14
欲往文卿家去,0.73137366771698,3,0.7244507074356079,4,0.6937108039855957,1
還家萬里途,0.7017186880111694,2,0.6921958923339844,4,0.6896173357963562,5
世臣大家也,0.619707465171814,9,0.5748205780982971,13,0.5727442502975464,16
只好一肚皮不高興的走進朋友家去,0.8312366604804993,4,0.8227099776268005,3,0.793182373046875,1
勢必人亡家破,0.7014460563659668,2,0.6795963048934937,3,0.6729831695556641,5
魯世家,0.5806373953819275,14,0.5756681561470032,1,0.561379611492157,9
馮家兩個未去,0.7816846370697021,1,0.751995325088501,3,0.7323987483978271,16
家中一切,0.5579637289047241,8,0.5428253412246704,9,0.5375718474388123,16
家中現有四通,0.582186222076416,8,0.5764678120613098,16,0.554498553276062,9
三家鳥用見毛序為哉,0.7231892943382263,9,0.7227476239204407,15,0.7010806202888489,14
家貧何由往,0.4543389678001404,16,0.4479985535144806,8,0.42221108078956604,15
比人家上去的快,0.7201876044273376,8,0.6901925206184387,7,0.6807392835617065,17
通家往來一深厚了,0.7224563956260681,9,0.7170381546020508,8,0.6724233031272888,14
棄產拋家四散行,0.7683085799217224,2,0.7571491599082947,3,0.7520136833190918,1
全家白骨成灰土,0.8121870756149292,1,0.788992166519165,3,0.7484957575798035,2
我不能不先出頭與人家打招呼,0.708706259727478,1,0.6903085112571716,7,0.6820464730262756,8
家計何心論瘠肥,0.4729212522506714,8,0.43507182598114014,6,0.43396031856536865,9
見他家二爺好這些武藝,0.809177577495575,1,0.7583115696907043,3,0.7401220202445984,9
並與其家僮數十人之魯朱家所賣之,0.7375391125679016,1,0.7370098829269409,3,0.724359393119812,16
他哥走到家中不見他老婆,0.8427023887634277,3,0.7838025689125061,1,0.7770773768424988,4
家語作,0.5329083204269409,8,0.5193650722503662,16,0.5158668756484985,15
隋志五行家有堪餘歷二卷,0.6535939574241638,9,0.6393426656723022,7,0.6247425079345703,8
曾與君家鄰舍住,0.7441415786743164,8,0.7244207262992859,9,0.6951273083686829,1
這一家兒手段不知誰弱誰強,0.7846193909645081,9,0.7646064758300781,1,0.7309090495109558,13
其家懼,0.7047872543334961,3,0.7024005651473999,4,0.6953155398368835,1
亦兼用三家義,0.7623700499534607,9,0.7256727814674377,13,0.6522936224937439,7
或以冤家報複,0.69180828332901,2,0.6786549687385559,1,0.6773993968963623,13
不唯辱我家風,0.7118971347808838,3,0.7026263475418091,8,0.7014682292938232,9
卿家必須細細訪查,0.7524173259735107,8,0.7160106301307678,9,0.6816655993461609,14
命家人記之,0.7267529964447021,16,0.7156240344047546,8,0.6975215077400208,9
別了各自歸家,0.6646364331245422,2,0.6599379777908325,4,0.6333229541778564,3
定夫婦而後家制族制生,0.7852404117584229,3,0.7690971493721008,1,0.7361515164375305,2
都是家兄替你抗下來的,0.8142442107200623,16,0.6825131177902222,15,0.682194709777832,9
回家也無甚事,0.8031517863273621,3,0.7407177090644836,2,0.727023184299469,1
卒於家,0.5331809520721436,16,0.5106979608535767,2,0.5090582966804504,8
故火不沿燒鄰家也,0.7492451667785645,3,0.7449409365653992,1,0.7313243746757507,8
大家想了一回,0.6831333041191101,1,0.6673639416694641,3,0.6441116333007812,2
奴家亦是將他救,0.7591060400009155,8,0.7324885129928589,9,0.7281733155250549,16
家府比二千石,0.5872465372085571,9,0.565426230430603,16,0.5573223233222961,8
原來揚州近日新到了一家流妓,0.7460014224052429,11,0.744720995426178,9,0.740972638130188,12
帶了你家陰魂特來托夢,0.719292163848877,8,0.7136582732200623,14,0.697876513004303,1
小儒叫家丁押著行李等物,0.8203431963920593,16,0.7488328814506531,3,0.7367939949035645,8
家人曰,0.5864846706390381,16,0.5648260712623596,8,0.5433813333511353,15
馬三寶本柴紹家奴,0.7525213956832886,9,0.726801872253418,14,0.7165565490722656,16
家中舊藏王謨本漢魏叢書一部,0.6282357573509216,8,0.5874699950218201,16,0.587070882320404,9
家中不知何故,0.6581071615219116,16,0.6448724865913391,8,0.6112133264541626,9
跟在家裡住著也差不了多少,0.8499906063079834,3,0.8074225783348083,1,0.7745031118392944,2
霍家是有名的武藝傳家,0.7767215371131897,9,0.7548182010650635,1,0.7365686297416687,14
家禮遂承其誤,0.35041728615760803,9,0.34770867228507996,8,0.3442852795124054,16
大家笑說道,0.693731963634491,1,0.6627228260040283,3,0.6595884561538696,12
然後大家方才動身,0.7229034900665283,1,0.6983817219734192,3,0.6874388456344604,13
男家的冰人就約請云璧人,0.7517363429069519,8,0.7067757844924927,9,0.6933053731918335,14
家庭寶筏,0.32914745807647705,8,0.3206374943256378,6,0.3116087019443512,15
陶家名模下圓轉者為鈞,0.7534883618354797,8,0.7464777827262878,14,0.7387365102767944,9
如藏匿家中為奴作婢而不送出者,0.8014472723007202,3,0.750128984451294,2,0.7493281364440918,1
史記晉世家,0.6108790040016174,1,0.6014379262924194,7,0.5816189646720886,9
家慈五十九,0.6317073702812195,16,0.6002053022384644,9,0.5953249335289001,15
供稱家產系兄作賈所成,0.7119489312171936,3,0.6896721720695496,1,0.6590273976325989,4
天人家,0.7026909589767456,8,0.6813721656799316,9,0.6602833867073059,14
還家劍鋒盡,0.6857317686080933,9,0.6797336339950562,2,0.6728450059890747,16
大家想想高品的話,0.7078763246536255,1,0.6977664828300476,3,0.6892752051353455,10
所謂國家者,0.7007585763931274,2,0.6971163749694824,3,0.6960451006889343,7
誰識韋家記曲娘,0.7198160886764526,14,0.6994692087173462,8,0.6943458318710327,9
管家亦帶了三四個,0.7575855255126953,3,0.7565963268280029,1,0.7522541284561157,7
下家接行,0.7138833403587341,8,0.6951654553413391,13,0.6948171257972717,9
有所四十年處家,0.6249071359634399,9,0.6217005252838135,8,0.6076955199241638,4
家宅,0.38627511262893677,8,0.37687209248542786,15,0.3733036518096924,6
我纔家去換衣裳,0.7305072546005249,8,0.693146288394928,4,0.6885655522346497,5
邵管家道,0.6965982913970947,14,0.6780778765678406,8,0.6775326728820801,16
高麗使臣樸齊家為書問字堂額,0.6573511958122253,16,0.6537845134735107,8,0.6293761134147644,7
先給人家一個老虎勢,0.7177513241767883,8,0.712239146232605,1,0.7003996968269348,17
春深刺史家,0.6299586892127991,7,0.5836992859840393,9,0.559165894985199,8
管家拿進去,0.7589871883392334,8,0.7447802424430847,16,0.7390978932380676,7
史家哥哥固志在報仇,0.7687558531761169,8,0.7530796527862549,9,0.7449262142181396,14
看天氣就穿你那家常的,0.6636334657669067,8,0.6533306837081909,16,0.6402639150619507,3
家有病人,0.6702214479446411,16,0.6461160182952881,8,0.6241745352745056,9
誰知別家漁戶,0.7160298228263855,1,0.7145697474479675,16,0.7128568887710571,14
當為國家宣力分憂,0.7223371863365173,3,0.7195709943771362,1,0.6995172500610352,2
叫你老人家贏兩個,0.7669506669044495,1,0.7267691493034363,7,0.7201057076454163,3
先哭於家而後之墓,0.7353734374046326,4,0.7284136414527893,2,0.7244985103607178,16
你到月姐家去,0.7905427813529968,3,0.7684906721115112,1,0.7612629532814026,4
你是奶奶人家,0.6872977018356323,17,0.6696000099182129,8,0.6325610876083374,14
人家皆比自己還知道,0.7790274024009705,1,0.7258923649787903,3,0.7209339141845703,7
墨家有有知之效,0.7070119380950928,7,0.6997177600860596,9,0.694299578666687,8
熊二家兵合,0.7489301562309265,9,0.7081179022789001,13,0.6859960556030273,12
且說雷之家,0.6743906140327454,9,0.672645092010498,8,0.6268097162246704,16
世上的財錢都聚在區區家裡,0.770548939704895,5,0.7519727349281311,8,0.749329149723053,3
右田家,0.6836904287338257,1,0.6733424663543701,3,0.667578935623169,9
元空家看地,0.7582730054855347,8,0.7580812573432922,9,0.689246416091919,14
聽鄰家吹笙,0.725904643535614,8,0.7251980900764465,14,0.716078519821167,1
是猶未曙於質家文家之別也,0.7470225095748901,8,0.7272533774375916,9,0.7166737914085388,7
三禮各家,0.7431027293205261,9,0.7003928422927856,8,0.6755589246749878,13
與歷代注家不同,0.6347237825393677,9,0.6242882609367371,8,0.5751035809516907,7
即萬藍家也,0.7376263737678528,9,0.722549557685852,8,0.7122157216072083,14
濕家病,0.6162931323051453,14,0.6111197471618652,8,0.5762949585914612,16
家世重儒風,0.41467297077178955,9,0.40077993273735046,8,0.40028923749923706,16
金牌突召嶽家軍,0.6479873061180115,16,0.6177000403404236,14,0.6124655604362488,8
家住子規啼處村,0.5854288339614868,8,0.5419531464576721,9,0.5316072106361389,16
這是姑娘的一樁看家的本領,0.7578578591346741,3,0.7474421858787537,8,0.7379265427589417,16
眾家丁見主人如此優待這姓馮的,0.7870699167251587,1,0.756902813911438,16,0.7501777410507202,3
李娃兒項頸拴系押往田澤藩家起贓,0.7000285983085632,4,0.6957237720489502,5,0.6902990341186523,9
子家奔齊,0.7177770137786865,8,0.6868811845779419,9,0.6733301877975464,14
密傳其人家詳明開導,0.7380529046058655,9,0.7154182195663452,8,0.6883227229118347,7
繼鐘為濟南府者為家大人同年楊蓉峰,0.7599031925201416,16,0.7477847337722778,9,0.7449533343315125,2
一家哭聲嗚嗚,0.7800095081329346,1,0.7507457733154297,9,0.7444113492965698,2
羞數石家金穀園,0.7747303247451782,8,0.7380110621452332,14,0.7221815586090088,9
家裡空落落的,0.43169620633125305,6,0.42754891514778137,8,0.3970714211463928,16
大家兄念著,0.6550148725509644,16,0.6412580609321594,9,0.6128543615341187,1
故曰胃家實,0.7262607216835022,8,0.7159045338630676,9,0.6683858633041382,14
家人亟救之,0.47188520431518555,16,0.44527092576026917,15,0.4447849988937378,8
大家見禮已畢,0.6491388082504272,1,0.6339534521102905,9,0.6255185008049011,3
遽謝病家居,0.7210926413536072,3,0.7085089683532715,2,0.6964671611785889,16
是我姓霍的私家事,0.6863757371902466,8,0.6690075397491455,4,0.666292667388916,9
起家縣令,0.6493237614631653,9,0.6257268190383911,16,0.6125288605690002,14
亞於曹大家矣,0.7325290441513062,9,0.730151355266571,7,0.6784393787384033,8
共毆一家二命原謀應擬絞決,0.7775053381919861,1,0.7583861351013184,2,0.7366256713867188,3
惟出自故家巨族之遺,0.7751118540763855,9,0.7488778233528137,1,0.7223528623580933,2
出家從丱歲,0.6311031579971313,3,0.6126905679702759,1,0.591783344745636,2
前日小婿來家,0.604059100151062,8,0.5845794081687927,16,0.5618504285812378,9
東村紅八橋有農家畜一牛,0.7161555886268616,8,0.7072249054908752,14,0.6831322312355042,1
環縣有賈家,0.6859742403030396,14,0.672160804271698,8,0.6151385307312012,9
大家辭別,0.6422730088233948,2,0.6291201710700989,4,0.6263405680656433,3
史家胡同,0.7058940529823303,7,0.6831293702125549,8,0.67696213722229,12
及家務私情,0.7114097476005554,3,0.6734858155250549,16,0.6673810482025146,15
陰陰千萬家,0.6992297768592834,8,0.6734375953674316,5,0.6730313897132874,9
及周家所占的股本,0.7249718904495239,9,0.7179179191589355,16,0.716435432434082,8
時節倍思家,0.6143906116485596,8,0.5612757802009583,5,0.5583057403564453,16
只是應家的人,0.7630107402801514,8,0.7374367117881775,14,0.737418532371521,9
褚家姊妹名著金閶,0.716395378112793,9,0.7154781222343445,8,0.713369607925415,14
其餘諸家,0.7234823703765869,9,0.6491332650184631,13,0.6434774398803711,8
人家罵小弟魚肉鄉愚,0.710382342338562,1,0.6724597811698914,3,0.6596944332122803,10
以賑濟難民傾其家,0.5689101219177246,8,0.5590741038322449,9,0.5538925528526306,5
家父閱卷時,0.7192345857620239,16,0.6345424652099609,8,0.6233132481575012,9
備禮從家,0.6352769732475281,9,0.6206063032150269,16,0.6191587448120117,8
先往人家哄出主人家來,0.7735823392868042,1,0.74483323097229,8,0.7305586338043213,3
待我明日到他家中一問,0.7937803864479065,3,0.7597458958625793,1,0.7427199482917786,4
僧家以巨竹臥徑側引泉,0.7451238036155701,1,0.7309814691543579,8,0.7227824926376343,9
及家世甚悉,0.7194679975509644,3,0.7075884938240051,1,0.6738299131393433,2
惜當時張家驤阻之於前,0.733380913734436,16,0.7011827230453491,9,0.6765415668487549,14
家無度用,0.5919415354728699,8,0.5666005611419678,6,0.5558425784111023,16
顏氏家訓,0.692361056804657,1,0.6698827147483826,3,0.6341429352760315,4
那呼家的事,0.783352792263031,8,0.7445574998855591,9,0.737339973449707,14
太太不在家,0.6344361305236816,3,0.6338402628898621,16,0.6296427249908447,4
正月十日曾寄家信,0.7391372919082642,16,0.7025650143623352,4,0.6965811252593994,8
儒家業敢慵,0.6885073184967041,7,0.6701148152351379,1,0.6577728986740112,3
忽遇著一個通家好友,0.5681087970733643,16,0.5484989881515503,8,0.5367661714553833,14
家大人以館後輩禮往見,0.5232300758361816,8,0.5221273899078369,9,0.5064199566841125,16
存之未嘗不足以反鑒儒家之教而儆其失,0.6906680464744568,1,0.6765890121459961,7,0.6624845266342163,3
怪不得人家要摳他的屁股,0.7335039973258972,1,0.6877539157867432,3,0.6772387623786926,7
奴家舍命在樓中,0.7444568872451782,1,0.734928548336029,3,0.7215448021888733,8
傳家得勤儉意便佳,0.7563113570213318,3,0.7448986768722534,1,0.7271963953971863,16
妾家非豪門,0.7594665884971619,8,0.7499541640281677,9,0.725001335144043,1
我們大家快活些,0.7317101359367371,1,0.7146555781364441,3,0.6857704520225525,2
到了薛教授家,0.6028249263763428,8,0.5911223292350769,9,0.5661530494689941,6
是家老爺夫人自小撫養大的,0.7514852285385132,16,0.7379199266433716,9,0.7207269072532654,8
人家只道他深通西學,0.723272979259491,1,0.686342179775238,3,0.6819751262664795,10
吩咐家人道,0.740217387676239,16,0.6722913384437561,3,0.6714819073677063,9
他家人若回去告訴了他嬸娘,0.7680702805519104,16,0.7532023191452026,14,0.7461252808570862,1
聽得一家有小兒哭聲,0.7926618456840515,1,0.7491093873977661,2,0.7412632703781128,9
授節仙山得過家,0.6486070156097412,8,0.6338909864425659,9,0.6229280233383179,4
蕭家巷中為蕭家井,0.7557619214057922,1,0.7351936101913452,14,0.7261738777160645,12
他是婦人家,0.6760528683662415,17,0.6626308560371399,8,0.6175395250320435,9
明日你追你家的案,0.7599323391914368,1,0.7556250095367432,4,0.7508707046508789,8
兩家同居一處,0.8047915101051331,1,0.7700891494750977,3,0.7407694458961487,2
晚田始家食,0.7013700604438782,8,0.6984562277793884,9,0.6773754954338074,14
醫家治痘斑之法,0.7320631146430969,7,0.6860581636428833,9,0.6773189902305603,1
並家屬親知,0.6626173257827759,2,0.6609910726547241,3,0.6600889563560486,1
乃延羅某于家,0.6930778622627258,3,0.6897839903831482,2,0.6858487725257874,4
集上人家,0.67657870054245,9,0.6591556072235107,8,0.6328281760215759,14
非盡屬刑名家言也,0.7480108737945557,9,0.7286127805709839,7,0.6967523097991943,8
人家不見得都是睜眼瞎子,0.7702380418777466,1,0.7185938358306885,3,0.7100121974945068,7
常養著一個姓夏的瞎先兒在家,0.6308087706565857,8,0.592547595500946,9,0.5888680219650269,16
可以會通孟荀二家之說,0.6996859908103943,9,0.6960723996162415,12,0.6941868662834167,1
與家大人坐談之頃,0.7816826701164246,16,0.734437108039856,9,0.7088624238967896,8
歸家,0.6397542357444763,2,0.6260022521018982,4,0.6160985827445984,3
要見老人家沒了,0.8008438348770142,1,0.7596040964126587,7,0.7472668886184692,3
是日某回家,0.618730366230011,16,0.5980581045150757,8,0.5867149829864502,4
項家女子多才貌,0.7427610158920288,14,0.7327061891555786,9,0.7242350578308105,8
同人家說,0.6938354969024658,17,0.6808367967605591,8,0.6782847046852112,9
周蘭欲令阿珠去黃二姐家打話,0.8136125206947327,3,0.7885598540306091,1,0.7768199443817139,4
你老人家這可不是件事,0.7752736210823059,1,0.7335137724876404,3,0.6976333856582642,7
求我家中略微給他老兄一些好處,0.7360654473304749,3,0.6895233392715454,1,0.6816872954368591,16
爾家生財藉財神,0.7784633636474609,8,0.7398219704627991,1,0.7377920746803284,14
故為三歸之家,0.6706307530403137,9,0.6641862988471985,8,0.6272937059402466,4
可惜他家道貧寒,0.7914106249809265,3,0.7792710661888123,1,0.7323866486549377,2
又北二十里為馮家,0.6359844207763672,8,0.5846215486526489,14,0.5624216794967651,9
西家處女負薪歸,0.7531791925430298,8,0.7447214126586914,9,0.7388564348220825,14
慈和家範,0.6211470365524292,9,0.6025404930114746,16,0.6002800464630127,8
這山寨若無扈家哥算這妙計,0.761663019657135,16,0.7460286617279053,9,0.7426050901412964,8
雷電繞豪家,0.7475283741950989,8,0.6985666751861572,14,0.6761869192123413,5
大家問起電報何事,0.6828700304031372,1,0.6508809924125671,10,0.6503911018371582,9
百家謹案,0.5974940657615662,11,0.59658282995224,9,0.5830709934234619,13
家慈聞而疑之曰,0.7392733097076416,16,0.6371455788612366,8,0.6353135108947754,15
合家大小,0.7057868242263794,8,0.6997564435005188,9,0.6938220262527466,14
請火于去婦之家,0.7078295946121216,8,0.6915472745895386,4,0.690721333026886,5
敗落了家產,0.6757872104644775,9,0.6697101593017578,16,0.6653510332107544,3
舉家號哭,0.696505069732666,16,0.6869045495986938,8,0.6814066767692566,9
我們村莊人家許了願,0.7564629912376404,1,0.7447732090950012,8,0.7228407263755798,14
聖與三世相家,0.6589771509170532,9,0.6396890878677368,8,0.6226207613945007,14
免得我在家盼望,0.8225510716438293,3,0.7578471302986145,1,0.7494357824325562,2
凡腎家陰精欲為閉藏者,0.6591023802757263,8,0.6487869024276733,16,0.6265139579772949,9
家問,0.6830418705940247,16,0.6739527583122253,8,0.6277135610580444,9
不能在家侍奉老母,0.8656086325645447,3,0.8037973046302795,1,0.764950156211853,2
家傳世世天香,0.471029669046402,9,0.47005945444107056,8,0.4349265396595001,16
幾向東家借蹇驢,0.7601956725120544,8,0.7475619912147522,9,0.7337154150009155,16
廚官為魏王盧相兩家飲饌語,0.802604079246521,9,0.7350654602050781,8,0.7260047197341919,13
家兄一見大驚,0.5318219065666199,16,0.46220454573631287,15,0.4580020606517792,8
王夢梅見大家說得有理,0.7142614126205444,1,0.7042688131332397,10,0.6890431642532349,3
漢家草綠遙相待,0.7658063769340515,8,0.6961604356765747,14,0.6767768859863281,9
渠家學佛,0.7465428709983826,8,0.725721538066864,14,0.7091317176818848,9
不必請命家慈,0.7202787399291992,8,0.6831523180007935,17,0.6690852046012878,16
一家十四口俱陷賊中,0.8193156123161316,1,0.7691802978515625,3,0.7374228835105896,2
蓋太衝以卯為本家,0.6198477149009705,9,0.5891366600990295,8,0.5768945813179016,17
掙起人家,0.6608079671859741,8,0.6445729732513428,17,0.592704713344574,6
因此大家都往前頭來見王子騰的夫人,0.7704359292984009,1,0.7182471752166748,3,0.688140869140625,12
大家忙亂了一夜,0.723233163356781,1,0.7106267213821411,3,0.6808446049690247,2
家人秉燭來視,0.37382981181144714,8,0.3668345808982849,15,0.3615279197692871,16
船家回道,0.7154520750045776,8,0.694438099861145,16,0.6857531666755676,13
國家之有刑獄,0.7002009749412537,3,0.6909359097480774,1,0.6698047518730164,2
你快去教你東家來,0.7388293147087097,8,0.7118507623672485,9,0.687466025352478,16
家秘用當歸同涼血藥則下順歸經之功最大,0.4919946789741516,8,0.47779014706611633,16,0.4736403226852417,15
上年就在老中堂家坐館,0.7562033534049988,3,0.7535363435745239,9,0.7511774301528931,4
