簿録飛家,0.6927587389945984,8,0.6824415922164917,9,0.6487452387809753,14
狸家,0.6719531416893005,8,0.6361033320426941,14,0.6358904838562012,9
王章非有反畔之辜而殃及室家,0.5574825406074524,8,0.5371125936508179,9,0.5212056040763855,17
奚亭砩王家砩,0.6698482632637024,16,0.6547262072563171,8,0.651659369468689,14
其家日夕號泣,0.7314351797103882,3,0.7254398465156555,1,0.7099550366401672,4
往來饒操家,0.6829658150672913,8,0.6674779653549194,9,0.6345715522766113,14
卒於家,0.5331809520721436,16,0.5106979608535767,2,0.5090582966804504,8
故驗山家賞,0.7386710047721863,8,0.7252575755119324,9,0.6948515176773071,7
游頻寺是家,0.6860939860343933,9,0.6819051504135132,8,0.6507483124732971,4
諸子百家往往以聖賢自期,0.7112201452255249,9,0.6829409599304199,1,0.6622501611709595,7
吸補婦人家裡坐,0.7869036793708801,3,0.7743921875953674,1,0.7334802746772766,2
飲於表弟韓知剛岊家,0.549038827419281,8,0.5183786153793335,9,0.5180352330207825,16
公家之利知無不為忠也,0.6983014941215515,9,0.6767098307609558,8,0.6640651822090149,3
軍家,0.6651239395141602,8,0.6651220917701721,7,0.6265368461608887,9
此國家之正體也,0.718397855758667,3,0.7034478187561035,1,0.6784462928771973,2
詔賜故資政殿學士許景衡家所僦溫州官屋一區上因言朕自即位以來執政中張愨第一忠直至誠遇事敢言無所回避其次則景衡若郭三益則善人而已,0.6936473250389099,4,0.6739134192466736,8,0.6730876564979553,5
家遂稍康,0.5320416688919067,16,0.5296475887298584,8,0.5276525616645813,9
臣伏見往事國之危亂家之將凶皆有所由較然易知昔鄭武姜之幸叔邐雷公之寵州籲愛而不教終至凶戾由是觀之愛子,0.7028911709785461,9,0.6673915386199951,16,0.6648926734924316,2
知潭州醴陵縣董瑛堅老家藏方,0.7483455538749695,1,0.7364743947982788,3,0.7233959436416626,4
葛洪博聞深洽抄五經史漢百家之言方伎雜事三百一十卷金匱藥方一百卷肘後要急方四卷洪後為諮議參軍,0.6837180256843567,1,0.6739531755447388,9,0.6646369099617004,7
張氏家傳,0.7408267259597778,1,0.6983846426010132,3,0.6682693958282471,12
丁家井,0.7363923192024231,14,0.7260491847991943,8,0.7146527171134949,16
家具少於車,0.3837035894393921,8,0.3788236975669861,6,0.3691001832485199,15
李與親家姓傅人相爭,0.7284495830535889,9,0.7197965979576111,14,0.712347149848938,16
其世家宿將交於塞下,0.7841254472732544,1,0.756844699382782,3,0.7254697680473328,9
邵家渡在縣西二十里,0.7482935190200806,14,0.741567075252533,8,0.7023024559020996,16
濕家雖身體痛,0.7382658123970032,8,0.6759037375450134,14,0.6724058389663696,9
其一又見於家語,0.6955370306968689,16,0.6806776523590088,9,0.6770010590553284,8
慕容三郎見它渾家終日價恓惶無奈,0.7219498753547668,8,0.7060672640800476,9,0.6756787300109863,5
若一當以素棺單槨斂以時服其家遵孚遺旨所給器物一無施用,0.7439318299293518,9,0.7311765551567078,3,0.7265135645866394,1
末這般事兩家情願,0.7200009226799011,9,0.7179387211799622,1,0.6988757848739624,13
但納黃金於女家以取之,0.7350702881813049,3,0.7220292091369629,1,0.7204334735870361,8
又徙孟達餘眾七千餘家於幽州蜀將姚靜鄭他等帥其屬七千餘人來降時邊郡新附多無戶名魏朝欲加隱實屬帝朝於京師天子訪之於帝帝對曰,0.7001132965087891,9,0.6905694007873535,11,0.665236234664917,2
守歲阿咸家,0.7168418169021606,9,0.7041003108024597,8,0.6891880035400391,14
入其里閭而長幼相孝慈於其家,0.7046530246734619,3,0.6886054277420044,1,0.6821454167366028,2
畫家為之,0.7387176156044006,7,0.6641310453414917,8,0.6439312100410461,2
家傳,0.43585315346717834,9,0.42367127537727356,8,0.4000464379787445,16
資藉家聲,0.7115386128425598,16,0.6986700296401978,8,0.6944470405578613,9
日入會田家,0.6969556212425232,9,0.6654425859451294,8,0.6507529616355896,1
仍賜其家絹五十匹,0.7023025751113892,3,0.6936936974525452,9,0.6923865079879761,1
令出家為道士,0.7000225186347961,3,0.6857805848121643,1,0.6735085844993591,2
又榮君之能業其家,0.6372092366218567,9,0.6151505708694458,8,0.613863468170166,16
法家曰亡命,0.7021979689598083,9,0.6836249828338623,8,0.6819781064987183,7
世前無狀相犯咎皆在荊不能訓導兄既早沒一子為嗣如令死者傷其滅絕願殺身代之怨家扶荊起曰,0.6846461296081543,2,0.6777679920196533,16,0.6675788164138794,3
兩家虛偽契簿,0.8011200428009033,9,0.7539616823196411,13,0.7455272078514099,12
鬥雞走狗家世事,0.709515392780304,16,0.6920886039733887,2,0.6914597153663635,1
翠幕紅筵高在雲歌鐘一曲萬家聞路人指㸃滕王閣看送忠州白使君,0.708618700504303,9,0.6503749489784241,8,0.6498829126358032,2
安祖辭以家為水所漂,0.7600040435791016,3,0.7460660934448242,4,0.7245575189590454,2
國家養兵百萬,0.7223243713378906,3,0.7179912328720093,1,0.6753166317939758,2
南齊何戢尚宋孝武長女山陰公主為吏部尚書家業富盛性,0.7652928233146667,3,0.7548847198486328,1,0.7235486507415771,2
羅索遣兵攻解州之朱家山統領忠義軍馬邵興苦戰三日遂敗之狹州安撫使李彥仙授興從義郎遷本州都統制,0.709945559501648,16,0.7083050608634949,14,0.6835173964500427,8
百家譜,0.6652942895889282,1,0.6364772915840149,3,0.6151318550109863,12
詩家者流,0.7668761014938354,7,0.7033919095993042,8,0.6883431673049927,9
命訪一民家,0.6977936029434204,8,0.6600605249404907,9,0.6447524428367615,14
好似奴家張解元,0.7478684186935425,8,0.7351155877113342,9,0.7150002717971802,14
人家之興替,0.753079891204834,8,0.7405611872673035,9,0.707319438457489,14
知州劉漁與秦州商賈及居人二千餘家皆在城中,0.7694727182388306,1,0.7547343969345093,2,0.7372303009033203,3
對曰大家見上座問,0.6757593154907227,9,0.665133535861969,13,0.6473532915115356,16
屠其家,0.6056070327758789,4,0.5913287997245789,14,0.5864306688308716,8
詔臨安府寄留諸軍家屬已令赴行在沿路毋得一毫擾民犯者許越訴管押其重置於法,0.654038667678833,2,0.6427010297775269,9,0.6387960314750671,16
方文玲瓏花竹閒已將心印出人間家家門外長安道何處相逢是寶山,0.7167771458625793,2,0.7110497951507568,1,0.697553277015686,3
止賣藥家,0.6697050333023071,8,0.6205158829689026,9,0.593457818031311,17
國家富強,0.6736463308334351,1,0.6622255444526672,3,0.6471512913703918,2
家在壬子,0.6406928896903992,16,0.6131271719932556,9,0.6034955382347107,8
卜八純卦何故在親友家,0.6443744897842407,8,0.6233145594596863,17,0.6102074980735779,9
服食家用和雞頭實作水陸丹,0.6870255470275879,8,0.6647347807884216,16,0.6630216836929321,2
王不發封饋侍者皆棄市乃以列侯葬淮南王於雍置守塚三十戶家孝文八年上憐淮南王淮,0.6940972805023193,8,0.6676309704780579,9,0.6555449366569519,5
亦繇石頭之於番禺耳國家有江南使至多出藏內珍物令都下富室好容服者貨之今使任情交易使至金玉肆問價纘曰,0.686080276966095,9,0.6531133055686951,3,0.6468101739883423,4
叔獻屢上言由昌言塞訾家口所致,0.6801114678382874,8,0.6690893173217773,16,0.6562683582305908,9
賜壓死者家三口以上錢三千,0.7291943430900574,1,0.7235644459724426,16,0.7224740386009216,2
徑入其家,0.6840166449546814,9,0.679411768913269,8,0.6753374338150024,4
鳳閣王家,0.6951072216033936,14,0.6879693269729614,9,0.6655083894729614,1
斥賣簪珥以經理其家,0.672395646572113,9,0.666534423828125,8,0.63264000415802,5
盧公家範,0.6136587262153625,8,0.5766265392303467,16,0.5758431553840637,14
環慶鈐轄高繼隆等出兵破西賊後橋寨及破家,0.5325297713279724,8,0.5241684317588806,14,0.5113264322280884,9
不愈汝家徒取,0.7636252045631409,9,0.7492498755455017,1,0.7377861738204956,3
彼自是蔡家佳兒何關人事可用褚佛佛淡之小字也,0.7548171281814575,9,0.7447085380554199,1,0.742816686630249,14
君家雲母障,0.7455649375915527,8,0.7206021547317505,9,0.7184131145477295,14
其家方大祥,0.7152903079986572,1,0.6977484226226807,3,0.6655678749084473,12
家居長安,0.4744013547897339,8,0.45430663228034973,6,0.44814532995224,9
能處一家則能處一國,0.749467670917511,9,0.7356600165367126,13,0.7070080041885376,11
古寺春餘日半斜竹風蕭爽勝人家花時不到有花院意在尋僧不在花,0.7242388725280762,8,0.6955194473266602,2,0.6726384162902832,4
國家於突厥無負,0.6856653690338135,2,0.6830759644508362,3,0.6734135150909424,1
中使至其家稱詔,0.751183807849884,3,0.7319670915603638,4,0.7260650992393494,2
汾陽家傳,0.7205003499984741,14,0.7142072916030884,1,0.6969186067581177,9
弗納於邪至於女子之有行亦結示離以申戒故能宜於夫族正其家道至於天倫致美義篤於昆弟猶子均愛情厚於諸父率有嘉話申乎,0.7586824893951416,3,0.7493160367012024,1,0.7276840209960938,2
大臣家族首領顧不保,0.7492806315422058,1,0.7434865832328796,3,0.7084422707557678,9
唐新定諸家譜録,0.7449665069580078,1,0.7092096209526062,3,0.6800026297569275,2
皆家之棄子,0.7641305923461914,9,0.7472272515296936,8,0.7375026941299438,2
逰人總戴孟家蟬,0.753032922744751,14,0.7505062818527222,8,0.7280712723731995,16
君家赤驃畫不得,0.7402493953704834,8,0.7006595730781555,9,0.680946409702301,14
今年寒食好風流此日一家同出遊碧水青山無限思莫將心道是涪州,0.7906920313835144,1,0.7738584876060486,3,0.757614016532898,2
莊氏家傳,0.7418146729469299,1,0.7065688967704773,3,0.6832227110862732,12
今家集亦亡之矣,0.7572207450866699,16,0.7512214779853821,9,0.7179774641990662,8
後三年酒家忽憶玄石沽酒事,0.6882389783859253,8,0.6773694157600403,9,0.6580315232276917,7
頃令並其家屬赴闕,0.7296618819236755,1,0.7140643000602722,3,0.7038537263870239,2
帝外家也,0.7004885673522949,9,0.682494044303894,1,0.6805545687675476,3
系國家事體輕重,0.6956518888473511,3,0.6717907190322876,1,0.6650795936584473,9
縱橫之術晩乃乃學易春秋百家之言游齊諸生子間莫能厚遇也齊諸儒生相與排擯不容於,0.7251964807510376,1,0.7238616347312927,7,0.7190251350402832,12
朕聞舞干戚者所以懷荒遠固城池者所以款戍夷國家往有營州茲為虜障此北狄不敢窺覘東藩由其輯睦者久矣,0.676578164100647,9,0.6759700775146484,8,0.6691142320632935,14
我言國家大事,0.6930065155029297,1,0.6914345026016235,3,0.6776729822158813,2
長安市上酒家眠,0.7511543035507202,8,0.7257080674171448,11,0.7249399423599243,9
鄰家三畆竹蕭散倚東牆誰謂非吾有時能惠我涼雪深聞毁折風作任披猖事過還依舊相看意愈長,0.723192036151886,3,0.722430944442749,2,0.7138736248016357,1
騷騷家治具,0.7077586054801941,8,0.697014570236206,17,0.6711817979812622,7
聰明博學故承天幼漸訓義儒史百家莫不該覽位至廷尉,0.687949001789093,1,0.6808273196220398,7,0.6713255047798157,3
山家茆屋隔寒林,0.7915818095207214,8,0.7540282607078552,14,0.707371175289154,9
未有為國家深憂遠慮精言其本者,0.7342548966407776,3,0.7211572527885437,1,0.701122522354126,2
自中興以來重誨參掌機務況無過失頗濟國家如重誨辭退無可為代帝曰,0.6578287482261658,3,0.6369772553443909,2,0.6329910159111023,9
已屬君家,0.646583080291748,9,0.6286355257034302,8,0.6097782850265503,13
以四海為家,0.6566696166992188,4,0.6206860542297363,2,0.6189749836921692,9
出繼子破一家不可歸宗,0.7550209164619446,1,0.7280776500701904,2,0.7267624139785767,3
姚家借得小芬芳,0.7820718884468079,8,0.7333167195320129,14,0.7269355058670044,9
約鄰家二少年,0.7446285486221313,3,0.7432559132575989,1,0.7269919514656067,8
合十餘家率各與錢二十千,0.787798285484314,9,0.7419654726982117,13,0.7197349667549133,1
燒萬餘家,0.6614593267440796,11,0.6472769975662231,9,0.6327893137931824,2
巷口宋家生藥鋪,0.7450851202011108,14,0.7106974124908447,8,0.6997929215431213,12
後為太子賓客卒後旬日侍婢零語如胤孫聲氣處分家事仍曰,0.7732183337211609,3,0.7229301333427429,2,0.7201303243637085,1
謂國家方事外,0.7053654789924622,9,0.6998092532157898,3,0.6898475289344788,13
汾陽家傳,0.7205003499984741,14,0.7142072916030884,1,0.6969186067581177,9
於是相如往舍都亭臨邛富人卓王孫有女文君新寡夜亡奔相如相如乃與馳歸成都家徒四壁立文君久之不樂謂長卿曰,0.6960102915763855,9,0.6934022903442383,16,0.6923996806144714,3
書家語賜守臣,0.6883675456047058,8,0.6823205351829529,9,0.6418992877006531,16
鎮州言北漢烏玉寨主胡遇等並家屬一百三十九人來降,0.7390407919883728,1,0.7249504923820496,3,0.6892815232276917,2
及其代下還家,0.595659077167511,9,0.5721237659454346,8,0.5681707859039307,14
後來人戶才有三二百家,0.6657182574272156,11,0.6514415144920349,8,0.6462225317955017,9
上梁家橋,0.7054421901702881,14,0.6920329928398132,8,0.670924723148346,16
醫家要妙,0.7630236148834229,7,0.7266138195991516,8,0.7025512456893921,17
基王化以齊家,0.633888840675354,9,0.6252325773239136,4,0.6178417205810547,14
亂家女不娶,0.7505215406417847,8,0.7426296472549438,14,0.7168269157409668,16
家寶,0.4131108820438385,15,0.39599746465682983,6,0.3932236135005951,8
而家人所見,0.6585130095481873,16,0.6049811840057373,15,0.5961031317710876,8
題酒家,0.681166410446167,8,0.6460474729537964,9,0.6114856600761414,11
汾陽家傳曰,0.7231518626213074,9,0.6997954249382019,14,0.6776573657989502,8
汾陽家傳,0.7205003499984741,14,0.7142072916030884,1,0.6969186067581177,9
即收鸚鵡家,0.7196071743965149,8,0.6511799097061157,9,0.651125431060791,6
昔訪廬山惠逺家尋春草木未萌芽自從栁拆煙中色不寄梅開雪後花事往淚多添海水詩來恨滿算河沙驚回三十年前夢放鶴峯頭日未斜,0.7775568962097168,8,0.7295346260070801,4,0.7236151695251465,16
且終不令灌仲孺獨死嬰獨生乃匿其家竊出上書立召入具告言灌夫醉飽事不足誅武帝然之賜嬰食曰,0.75809645652771,3,0.7400425672531128,4,0.728157639503479,2
睡兄家,0.6622514128684998,8,0.6515445113182068,9,0.6348967552185059,16
家齊身正,0.6944304704666138,8,0.6934868097305298,9,0.6787416338920593,16
豈陛下能以法度繩治外家親戚,0.720798134803772,9,0.6809902191162109,1,0.6639807820320129,12
舉家痛哭,0.739258885383606,2,0.716549813747406,3,0.7096757888793945,16
仙家數十萬,0.7720948457717896,8,0.7452775239944458,9,0.7154205441474915,14
古之人自其身達之家國天下而無愧焉者茄本心而已,0.6860858201980591,3,0.6757107973098755,2,0.6661211848258972,4
其家如其言祭之,0.74286949634552,3,0.7300047278404236,1,0.7286862134933472,2
青山斷處是君家,0.693946897983551,8,0.6574544906616211,5,0.6473590135574341,4
州家持千里之平,0.7069563865661621,9,0.7003077864646912,8,0.6631565093994141,14
同美元和初以劉闢之眾歸而闢屠其家故旌寵之,0.7572143077850342,3,0.7516445517539978,1,0.7443597912788391,4
匿所獻家財,0.6921783685684204,9,0.6846774220466614,16,0.6616407632827759,8
洙起名家,0.6381797194480896,7,0.6245227456092834,9,0.6004624962806702,8
家糞集野蜋,0.6422602534294128,8,0.6258480548858643,15,0.6191501617431641,16
家貧,0.4239464998245239,16,0.41110754013061523,8,0.3954692780971527,9
或以輿迎入殿扶登御床智藏為方奏之用無不效年八十卒於家,0.6435664892196655,3,0.5912748575210571,2,0.5894108414649963,1
王家跨據三方,0.750642716884613,9,0.7328642010688782,8,0.707503080368042,13
去家京洛為國,0.6442418098449707,3,0.612636148929596,1,0.611737072467804,4
劉氏家史,0.7186495661735535,1,0.6820798516273499,3,0.6599125266075134,4
養生之家,0.658672034740448,4,0.658526599407196,8,0.6511561870574951,9
百家岩,0.6771401762962341,13,0.6632812023162842,12,0.6631075143814087,7
猶言庶人家也,0.7407939434051514,8,0.7221848368644714,17,0.7098180651664734,9
公毀家以償不足,0.6765516400337219,5,0.6544221043586731,8,0.6509710550308228,4
術家以其聲微而體難知,0.7313355803489685,7,0.6860139966011047,9,0.6660642027854919,8
伏願遵高祖之令軌略孝文之權制國家於法無虧公主情禮得畢於是詔公主待三年服闋然後成禮,0.7303978800773621,3,0.7117554545402527,1,0.6842754483222961,2
小家負擔,0.7122536301612854,3,0.6935798525810242,8,0.6908594965934753,16
若為自大欲人言盡故無諱耳設使國家無有孤不知幾人稱帝幾人稱王或者人見孤強盛,0.7355753779411316,3,0.7268924713134766,1,0.6882954239845276,2
家貧故不用籌算,0.5878734588623047,16,0.5691605806350708,8,0.5568777918815613,9
勿以夫家之平素,0.7442753314971924,3,0.7335183024406433,1,0.7189632058143616,2
趙英以下不著錄十家,0.680094838142395,9,0.6455566883087158,11,0.6234485507011414,8
日下還家承續,0.7081936001777649,8,0.6970368027687073,9,0.6947523951530457,16
向背之次謬於合散之宜犯軍志之極害觸兵家之甚諱咸畜憤矣,0.7258418202400208,9,0.696064829826355,8,0.6801230907440186,7
李南少篤學明風角後舉有道闢公府並不行終於家,0.6201911568641663,9,0.6181783080101013,8,0.6089769005775452,16
夫有田二十畝之家,0.6434584259986877,8,0.6053447127342224,9,0.5870007872581482,16
在鳳皇山後紹興十八年建十九年賜褒親崇壽額為劉貴妃家功德院有鳳凰泉瑞應泉松雲亭觀音洞筆架池,0.708805501461029,4,0.7020559310913086,8,0.6998056173324585,5
呂企中跋豫章所刻法帖云米氏心畫之妙得於家傳父作子述識者謂宋之有元章元暉猶晉之有羲之獻之,0.7289499640464783,9,0.7095066905021667,16,0.6813946962356567,2
昔廬江王妃入侍太宗王智洶商宗遂還其本家今陛下,0.7403492331504822,4,0.7243828773498535,9,0.72169029712677,3
萬戶石家奴起汾州,0.6947737336158752,14,0.6934274435043335,8,0.6875870227813721,9
國家之至寶也,0.7145606279373169,3,0.7082408666610718,1,0.6840300559997559,2
自成一家,0.7014597654342651,9,0.6339278221130371,12,0.6310976147651672,13
果因家財爭訟,0.7194342613220215,3,0.7169370651245117,1,0.7079790234565735,16
李家莊港三百三十丈,0.7486239671707153,1,0.7328792214393616,12,0.7130188941955566,14
陳彭年家貧,0.7443392872810364,3,0.7432014346122742,1,0.6954475045204163,2
賦二十家,0.6471354961395264,9,0.6433016657829285,8,0.6119167804718018,11
黃四娘家花滿蹊,0.768858790397644,5,0.7597925066947937,8,0.755219042301178,4
劉易直弩浦競醚嬪莆謀手瘴黃門侍郎儀同三司嘗臥疾居家對雪感興乃作雪賦以遂志有集二十卷行於世,0.7796316146850586,3,0.702984094619751,2,0.7005888223648071,1
天家積圖只,0.6918115615844727,13,0.6785669326782227,3,0.6726435422897339,7
或久來疾病及本家止有一丁,0.7518773674964905,9,0.7263447642326355,8,0.7007983922958374,13
國家大計,0.6005058884620667,3,0.5947228074073792,2,0.591070830821991,1
不惟人主威福移於大臣之家,0.6754903793334961,9,0.6458309292793274,8,0.6263953447341919,16
先生與客往司馬公家共觀牡丹,0.757765531539917,4,0.7512809634208679,3,0.7405377626419067,1
至於諸子百家,0.6074780821800232,9,0.6011777520179749,1,0.5934498310089111,7
清明寒食誰家哭,0.7027221918106079,2,0.6866286396980286,4,0.6838167905807495,3
甘延壽字君況少以良家子善騎射為羽林投石拔距絕於等倫,0.676871120929718,8,0.6717891693115234,9,0.6698738932609558,16
敷布邦家,0.6936464309692383,9,0.6781892776489258,8,0.6691295504570007,14
惟韓大參億之家,0.6988332271575928,9,0.687146008014679,8,0.6787513494491577,4
菊潭慶霄伯始萬家春,0.7231393456459045,9,0.6824604868888855,14,0.6781384944915771,8
今家國吳管本,0.7047520875930786,4,0.6969773173332214,9,0.6907233595848083,3
歷家不識古義,0.6779396533966064,9,0.6721956729888916,8,0.6242365837097168,14
漢家將軍一丈佛,0.7923952341079712,14,0.7398189902305603,8,0.7336693406105042,9
至是省史走其家上謁,0.7456116676330566,3,0.7245935797691345,4,0.7165843844413757,1
公年十五起家,0.5374665856361389,9,0.5285223126411438,16,0.5221428871154785,3
憂國忘家,0.5957881808280945,16,0.5860416889190674,5,0.5844222903251648,4
官家,0.6563286185264587,8,0.6329743266105652,7,0.6307767629623413,9
韋後家本杜陵,0.7403061389923096,4,0.693202793598175,9,0.6922877430915833,5
洞裏仙春日更長翠叢風剪紫霞芳若為蕭史通家客情願扛壺入醉鄉,0.7019846439361572,8,0.6941937804222107,16,0.6881749629974365,14
國家運數方屯,0.6587775349617004,1,0.6556271314620972,3,0.6467462182044983,13
方今俚俗之家與不正之屬,0.6979767084121704,8,0.6762904524803162,9,0.6584082245826721,14
亦探得緬藥家愴點集,0.7421729564666748,9,0.7156146168708801,8,0.6962046027183533,7
辛評家系鄴獄,0.677189826965332,9,0.6707444190979004,7,0.6691201329231262,8
約束張家渡乞覓,0.7465139031410217,16,0.7236907482147217,14,0.7125581502914429,9
見三雍類志儒家河間獻王對上下三雍宫三篇漢逸禮王度記,0.6900428533554077,7,0.6636991500854492,9,0.6535176038742065,2
周家塘鹽場約二十里至下澤山頭林太家前一鋪,0.7323890924453735,14,0.7217981815338135,16,0.7001550793647766,8
往十五里外黃埭柳家買狗,0.7352222204208374,1,0.7251865267753601,8,0.7145866751670837,4
齊諸王皆呼嫡母為家家,0.7445153594017029,16,0.7385314702987671,3,0.7264961004257202,2
使天下州州縣縣均有數家,0.615835964679718,9,0.5857243537902832,8,0.5670927166938782,11
契丹國志二十七卷浙江鮑士恭家藏本,0.7022802233695984,9,0.6995459198951721,4,0.6944167017936707,14
屠其家,0.6056070327758789,4,0.5913287997245789,14,0.5864306688308716,8
或載女竊送夫家,0.6580280065536499,8,0.6074565052986145,16,0.5910946726799011,14
仍於其家設使者一位,0.7818698883056641,3,0.7581781148910522,1,0.7555128931999207,4
司馬噬迫禮少傳家業力專精手不釋卷後至晉安王長史,0.745962381362915,3,0.7434207201004028,1,0.7395426034927368,2
儻踵周家之故事,0.7448303699493408,14,0.7388251423835754,9,0.7032748460769653,8
本仕家,0.6521081328392029,9,0.6486154198646545,8,0.621746838092804,13
初堅世仕吳家於富春葬於城東蒙上數有光怪閆五色上屬於天曼延數裏眾皆往觀視父老相謂曰,0.7445842027664185,14,0.7376546263694763,9,0.7265998721122742,1
故二邑人家,0.6847090125083923,8,0.6627820134162903,9,0.6546033024787903,14
所典賣地勒犯人家或地鄰贖歸,0.7731500267982483,8,0.7330056428909302,1,0.7313804626464844,14
家在月明生處住,0.5193634033203125,8,0.49965307116508484,6,0.4742392599582672,16
治尤始於家邦,0.691523015499115,16,0.6674553155899048,9,0.6460816860198975,14
家兄年老而恪性疏今使典主糧狹庚暇之最要僕雖在遠竊用不安足下特為啟至尊轉之遜以白大帝即轉恪領兵,0.6767204403877258,16,0.6363454461097717,9,0.6352839469909668,8
懷光亦不禁止遂害巢父及中官啖守盈焉德宗聞而驚悼久之贈尚書左僕射賜其家布帛米粟甚厚乃授一子正員官收複河中日所司備禮葬祭之,0.7601619958877563,3,0.7337356209754944,1,0.7284935712814331,4
韓琦家傳云云,0.7312136888504028,1,0.7277751564979553,3,0.6969070434570312,4
韋孟家本彭城為楚元王傅傅子夷王及孫王戊不遵道孟作詩諷諫後遂去位徙家於鄒,0.7725168466567993,4,0.7495105266571045,3,0.7450394034385681,1
請自今出家者,0.6822240948677063,3,0.6603904366493225,2,0.6586295962333679,1
是國家之紀綱,0.6740416884422302,3,0.6587130427360535,1,0.658608615398407,9
夫一家之法,0.7353435158729553,9,0.7112770080566406,13,0.7076380252838135,1
韓演為河內太守志在無私舉吏當行一辭而已因亦不及其家曰,0.7165249586105347,3,0.7099249958992004,4,0.709082305431366,2
且家餉麋中下藥食兩口便覺回乞獄子食者皆大利興衣,0.6917628645896912,8,0.6758347749710083,16,0.6686677932739258,2
遍服諸家藥,0.6885393857955933,9,0.6431602239608765,13,0.6405301690101624,8
故推排坊郭有營運之家,0.6231467723846436,8,0.5967198014259338,9,0.5643677711486816,6
家承谷口之賢,0.5272291302680969,9,0.5195983052253723,16,0.5135700702667236,8
譜家皆云,0.7084055542945862,9,0.6684592366218567,7,0.6681275963783264,8
莊氏家傳,0.7418146729469299,1,0.7065688967704773,3,0.6832227110862732,12
漢家離宮三十六人,0.7571999430656433,14,0.7462285161018372,8,0.7290114760398865,9
就家而拜之也,0.7087870836257935,16,0.7005714774131775,3,0.6978722214698792,8
京兆王子推孫慰硨陀卸攘棵廊菝卜繽儼然得喪之間不見於色性清儉不營產業身死之日家無餘財趙郡王謐弟譚性頗強立少為宗室所推敬,0.7605409026145935,3,0.7465011477470398,2,0.7240681052207947,1
日為債家所噪,0.7013292908668518,8,0.6990092396736145,2,0.6656271815299988,16
籍沒其家,0.7005953192710876,1,0.6829248070716858,4,0.6828704476356506,3
餘家向有小廨,0.7726972699165344,9,0.7582129240036011,8,0.7560936808586121,14
夏四月按是月丙寅朔丁卯殿中侍御史林大鼐論上饒知縣吳芑阿徇餘堯弼強市民田時堯弼以左中大夫家居,0.6240094900131226,16,0.6185623407363892,8,0.6111081838607788,3
項家池在縣南一十里,0.7086866497993469,8,0.7052986025810242,14,0.688927948474884,16
家本清河住五城,0.616572916507721,9,0.5978175401687622,16,0.5691766738891602,8
吳滕裔伯父耽父胄與楊州刺史劉繇州里通家以世擾亂渡江依繇耽至車騎右司馬胄太帝待以賓禮裔至丞相,0.6429100632667542,8,0.6200715899467468,9,0.616666853427887,14
田家詞,0.7348120212554932,14,0.7322041988372803,8,0.7075193524360657,16
汝恩戚家子當應將迎時俗緝外內之歡如汝自業將無小傷多異以取天下之疾患耶惠開曰,0.7072336673736572,8,0.6998420357704163,9,0.6987562775611877,16
某家世寶之,0.7867547273635864,9,0.7078709006309509,14,0.7003285884857178,13
瘡家不可食雞鴨卵,0.6741082668304443,8,0.635746419429779,9,0.6050847768783569,14
明朝應有破家人,0.6792693138122559,16,0.6724833846092224,9,0.671053409576416,8
王邵為著作佐郎以母憂去職在家著,0.7854757308959961,3,0.7293739318847656,2,0.7248052358627319,1
遭家不造,0.6625428795814514,8,0.6547003984451294,4,0.6531711220741272,3
依外家客河朔,0.7248096466064453,14,0.7021573781967163,9,0.7020362019538879,8
雖說者各自名家,0.6580702662467957,9,0.6070204973220825,7,0.6045389175415039,8
地理家則反其位而用之,0.7556655406951904,7,0.7230730056762695,9,0.6959665417671204,8
後來因光庭累次居家待罪,0.7766208052635193,3,0.715449333190918,1,0.709458589553833,2
中民之家有錢無穀,0.741451621055603,3,0.7271289229393005,2,0.7225791811943054,1
吉氏家傳,0.7025309205055237,1,0.6961145997047424,3,0.6522243022918701,12
子輿妻劉還父母家,0.6157735586166382,8,0.5968587398529053,5,0.5929296612739563,9
家語,0.4852549135684967,8,0.4679521322250366,14,0.46481043100357056,15
韓琦家傳天聖五年仁宗初臨軒試進士琦名在第二時唱名第一甲方終太史奏日下五色雲見左右從官皆賀於殿上,0.7058724761009216,9,0.6718491315841675,14,0.664344310760498,4
上天降禍奄集邦家大行皇帝背離萬國率土擁心,0.7092349529266357,8,0.7008345723152161,9,0.6934329867362976,14
今天子播越中原無伯常歸依仁德可以後亡遂共推鑒為主與千餘家俱避難於魯之嶧山後至太尉,0.7857266664505005,1,0.7454712986946106,9,0.7432484030723572,3
其世家則好禮文,0.7672236561775208,1,0.7429963946342468,3,0.6947749853134155,9
胡氏曰學春秋者必知綱領然後衆目有條而不繁自孟軻氏而下𤼵明綱領者凡七家今載七家精要之詞于卷首智者即詞以觀義則思過半矣,0.7668496966362,9,0.745376467704773,13,0.7351665496826172,12
陰陰柳下人家,0.7245102524757385,8,0.6844837665557861,14,0.6684149503707886,9
吾家事至此,0.7226235270500183,16,0.7134617567062378,9,0.7130042314529419,8
與家人訣別,0.7336177229881287,3,0.7051007747650146,16,0.6935093998908997,2
劉秩摭百家,0.6188544034957886,9,0.5953841805458069,14,0.5750790238380432,11
亦治其家人耳,0.7523363828659058,3,0.7425755858421326,1,0.7322900891304016,16
則管定鋪席人家牌額,0.7051069736480713,1,0.6999068260192871,3,0.6811943054199219,2
富家備寇,0.7308096289634705,8,0.7103815078735352,9,0.702293336391449,3
詳本草及諸家所出,0.740950882434845,9,0.6798015832901001,2,0.6780859231948853,10
自蘇台至望驛亭人家盡空春物增思悵然有作寄從弟紓,0.7104703187942505,8,0.6837802529335022,2,0.6794531941413879,3
或國主複來臣下之家,0.709247350692749,9,0.6702770590782166,13,0.6572026610374451,4
伸快善良及被苦之家,0.668884813785553,5,0.6581221222877502,8,0.6536906957626343,4
陰貞家世為醫與周澹並受封爵李潭亦以善針見知子驥駒襲傳術延興中位至散令,0.7164914608001709,1,0.7091932892799377,3,0.6761451959609985,12
資官尉家安國謂存寶曰,0.6989149451255798,8,0.6735146641731262,9,0.6527248024940491,16
戰則與家業並至,0.7308341264724731,3,0.7235733270645142,1,0.7098402380943298,2
國家創業之初,0.6544229984283447,9,0.6461454033851624,8,0.6344972848892212,11
如妻在夫家隨夫之姓也,0.7614986896514893,3,0.7502777576446533,1,0.7370626330375671,8
國家所以略其情者求犄角之援也,0.6782217025756836,3,0.6697055697441101,1,0.6500951051712036,2
況於襲爵王家,0.67518550157547,9,0.6540182828903198,14,0.648303747177124,8
子孫陪者齋一宿於家,0.7003737688064575,8,0.6826352477073669,9,0.6690577268600464,3
正如私家之造屋,0.741178035736084,8,0.7087791562080383,2,0.6879799962043762,9
天下一家,0.6928439736366272,9,0.6275888681411743,13,0.6200137734413147,11
顏氏家譜,0.7506280541419983,1,0.7142670750617981,3,0.6651699542999268,12
洎至家,0.6574499011039734,9,0.6435161828994751,8,0.6417644023895264,16
能守其家法,0.7702829837799072,3,0.7401440739631653,1,0.7282661199569702,9
不墜其家,0.6556786894798279,4,0.6460590362548828,9,0.6458926200866699,5
則臣謂天下無賢愚皆為國家憂之,0.7035255432128906,3,0.6918593645095825,2,0.686177134513855,1
然安得家至戶到而曉之乎,0.7326598167419434,3,0.7307068705558777,2,0.7179432511329651,1
聞有舉家田苗沒在深水底,0.7802345752716064,8,0.764038622379303,14,0.7543038129806519,1
克家,0.669321596622467,8,0.6466464400291443,14,0.6329131722450256,16
妾有子或無子毆殺夫家部曲奴婢合當何罪或有客女及婢主幸而生子息自餘部曲奴婢而毆得同主周親以否,0.7429561018943787,14,0.7426753044128418,8,0.7015132904052734,16
卻似淒淒不在家,0.6394012570381165,8,0.6018165349960327,5,0.5913586020469666,4
以國家故耶,0.7065900564193726,3,0.7042861580848694,2,0.699079155921936,1
雖家人皆不知之,0.6966078877449036,3,0.6844629049301147,16,0.6836882829666138,1
以還其家,0.6369748115539551,3,0.6345643401145935,4,0.6270411610603333,1
其家破焉,0.7371600270271301,3,0.7210289835929871,1,0.7049543261528015,2
嚴光建武十七年複特徵不至年八十終於家,0.6324610710144043,8,0.6301436424255371,9,0.6283940076828003,16
家屬沒官,0.4146634638309479,16,0.39387670159339905,15,0.38215556740760803,8
國家無使勇猛者為邊境,0.6679682731628418,3,0.6599651575088501,1,0.6565716862678528,2
皆起家為郡守,0.7330659031867981,3,0.7183473110198975,1,0.7005542516708374,2
家住城南杜曲旁,0.5513221025466919,8,0.5302543640136719,9,0.528456449508667,4
韓國威兩家出剩數內,0.7798911929130554,9,0.763380229473114,11,0.7567799687385559,13
家傳,0.43585315346717834,9,0.42367127537727356,8,0.4000464379787445,16
静想追兵緩翠華古碑荒廟閉松花紀生不向榮陽死争有山河屬漢家,0.6650487780570984,8,0.6416606307029724,9,0.616437554359436,14
九日重陽節開門有菊花不知來送酒若箇是陶家嘲三月十八日雪温庭筠,0.7191798090934753,8,0.6828477382659912,14,0.6685546040534973,16
判官生長世家,0.6150784492492676,9,0.6148703694343567,1,0.612503707408905,8
何者不為陛下家事,0.6938494443893433,8,0.6824980974197388,17,0.6704951524734497,9
餉三里間親戚家,0.7275944948196411,8,0.7208439707756042,9,0.6887518763542175,14
若使五品時敘四海和平家識孝慈人知禮讓乃能致此今無其時恐非實錄乃命焚之,0.5612107515335083,8,0.5595607757568359,15,0.5541492700576782,16
則國異而家亡也,0.6962359547615051,3,0.6887950301170349,2,0.665803074836731,1
上農之家所多有者,0.7635880708694458,8,0.7448779940605164,9,0.7131552696228027,2
非至於其家破蕩終不得免,0.7742946147918701,3,0.758259117603302,1,0.745702862739563,2
唐志儒家袁子正論二十五卷又正書二十五卷袁準,0.7552785277366638,7,0.6748315095901489,9,0.6663001775741577,2
及家即走不複見,0.7156029343605042,16,0.7004548907279968,2,0.6938826441764832,3
見外家問起居者,0.71556156873703,9,0.7090928554534912,8,0.7062152624130249,3
孔氏家傳,0.726908266544342,1,0.6818343997001648,3,0.6606175899505615,12
巴峽人家多事鬼,0.7667188048362732,8,0.7551434636116028,9,0.738063395023346,14
又屏居十餘載及死家徒四壁子孫無以殯殮聞者莫不傷其志,0.7304618954658508,3,0.7184814214706421,1,0.7007415890693665,16
若小有震驚則非伐罪吊人之義晟與公等各有家累離別數年今已成事相見非晚五日內不得輒通家信違命者斬,0.7310962080955505,16,0.7152662873268127,5,0.7093049883842468,4
詳本草及諸家所出,0.740950882434845,9,0.6798015832901001,2,0.6780859231948853,10
為朝家之計,0.6518369913101196,9,0.6155656576156616,8,0.5939269661903381,16
尚書職方員外郎謝景初家於鄧,0.6894212365150452,4,0.6443808078765869,1,0.6438210606575012,3
世稱管鮑次則王貢丹官至太子太傅遜位卒於家,0.5276446342468262,8,0.5112664699554443,16,0.507915198802948,9
張氏家傳,0.7408267259597778,1,0.6983846426010132,3,0.6682693958282471,12
押陳氏歸徐家,0.7212061882019043,14,0.7179661393165588,9,0.707227349281311,8
王君操萊州即墨人其父隋末與鄉人李君則鬥競因被毆殺君操時六歲其母劉氏告縣收捕君則棄家亡命追訪數年弗獲貞觀初君則自以世代遷革不慮國刑,0.7824298739433289,3,0.7635758519172668,2,0.7481805682182312,1
事系國家安危,0.7057596445083618,3,0.6990352272987366,1,0.6724793910980225,2
賣與柳家,0.707626461982727,8,0.6946427822113037,9,0.6571071147918701,14
關覽乎九家之流,0.7569602131843567,9,0.6953074336051941,13,0.6827577352523804,1
會將白髮對蒼塚魯人不厭東家丘,0.6538357138633728,9,0.6378758549690247,8,0.6152854561805725,14
或是君家騶,0.734274685382843,8,0.7328938245773315,9,0.7234978079795837,13
家遂小康,0.47650811076164246,8,0.46515098214149475,9,0.4617779850959778,16
吾家耄遜於荒,0.7049664855003357,9,0.6752269268035889,8,0.6728785037994385,1
我家何所負,0.71540766954422,2,0.7148770689964294,4,0.7113614082336426,3
籍繼恩家貲,0.6448560953140259,16,0.6324039697647095,8,0.6320153474807739,9
蕭家麥穗生,0.7872625589370728,8,0.7643874287605286,14,0.7478113770484924,9
往訪其家,0.6989679336547852,4,0.6907177567481995,9,0.6627203226089478,8
國家定兩稅,0.6534112691879272,9,0.6366919279098511,1,0.6258582472801208,13
玉山縣非公家之縣,0.671015739440918,8,0.658606231212616,2,0.655308723449707,14
謝克家以書詣斡離不軍,0.6246780753135681,8,0.5892799496650696,16,0.576941192150116,14
將厚家邦之,0.6860033869743347,9,0.6811911463737488,3,0.6624979376792908,1
巽嶺直下梅家店,0.7299643158912659,8,0.7052721381187439,14,0.6722757816314697,9
歸家卻與諸薛飲,0.7278287410736084,3,0.6851974725723267,1,0.6823926568031311,2
牛堰塔子嶺堰景雲堰王家堰,0.7203049659729004,14,0.7127918601036072,8,0.681168794631958,1
崇善之家,0.6861932277679443,4,0.6713381409645081,8,0.6595559120178223,5
拋家,0.6801853179931641,8,0.6598318815231323,14,0.6481941938400269,16
唐二家,0.7081203460693359,9,0.6772086024284363,8,0.659250795841217,14
盧家千里釋奴龍子昌衡位太子左庶子,0.7417497634887695,8,0.7310020923614502,14,0.7052736878395081,9
碧霄如水月如鉦今宵知為我特分明冰壺玉界兩三星清露下漸覺濕衣輕高樹點流螢秋聲還又動客心驚吾家水月寄昭亭歸去也天豈太無情,0.7173094749450684,8,0.7101292610168457,4,0.7047144174575806,2
家道日隆,0.6226266622543335,8,0.6159599423408508,9,0.6119510531425476,16
桓帝時其父字子碩嘗為天水蘭干尉後失官因留隴西與羌錯居家貧無妻遂娶羌女生騰騰少貧無產業嘗從障山中斫材木販詣市以自供給,0.7668742537498474,3,0.7511376142501831,1,0.715116024017334,2
道明為於其家,0.6711447238922119,9,0.6426507234573364,4,0.6375516653060913,16
五里復五里住時無住時日將家漸逺猶恨馬行遲幽情李牧,0.7122026681900024,8,0.6934762597084045,4,0.6905280947685242,5
璋故章懿太后家也,0.697471559047699,4,0.6687711477279663,3,0.6596401929855347,5
道家尚可以逍遙,0.7074191570281982,9,0.7012930512428284,7,0.6906545758247375,8
家道漸廢,0.4972980320453644,8,0.478344589471817,9,0.46419158577919006,16
今生於廬州霍家為子矣,0.7648997902870178,14,0.761021077632904,9,0.753522515296936,8
髃牧副使閻承翰與勾當估馬司趙守倫雖素為姻家,0.46783629059791565,17,0.45419955253601074,9,0.4521537125110626,8
伏見國家撫有多方,0.7055709958076477,9,0.6792624592781067,4,0.6689422130584717,14
旁無家人,0.729168176651001,2,0.7189236879348755,16,0.6999275088310242,4
皆國家貴臣,0.7105064392089844,3,0.7048636674880981,1,0.6695233583450317,2
舊本得之通城楊君津家,0.6841374039649963,9,0.6705636978149414,8,0.6683754324913025,4
教子通經古所賢安貧守道節尤堅當熊遺烈傳家世投燭諸郎慰眼前不待金花書誥命忽驚玉樹掩新阡凱風吹棘君休咏我亦孤懐一泫然,0.713305652141571,16,0.6935817003250122,4,0.6816743612289429,2
去家千載今來歸,0.6637893319129944,8,0.656936526298523,4,0.6558674573898315,5
家傳誤也,0.49128586053848267,9,0.46073877811431885,8,0.4389019012451172,16
經家所作數百斛酒飲在庭中者,0.7530604600906372,8,0.7345366477966309,9,0.7178499698638916,16
將士亡其家,0.683735728263855,4,0.6764061450958252,5,0.6506143808364868,9
君山數往來其兄家,0.6389784812927246,9,0.6323781609535217,8,0.5991247296333313,16
遺賜外家,0.6554825901985168,9,0.5987516045570374,14,0.598028838634491,16
音家,0.6958088278770447,8,0.6734126210212708,7,0.6278358101844788,16
夏侯道遷豫州刺史頻表解州於京城之西水次市地大起園池殖列蔬果延致秀彥時往游眉隨十餘嘗自娛樂國秩歲入三千餘疋專供酒饌不營家產每誦孔融,0.7399753928184509,3,0.7212581634521484,2,0.6881652474403381,5
計一萬九千餘家,0.6595755815505981,9,0.6502504348754883,11,0.6146002411842346,8
謝家池館花籠月,0.7810295820236206,8,0.7672868967056274,14,0.7377176284790039,16
有家提干上之下巽內人,0.6950219869613647,9,0.6528873443603516,8,0.6404735445976257,16
九原見家人複何顏,0.7710021138191223,16,0.7173333168029785,2,0.7143362760543823,3
諸子百家往往以聖賢自期,0.7112201452255249,9,0.6829409599304199,1,0.6622501611709595,7
家藏私畜,0.32386043667793274,8,0.32037413120269775,9,0.3125081956386566,6
切恐向後凡有田地去家之遠者,0.7498387694358826,2,0.7454233765602112,4,0.7321699261665344,5
而人家多有傳者,0.7998437881469727,9,0.777107298374176,8,0.731898844242096,14
多是鄰郡奸民來此告說某處某家富有財物,0.8028585314750671,9,0.7887056469917297,1,0.7531818747520447,13
貧民百家未能供給,0.6757090091705322,8,0.67033851146698,9,0.6657001376152039,11
君子篤於親則民興於仁蓋先王因親以教愛自家邦而達天下也,0.6662818789482117,3,0.6570440530776978,1,0.6488644480705261,12
玉樹羅階家宴盛,0.7037614583969116,14,0.6852183938026428,16,0.6849916577339172,9
竦以文學起家,0.5926369428634644,3,0.571808934211731,7,0.5670222043991089,1
家家有忠厚之風,0.6069082021713257,9,0.603851854801178,8,0.6018238663673401,16
憶予驅馬別家去,0.7113072872161865,4,0.7090026140213013,2,0.7072053551673889,3
驗之故家巨族陰陽兩宅,0.7133123874664307,9,0.6974256634712219,8,0.6875171065330505,14
一代五人封王二家,0.7094464302062988,9,0.6634300351142883,14,0.6503848433494568,8
灞滻别離腸已斷江山迢遞信仍稀送君偏下臨岐淚家在南州身未歸,0.7015352845191956,4,0.6811568737030029,5,0.6700426936149597,8
陸瓊為中書侍郎太子家令長沙王為江州刺史不循法度宣帝以王年少授瓊長史行江州府國事帶尋陽太守瓊以母老不欲遠出太子亦固請留之遂不行,0.5251350998878479,17,0.5209386944770813,9,0.509773850440979,16
臣竊見國家每邊境有急,0.7003223299980164,1,0.6924955248832703,3,0.675220251083374,9
以篤家邦之祜,0.6670027375221252,16,0.643412709236145,2,0.6425012350082397,3
此家傳十三方也,0.8012433052062988,9,0.7308790683746338,1,0.7208314538002014,14
縣治舊在餘杭門裏梅家橋西,0.7156108617782593,14,0.6928648948669434,8,0.6738269329071045,16
其家如言索之,0.7052015066146851,3,0.7048601508140564,2,0.7003579139709473,4
皇家卜年過周歷,0.6642091870307922,14,0.6525751352310181,8,0.6505293250083923,2
次道出家藏詩集,0.6285957098007202,16,0.625338613986969,2,0.6209831237792969,3
家具少於車,0.3837035894393921,8,0.3788236975669861,6,0.3691001832485199,15
本自術家,0.6609266400337219,7,0.6488747000694275,9,0.6439329385757446,8
班範而降遵用舊式至於世胄之源派詿沃模楷似續之憑厚水公襲之殊軌悉可徵焉然其講世德敘家範亦不能無虛美者矣,0.7061527967453003,16,0.6840388178825378,9,0.6763511896133423,14
園中桃李使君家,0.7123664021492004,8,0.693656861782074,5,0.6824313402175903,4
丙申詔汝州郟城縣故資政殿學士蘇軾墳寺以旌賢廣惠為名以孫禮部侍郎符援範鎮家賜剎例有請故也,0.6675645709037781,8,0.6203019022941589,9,0.6170297265052795,5
九百家奚,0.7115524411201477,11,0.7039565443992615,9,0.6693291068077087,8
後世醫家者流,0.6985717415809631,9,0.6852996945381165,7,0.6724379658699036,8
家文字及,0.700614869594574,8,0.6756913661956787,16,0.6706086993217468,9
公婚姻皆求寒素之家,0.6631564497947693,8,0.6327994465827942,17,0.6303325295448303,5
臣聞出家修道者不預其時事專清其身心以虛薄為高以無為為妙依兩卷,0.6934980154037476,3,0.6902503967285156,2,0.6847476363182068,1
非家至而人說之也,0.7046667337417603,8,0.7024468183517456,16,0.6787081956863403,9
家諱,0.4896654486656189,16,0.48549970984458923,8,0.4730895161628723,9
東坡嘗飲一豪士家,0.5808245539665222,8,0.5554260611534119,9,0.536248505115509,17
朱氏家傳,0.7399663925170898,1,0.692698061466217,3,0.6705037951469421,12
秦始皇二十八年徙黔首三萬戶琅邪台下三十六年徙民於北河榆中三萬家,0.5334795117378235,11,0.5262521505355835,9,0.5239303112030029,8
父歿家貪,0.6621503829956055,8,0.6416658759117126,16,0.6263076066970825,9
爾全我一家何濟,0.8157849907875061,1,0.801586925983429,3,0.7809008955955505,2
相連坐千餘家,0.6514638066291809,9,0.6184431910514832,8,0.6125644445419312,13
今從呂公著家傳,0.6856834292411804,9,0.6508714556694031,16,0.6495479941368103,14
蝴蝶夢中家萬里,0.7213619351387024,4,0.7105174660682678,5,0.6810281276702881,2
子家子魯大夫也,0.6528175473213196,16,0.6440524458885193,8,0.6150078773498535,9
文肅館於家者凡十餘年,0.7360157370567322,3,0.7217246294021606,2,0.6955142021179199,16
莊氏家傳,0.7418146729469299,1,0.7065688967704773,3,0.6832227110862732,12
自家有錢便得會子,0.7699214220046997,1,0.763367772102356,3,0.7532801032066345,9
家兄陰饋前汁,0.4529869556427002,16,0.45215103030204773,8,0.43987056612968445,9
遭家宅憂,0.7458170056343079,16,0.6990001797676086,2,0.6893513798713684,8
以鎬將家可用,0.6723467111587524,8,0.6718693375587463,9,0.6279091238975525,17
俱蘭國與吐火羅接南抵雪山唐貞觀中朝貢女國在蔥嶺之南山上為城方五六里人有萬家其國以女為王侍女數百人五日一聽朝複有小女王共知國政,0.7300145626068115,11,0.7170021533966064,9,0.7117124199867249,14
四海一家同樂,0.763015866279602,1,0.7388720512390137,3,0.7311673760414124,2
猶有婦人內夫家,0.6453453898429871,8,0.6054999828338623,9,0.600321352481842,16
於是自彭城還都迎門輻輳時瞻在家驚駭以謂晦曰,0.7559781670570374,3,0.6977739930152893,2,0.6817213296890259,1
破卻千家作一池,0.7615252137184143,8,0.7601460218429565,9,0.734505295753479,13
何則以堯舜之父猶有朱均之子儻有孩童嗣職萬一驕愚兆庶被其殃而國家受其敗正欲絕之也,0.714743435382843,3,0.7039396166801453,1,0.6823413968086243,2
又大謬所宜慎思夫人主昏明系於所任皋陶稷契之道長而虞舜享穌苤名皇甫禹之嬖行而周厲嬰顛覆之禍自古何嘗有小人柄用而災患不及於邦家者乎,0.7275571227073669,1,0.7248149514198303,3,0.7089807391166687,2
以己勤於治水而不顧其家,0.5735248923301697,8,0.5370049476623535,9,0.5309411883354187,16
鄰家閒不違,0.7277374863624573,8,0.7210359573364258,3,0.7092346549034119,2
灸面謹勿輕離家,0.5898380875587463,9,0.5864487886428833,8,0.5684943199157715,16
外家雖是帝,0.7192181348800659,9,0.7076296210289001,3,0.7064164280891418,1
家貲所有,0.703579843044281,16,0.6656662225723267,9,0.6579213738441467,8
對雨思君子嘗茶近竹幽儒家鄰古寺不到又逢秋寄逺,0.704913318157196,8,0.6870818734169006,7,0.6670123338699341,9
詳本草及諸家所出,0.740950882434845,9,0.6798015832901001,2,0.6780859231948853,10
杜正倫相州洹水人隋仁壽中與兄正元正藏俱以秀才擢第才總十人正倫一家有三秀才甚為當時稱美仕至中書令,0.7668818235397339,1,0.7590239644050598,9,0.7227620482444763,3
王似宗家,0.6179831027984619,9,0.6153075098991394,1,0.6100993752479553,4
左朝請大夫主管台州崇道觀章傑為廣南東路轉運副使傑初以家世坐斥至是複起,0.7501396536827087,1,0.7387259602546692,3,0.6860519647598267,2
而近歲喪家過有所費,0.7858108282089233,3,0.7389425039291382,2,0.7361963391304016,16
上問其家世,0.7397975921630859,1,0.7220194339752197,3,0.6780548095703125,2
穆紹不虛大家兒,0.6812527179718018,9,0.626430094242096,8,0.6231988072395325,16
蟾蜍有色門應鎻街鼓無聲夜自深料得白家詩思苦一篇詩了一彈琴,0.7208030223846436,8,0.6532735228538513,14,0.6516077518463135,9
家公救得有次第也,0.6336076855659485,16,0.5873391032218933,8,0.5702337026596069,9
姑因史氏諸家之說推本而鋪敘之永嘉五年王彌陷洛陽得六璽送劉曜曜送劉聰而此璽在其中,0.7314222455024719,1,0.728294849395752,9,0.710618257522583,12
張氏家傳,0.7408267259597778,1,0.6983846426010132,3,0.6682693958282471,12
移兵犯境複命彥詢使焉仍恐重榮要之繇滄州路以入蕃戎王果怒重榮彥詢具言非高祖本意蓋如人家惡子無如之何尋聞重榮犯闕乃放還,0.7139601111412048,8,0.7114645838737488,14,0.7064567804336548,9
為研究包氏家族提供了珍貴的資料,0.7748008966445923,1,0.7517048716545105,3,0.6956108808517456,12
此國家大事,0.5962648987770081,9,0.570019543170929,11,0.5670500993728638,7
晉高祖天福三年六月己丑金部郎中張鑄奏臣聞國家以務農是本勸課為先用廣田疇乃資倉廩臣,0.7315563559532166,3,0.7306434512138367,1,0.6894763708114624,2
須至取於私家,0.603069543838501,8,0.6023827195167542,9,0.574408233165741,13
以其家族貲財賜東丹王之子永康王兀欲,0.8021506071090698,1,0.771329939365387,3,0.7197688817977905,12
則二萬餘家庶獲存濟,0.7449479699134827,1,0.739871621131897,2,0.7201186418533325,11
善即位之上卿而處之秦因複甘茂之家以市於齊秦穰侯益趙以兵伐齊齊襄王懼使蘇代為齊陰遺穰侯,0.6824166774749756,5,0.6802309155464172,4,0.6506077647209167,9
以至官戶本家莊課,0.7394201159477234,3,0.7281990647315979,2,0.7194425463676453,16
故縣縣皆常有數十百家老弱嗟咨於道路,0.7531936168670654,9,0.7223495244979858,11,0.7101083397865295,8
複諸劉有屬籍者家無所與,0.7131458520889282,3,0.7102576494216919,2,0.6953344941139221,4
為人臣不盡孝於家,0.5752322673797607,16,0.5738762021064758,9,0.5622352957725525,8
諸家字體洞臻其妙,0.8111847639083862,9,0.7255123257637024,7,0.7139595150947571,13
家道掃地,0.6412633657455444,8,0.6312252879142761,16,0.6156337857246399,15
國家之制,0.6858652830123901,3,0.6815716624259949,1,0.6732019186019897,2
用旗幟鼓樂送歸其家,0.7041003108024597,8,0.6921895146369934,9,0.6792485117912292,14
吉氏家傳,0.7025309205055237,1,0.6961145997047424,3,0.6522243022918701,12
其家亦時見其形,0.7823484539985657,3,0.7656996250152588,4,0.757563591003418,1
周家田主用所宜木,0.7625170946121216,8,0.7592155337333679,14,0.7236700654029846,9
屠其家,0.6056070327758789,4,0.5913287997245789,14,0.5864306688308716,8
本家貴人全者,0.7734980583190918,9,0.7255508303642273,1,0.705725371837616,13
世傳梁祖亂全義家婦女,0.7680739164352417,14,0.7487474679946899,9,0.7346175909042358,8
聞其家堂上有客擊築,0.7313624024391174,3,0.7266549468040466,1,0.7050175070762634,4
此二句乃祿命家之言,0.7274651527404785,9,0.7236254215240479,8,0.6697997450828552,17
夕望不見家,0.6479076743125916,8,0.6031246185302734,9,0.5951117277145386,4
沒其家,0.688547670841217,4,0.6794109344482422,9,0.6527467966079712,5
劉氏家傳,0.7488107085227966,1,0.7068349719047546,3,0.6715471148490906,12
若敦以學業勸以經術自可家慕大道人希至德豈止知禮節識廉恥父慈子孝兄恭弟順者乎,0.5761667490005493,8,0.5582484006881714,16,0.5480027794837952,15
惡寒家,0.6803665161132812,8,0.6282724738121033,6,0.6270192861557007,9
詔選京兆良家子五人虞侍太子,0.5718250870704651,8,0.5596843361854553,16,0.5583035349845886,14
以永朝家之休,0.6678398251533508,9,0.6196195483207703,8,0.6156095266342163,16
所宜成家世之美名,0.758418083190918,3,0.7301983833312988,1,0.710655927658081,2
吉氏家傳,0.7025309205055237,1,0.6961145997047424,3,0.6522243022918701,12
又不才不仁而富謂之不幸智者咸服焉及卒家無餘資諸子衰劣如其言,0.6995241641998291,2,0.6900109052658081,8,0.6869964003562927,3
又按韓琦家傳,0.6736156344413757,9,0.6505365967750549,16,0.6505239009857178,7
遽召於家,0.5824686288833618,3,0.5674903392791748,16,0.5662534832954407,9
非國家之善政也,0.7319682836532593,3,0.7258661389350891,1,0.7073286175727844,2
長安一夜千家月,0.650019645690918,9,0.6310016512870789,11,0.6283562183380127,8
袁家紫,0.6654577851295471,8,0.6590436100959778,9,0.6589794754981995,14
朱氏家傳,0.7399663925170898,1,0.692698061466217,3,0.6705037951469421,12
然天下一家,0.7094177007675171,9,0.641857922077179,11,0.6412927508354187,8
舉家荷公恩惠,0.7508813142776489,1,0.7408917546272278,3,0.7353969216346741,2
宣撫司所至訪求死事文武官家屬流寓無歸者,0.726569414138794,1,0.7216604351997375,3,0.7049795985221863,2
黃家既是病之已極,0.7464877367019653,9,0.7249443531036377,16,0.7233144640922546,8
禍至滅家,0.6562480926513672,9,0.6533471941947937,5,0.6515594720840454,2
然後詢求出礦之家,0.7488862872123718,8,0.6863430738449097,9,0.6741954684257507,16
自北徙其家屬而南,0.7531138062477112,1,0.7381471395492554,3,0.7283284068107605,4
漢立博士十有四家,0.689795970916748,9,0.6520812511444092,11,0.6254627108573914,8
常自入其家採掠,0.741776704788208,4,0.7387708425521851,3,0.7326557636260986,1
直昭文館皮光弼家絹三百匹,0.6845890879631042,14,0.6691961288452148,8,0.6632031798362732,9
吾何如司馬家兒,0.7707889080047607,8,0.7658544778823853,9,0.7486090064048767,14
袒免女與進納之家為婚姻,0.7700451612472534,8,0.7369259595870972,14,0.7350139021873474,9
既是顓頊所居故謂之帝邱爰在漢晉隸於東郡臣聞有德者啟其國土失道則喪其封疆自古名都美邑者不一姓故有國有家不可不慎也,0.7074787020683289,4,0.7074142098426819,5,0.6889753937721252,2
又梁興已來發人征役號為五三及投募將營主將無恩在失理多有物故輒利叛亡或有身殞戰場而名在叛目符下討捕稱為逋叛錄質家丁合家,0.7033845782279968,9,0.6959914565086365,13,0.6884999871253967,7
於國家固無損益,0.726219892501831,3,0.719637393951416,1,0.6911298632621765,2
玭嘗述家訓以戒子孫曰,0.7610453367233276,3,0.7472026944160461,1,0.7009895443916321,2
夫國家安危未形而能見之,0.7176682353019714,3,0.7152807116508484,1,0.6838822960853577,2
論者謂前一日馮宿於韓家,0.5182124376296997,8,0.4886167347431183,9,0.4652726650238037,14
某嘗於晁以道家見東坡真跡,0.6873418688774109,9,0.6608365774154663,7,0.6594642996788025,8
有委老弱於家而保丁自逃者,0.8195210099220276,3,0.7828871607780457,1,0.77274489402771,2
一曰儒家類,0.7097184062004089,7,0.6796457171440125,3,0.6775015592575073,1
隱三年武氏子求賻桓十五年家父求車文九年毛伯求金,0.6894948482513428,16,0.611583411693573,8,0.6035131216049194,15
今宵未憶家,0.6301887035369873,8,0.6238020658493042,4,0.6182326674461365,5
又載錢二萬貫分積東西市以明必賞自是索賊頗急公卿家有衣複壁重醍欽弒喜溜,0.7119000554084778,3,0.6946600079536438,1,0.6941027641296387,9
今醫家取苗子用之,0.7011197209358215,8,0.6921008825302124,9,0.6547580361366272,7
護惜國家之大體,0.7171993255615234,3,0.7147807478904724,1,0.6761748790740967,2
張氏家傳,0.7408267259597778,1,0.6983846426010132,3,0.6682693958282471,12
如累棊層壇及酒家積罌之類,0.7321686148643494,8,0.7095562815666199,9,0.6747289299964905,13
既言不能正家以率之,0.6374799609184265,8,0.6280585527420044,9,0.6223146915435791,16
北至當界張家莊,0.6655368208885193,1,0.6532369256019592,12,0.6213491559028625,7
九重城外家書逺百里洲前客棹還金印碧幢見問一生安穩是長閒,0.6784744262695312,9,0.6772691011428833,16,0.667721688747406,2
莊氏家傳方,0.702294111251831,1,0.6786619424819946,9,0.6687227487564087,3
作嬪予家,0.610347330570221,8,0.6072309613227844,3,0.599636971950531,9
為國家分別是非,0.7192018628120422,3,0.7143087387084961,1,0.6964582204818726,2
沒其家口,0.7434410452842712,4,0.7291274070739746,3,0.721755862236023,2
顏氏家訓,0.692361056804657,1,0.6698827147483826,3,0.6341429352760315,4
共祠於家,0.6146925687789917,8,0.6035916209220886,9,0.5980151295661926,16
誰家煮繭一村香,0.7294963598251343,1,0.7172036170959473,2,0.7022750377655029,8
與餘家通書畫,0.6940013766288757,16,0.6886833906173706,8,0.6841851472854614,9
本因蠻賊出就民家居停,0.7153639793395996,4,0.7133787274360657,8,0.7098233699798584,3
國家比以西北二邊為意,0.6120039820671082,13,0.6100613474845886,4,0.6071862578392029,11
且寄田家砌下栽,0.799897313117981,8,0.7431699633598328,9,0.7225831747055054,14
詔路允迪家屬量移衡州居住以其家言允迪不受金人職事今被拘囚與孟庾事體不同故有是命,0.740596354007721,1,0.7170774340629578,3,0.6816204190254211,12
堪家多艱,0.7036459445953369,2,0.6912540793418884,8,0.6853435039520264,16
百乘之家不畜聚斂之臣,0.7134718298912048,1,0.713421642780304,3,0.6989951133728027,2
棄其家從王午在魯口,0.7630162835121155,3,0.7477591037750244,4,0.7441220879554749,1
家苦貧,0.554180383682251,16,0.5482374429702759,8,0.5161631107330322,9
若國家無事,0.7000871300697327,9,0.6892426609992981,13,0.6880249381065369,3
且記三家,0.69383305311203,9,0.642707884311676,8,0.6418920755386353,13
家有一方,0.5856343507766724,16,0.5829423666000366,9,0.5725172162055969,8
始家咸陽焉,0.6182971000671387,2,0.6182948350906372,4,0.5879392623901367,9
遣中使存問其家,0.6511107087135315,4,0.6496331095695496,16,0.6441018581390381,9
念常時無此人家,0.6412673592567444,8,0.6185102462768555,9,0.6101059913635254,17
子家子魯大夫昭公三十二年十二月公疾遍賜大夫大夫不受賜子家子雙琥一環一璧輕服受之大夫皆賜已未公薨子家子反賜於府人曰,0.6973246932029724,1,0.6850453615188599,3,0.6796165704727173,2
以謝國家,0.6462844610214233,8,0.6204029321670532,9,0.6186773777008057,14
占射諸家之說,0.7368471026420593,9,0.6953085660934448,7,0.6888228058815002,1
其本家少壯男子願習者不給,0.7668829560279846,9,0.7066563963890076,1,0.7031230926513672,14
家人減身犯二等坐之,0.689233660697937,16,0.6712806820869446,15,0.6656632423400879,8
晉公不臣之跡朝野所知朕所以泣而誅者安國家利百姓耳昔魏末不綱太祖佐輔元氏有周受命晉公複執威權積習生常便謂法應須爾,0.6929558515548706,3,0.6906702518463135,2,0.6798930764198303,1
克家議不合,0.7105873227119446,8,0.6793073415756226,9,0.6701276898384094,16
小唱諸色人等及家屬出城,0.7566006183624268,1,0.7557054162025452,3,0.7412702441215515,2
有家法,0.6968477368354797,9,0.685489296913147,8,0.6672589778900146,16
斯亦國家之大務也,0.718814492225647,3,0.7060640454292297,1,0.668449878692627,2
密遣親兵收其家書,0.7456549406051636,4,0.7226978540420532,3,0.721526026725769,16
是知國家有不足懼者五,0.7296260595321655,3,0.7147356867790222,1,0.6958054304122925,2
國家先見,0.6573143601417542,7,0.6370833516120911,2,0.624916136264801,9
敉寧邦家,0.6583947539329529,9,0.6553487181663513,8,0.6300917863845825,4
計無家為,0.6999337077140808,8,0.6984488368034363,2,0.6952580213546753,4
述雖誅滅其家,0.6647751331329346,9,0.6561815142631531,1,0.6518567204475403,3
砧杵夜千家,0.6923399567604065,9,0.6889979839324951,8,0.6530269980430603,14
張氏家傳,0.7408267259597778,1,0.6983846426010132,3,0.6682693958282471,12
纘棄官歸要駿故主簿潘岳掾崔基等共葬之基岳畏罪推纘為主墓成當葬駿從弟模告武陵王澹將表殺造意者眾咸懼填蒙而逃纘獨以家財成墓葬駿而去,0.7677491307258606,3,0.7426039576530457,1,0.7215356230735779,2
九月戊申故中大夫呂由成特贈左通奉大夫官其家二人由成嘗知襲慶府死於難,0.7303754091262817,1,0.7009456753730774,3,0.67820143699646,12
任圜為潞州刺史從莊宗攻鎮州及城潰誅元惡之外官吏咸保其家屬亦圜橫身以固護焉,0.7342308759689331,1,0.7156906723976135,3,0.6977287530899048,4
家饒財,0.48489704728126526,8,0.44675880670547485,6,0.44155633449554443,9
所至驛舍旅邸留題壁閒亦多有可取者見李仲南丙言臨安旅邸壁閒一絕云太一峰前是我家滿床書籍舊生涯春城戀酒不歸去老卻碧桃無限花,0.7679658532142639,4,0.7545077204704285,8,0.7511163353919983,2
為國家者,0.7116731405258179,7,0.711580753326416,3,0.7103477716445923,2
本中北宋故家,0.577795147895813,6,0.5727105140686035,8,0.5648865699768066,9
斡離不於城北劉家寺屯兵,0.6992592811584473,1,0.6918188333511353,14,0.6910053491592407,12
賜主家錢五百萬,0.6692215800285339,8,0.6515275835990906,9,0.6412385702133179,16
欲國之安祈家之貴存共其榮沒同其禍者公族之臣也,0.7119424343109131,3,0.7095150947570801,2,0.6906208395957947,1
戲贈曹子方家鳳兒,0.7098754048347473,16,0.7068082690238953,8,0.706731915473938,14
若乃鍾天倫之愛厚同氣之親人無間言家敦輯睦,0.6673309803009033,8,0.6593713760375977,16,0.6567972302436829,14
家在閩川西復西其中歲歲有鶯啼如今不在鶯啼處鶯在舊時啼處啼,0.5999945402145386,8,0.5608819127082825,6,0.560178279876709,4
其家大豬育數子,0.7373796701431274,1,0.7258026599884033,3,0.6791502237319946,4
都人是日各家亦以果子雜料煮粥而食也,0.8020379543304443,9,0.7642701864242554,1,0.7572555541992188,8
忽驚走至擒家曰,0.7498134970664978,8,0.7150059342384338,16,0.6980834007263184,14
則為國家之患,0.6876315474510193,3,0.6855621933937073,2,0.6751535534858704,1
相公欲間諜人家子母耶,0.732333779335022,1,0.722403347492218,14,0.7177426815032959,9
家貧則思良妻國亂則思良臣今所置非成則璜二子何如李克對曰,0.46287059783935547,8,0.44024497270584106,6,0.43517041206359863,15
士庶之家婦女除同本家男夫作齋會聽人入外,0.7788680791854858,3,0.7629927396774292,1,0.7359338402748108,2
自雲葉家白,0.7593615055084229,9,0.723147451877594,8,0.7000056505203247,13
論灌夫及家屬,0.6934341788291931,1,0.6901315450668335,2,0.6860331296920776,3
懸爵於朝所以懲勸來效標明盛德元子遭家不造與功臣同此百憂獨享其福得不愧於心乎,0.6703447699546814,8,0.6617743968963623,9,0.6616031527519226,16
家事成落,0.5333115458488464,8,0.5099389553070068,16,0.5037314295768738,9
獨杜氏守其家法,0.7560856342315674,3,0.7512717843055725,1,0.739902138710022,9
而術家爭言數鐘百六,0.7347354888916016,9,0.7324474453926086,7,0.6828115582466125,8
裴之高為梁郡太守時魏汝陰來附敕之高應接仍假節飆勇將軍潁州刺史士民夜反逾城而入之高率家僮與麾下奮擊賊乃散走,0.7370467185974121,16,0.7000852227210999,14,0.698091983795166,9
漢江西畔使君家,0.7083956003189087,8,0.7066964507102966,5,0.7005560994148254,4
因東陽公主婢王鸚鵡出主家,0.6322464346885681,8,0.5794176459312439,14,0.571017324924469,9
錢宣靖家王維草堂圖,0.6768584251403809,4,0.6695160865783691,14,0.6693449020385742,8
故人家井內多畜之,0.7720674276351929,1,0.7454494833946228,3,0.7214590907096863,2
今其家有書十餘篇,0.7599838376045227,3,0.7549210786819458,1,0.7307778596878052,9
家人離,0.35069793462753296,8,0.34311914443969727,15,0.3345848321914673,6
既覺而鄰家邀飯,0.7238233685493469,16,0.7195520997047424,8,0.7029625177383423,9
欲知我家處,0.7186093330383301,4,0.6833158135414124,5,0.6828161478042603,2
左降官蘇袞貶官本緣弁連坐矜其年暮加以疾患宜令所在勒回任歸私第袞年七十兩目無所見已逾年以弁之故竟未停官及貶帝聞之哀憫故許還家,0.5470939874649048,6,0.5392296314239502,16,0.5339922904968262,8
無以家為也,0.7135807275772095,3,0.6999915838241577,2,0.6836785674095154,16
義同家,0.6899634003639221,9,0.6353122591972351,8,0.628783106803894,13
絳侯世家第二十七,0.7244018912315369,1,0.6980581283569336,3,0.6579599976539612,4
出古之豪家食稱畫卵,0.7270331978797913,8,0.7247592806816101,9,0.6823599934577942,13
有士人家五十二鐘能應時自鳴,0.7367344498634338,8,0.7186770439147949,9,0.7063250541687012,1
破國亡家,0.611164391040802,9,0.5986483693122864,8,0.597479522228241,16
間歸私家,0.660337507724762,8,0.6389891505241394,14,0.6378812193870544,9
公令籀作詩文五六年後忽謂籀曰汝學來學去透漏矣嘗與文氏家姑言之亦如此,0.7042224407196045,16,0.6804965734481812,8,0.6660608649253845,9
更強占二婦以居家,0.6664060950279236,3,0.6419726014137268,8,0.6358920335769653,16
詰汾皇帝無婦家,0.6877776980400085,8,0.634221076965332,14,0.6335293054580688,9
受詔定三家書者,0.7890735268592834,9,0.6897317171096802,13,0.6804563999176025,8
史記宋微子世家,0.6625016331672668,1,0.6198274493217468,3,0.6118587851524353,12
失姓名十三家,0.7505242824554443,9,0.716097354888916,11,0.6965882778167725,13
少與楚元王交俱事齊人浮邱伯受詩元王薨子郢嗣立申公傳太子戊戊不好學病申公申公窆碇歸魯退居家教終身不出門複謝賓客獨王命召之乃往,0.7755098938941956,3,0.7227786779403687,2,0.7180467247962952,1
問師此曲唱誰家,0.5968097448348999,9,0.5827492475509644,8,0.5565494298934937,13
此皆通之世家及,0.7411239147186279,9,0.7168861627578735,1,0.7000250816345215,3
惟安國家,0.6021168828010559,8,0.5755349397659302,11,0.569884717464447,9
而利一家世,0.7183817625045776,9,0.6940127015113831,1,0.6759305596351624,12
君家不宜畜此婢可於東南二十里賣之慎勿爭價則妖可除也,0.738735556602478,8,0.7379356622695923,3,0.7316343188285828,1
乃出於其家,0.6428359150886536,9,0.6210223436355591,4,0.611763060092926,16
又云卽緣坐家口雖已配沒罪人得免者亦免,0.7331792712211609,16,0.7174926996231079,3,0.7060618996620178,8
奴發其兵開章之淮南見長長數與坐語飲食為家室娶婦以二千石俸奉之開章使人告但己,0.7812150120735168,3,0.7398947477340698,1,0.737440824508667,2
帝好刑名家,0.610766589641571,7,0.5999656915664673,9,0.5752949714660645,8
自古國家之富,0.7029842138290405,3,0.692798912525177,1,0.6771675944328308,2
顏之推字介為黃門侍郎撰家訓二十篇行於世,0.7326645255088806,3,0.7296724319458008,1,0.6924697756767273,2
蘇家人方知是秦少游,0.7568506002426147,16,0.7456395626068115,9,0.7435591816902161,14
內家宣勸醉蓬萊,0.7487190365791321,8,0.7302156686782837,9,0.6989172101020813,14
賜故鎮東軍節度推官毛洵家帛五十匹,0.6553879976272583,14,0.6465007662773132,4,0.6387606263160706,8
努目杖家持法物,0.7646899223327637,9,0.7303335070610046,8,0.6885198354721069,14
成一家,0.6996475458145142,9,0.6534824371337891,8,0.6494657397270203,4
即是紙鋪孫家所為,0.7885304093360901,8,0.7819085121154785,9,0.772391676902771,14
有諸家,0.6514328122138977,9,0.5849318504333496,13,0.5823341608047485,10
夫子之得邦家者所謂立之斯立道之斯行綏之斯來動之斯和其生也,0.705301821231842,3,0.6819174289703369,2,0.6798258423805237,13
及其家有論訴,0.7016890645027161,9,0.6826022267341614,16,0.6804750561714172,3
故國家立法有曰,0.6982195973396301,3,0.6736496090888977,1,0.6733019351959229,2
二世家,0.6326219439506531,1,0.61473548412323,3,0.6102240085601807,9
而宜祿家十萬矣,0.6601229310035706,8,0.6496443152427673,16,0.6399376392364502,9
家貧,0.4239464998245239,16,0.41110754013061523,8,0.3954692780971527,9
齊百家雜語,0.6048471331596375,1,0.5850033164024353,2,0.5789854526519775,9
國家自削除僭偽,0.6781999468803406,3,0.6736389398574829,1,0.6614969968795776,13
破家亡國,0.641991138458252,9,0.6417224407196045,16,0.6361562609672546,8
合大家耳聽好消息,0.705737829208374,1,0.6865915656089783,3,0.6833305954933167,2
已而盡棄諸家之作,0.760905921459198,9,0.7096400260925293,3,0.7026457190513611,1
若胃家實,0.6477655172348022,3,0.6455420851707458,7,0.6313348412513733,2
張氏家傳,0.7408267259597778,1,0.6983846426010132,3,0.6682693958282471,12
竹頭搶地風不舉文書堆案睡自語看馬欲𩥇頓風塵亦思歸家洗袍袴,0.7612053155899048,2,0.7554829716682434,3,0.7206535935401917,4
其溫濃之家,0.6648061275482178,9,0.6435032486915588,8,0.6142435073852539,14
帝幸李後家,0.6508458852767944,5,0.6493147611618042,4,0.6476103663444519,8
以為數百萬家無窮之惠,0.7146838903427124,2,0.7084163427352905,9,0.6976780295372009,5
詔故左朝請大夫右文殿修撰崔縱例外官其家一人以尚書省言縱奉使異域身亡理宜優恤故也,0.6989833116531372,9,0.675308108329773,14,0.6740320324897766,8
惜身保家不為惡,0.7129443287849426,2,0.697364866733551,3,0.6915989518165588,5
而乃居徐氏家,0.6237396597862244,9,0.6002082824707031,14,0.5859057903289795,16
滿足諸行為順家法,0.6455484628677368,8,0.6096410751342773,13,0.6078554391860962,9
某歸家凡百,0.7578160166740417,3,0.7424567937850952,2,0.7037643194198608,4
楊家南亭,0.7653810381889343,14,0.7369198203086853,8,0.7097475528717041,1
蘇韜光家方用烏雄雞,0.6927185654640198,8,0.6902944445610046,9,0.6813206672668457,14
使典家事,0.6696761250495911,9,0.6473630666732788,16,0.6334418058395386,8
趙暉代家天水近世徙居於魏故今為郡人焉暉生於貧賤弱冠習武以挽強稱唐莊宗之戰河朔也,0.6812881231307983,4,0.6683388948440552,2,0.6402790546417236,1
夫子之家事治言於晉國無隱情其祝史陳信於鬼神無愧辭子木歸以語王王曰,0.6760900616645813,4,0.6616618037223816,2,0.6607177257537842,3
又獻經史諸子千餘卷繇是擢拜中書博士式少傳家學兼著作郎,0.7429638504981995,3,0.7046129703521729,1,0.6951743960380554,2
亮家於南陽之鄧縣,0.719230592250824,1,0.7145059704780579,3,0.7018095850944519,4
人家亂後稀,0.7192643284797668,1,0.6937984824180603,3,0.6879633069038391,2
忽有人家笑語聲,0.7472094893455505,8,0.72072833776474,9,0.6885668635368347,14
包蒙吉納婦吉子克家,0.6807011365890503,8,0.6495004892349243,14,0.6280796527862549,16
生般若波羅蜜家故,0.5709047913551331,9,0.5662561058998108,8,0.5634734034538269,5
兄弟偕隱家墅,0.68208247423172,16,0.6808608174324036,8,0.6513001918792725,9
天下為家,0.6176936626434326,4,0.6131588816642761,5,0.585563063621521,2
切以國家端出治之源,0.7037865519523621,3,0.6942499876022339,1,0.6781409978866577,7
仇覽初為蒲亭長後入太學學畢歸鄉里州郡並請皆以疾辭雖在宴居必以禮自整妻子有過輒免冠自責妻子庭謝候覽冠乃敢升堂家人莫敢喜怒聲色之異,0.7128587365150452,16,0.7061112523078918,3,0.6802391409873962,9
末歲損成家之子,0.710689127445221,9,0.6702979207038879,1,0.6676426529884338,8
此廟堂之上所宜窺之未萌而為國家遠慮也,0.6961355805397034,3,0.6910971403121948,1,0.6691140532493591,2
續曹大家,0.6759426593780518,9,0.6530711054801941,8,0.6514919400215149,14
家家養烏鬼,0.4974883794784546,8,0.49395373463630676,9,0.46801626682281494,16
拘各人家屬,0.7240191102027893,1,0.7215700745582581,16,0.720500111579895,3
立券猶存其家,0.6436467170715332,9,0.6190445423126221,8,0.6154654026031494,4
國家,0.6353315114974976,4,0.6156161427497864,7,0.6106932759284973,2
國家祥瑞舍人獨執異見聽舍人自奏談將附中使口奏承倩不受乃抗疏曰,0.6401310563087463,3,0.6279283761978149,1,0.6272375583648682,2
竭力以衛國家,0.524025022983551,9,0.5179020762443542,8,0.4937896430492401,17
家有其書,0.6686878800392151,8,0.6680095791816711,9,0.6646382212638855,16
到家春已融,0.6708844304084778,4,0.6691105365753174,8,0.6689122319221497,3
宗文守家宗武扶,0.6955623030662537,8,0.6864421963691711,9,0.669642448425293,16
豈可於國家艱危之時而自圖安閒,0.7152580618858337,3,0.7123559713363647,1,0.6794392466545105,2
動鼓鐘於長樂何慙漢家為夀之儀響環佩於後宫更邁唐室奉觴之禮,0.7573747634887695,14,0.7492249011993408,8,0.7414062023162842,9
少以聰敏見稱與信都劉焯閉戶讀書十年不出交津橋人劉智海家素多墳籍炫就之讀書經涉十載雖衣食不繼晏如也,0.7727079391479492,3,0.7348705530166626,1,0.714891254901886,4
治國始於齊家,0.517848789691925,9,0.5024079084396362,8,0.49873945116996765,14
請並以五家為保,0.8238731026649475,9,0.7876881957054138,13,0.7850504517555237,11
以章漢家不通無禮之國,0.6998062133789062,9,0.6889604926109314,14,0.6879655718803406,8
亦無男子往來其家者,0.8095681071281433,3,0.792654812335968,4,0.7918946146965027,1
公卿之家無出其右,0.7041289806365967,3,0.7019899487495422,9,0.6908687353134155,1
但誓傳家而永寶,0.7171797156333923,9,0.7071281671524048,2,0.7003722786903381,4
我已得仙因辭家而去家人見其舉步稍高良久乃沒云,0.7799590826034546,3,0.7721781730651855,2,0.7475293278694153,16
知道君家往帝京,0.7437946200370789,8,0.737958550453186,9,0.7230125069618225,13
承家令子氣橫秋,0.7050288915634155,16,0.6977112889289856,9,0.6885347366333008,8
長安百萬家,0.6469386219978333,8,0.6452304124832153,9,0.6432214379310608,5
當使容馬車中從之後州闢部從事乘馬車還家宗黨榮之,0.6756327748298645,8,0.6748946905136108,9,0.6679317951202393,16
二百多築城邑以居新徒之家,0.6686070561408997,8,0.6550931930541992,9,0.618290364742279,14
其家遣子弟齎宴具,0.753709077835083,1,0.7518873810768127,3,0.7052628397941589,9
陰陽家之說也,0.7506067156791687,9,0.6970129609107971,8,0.6964120268821716,7
此國家之事也,0.6869704127311707,3,0.6829698085784912,1,0.6772982478141785,2
而勞費之病盡歸國家矣,0.7629028558731079,3,0.7461203932762146,2,0.730477511882782,1
富家皆跣而驅,0.7057220935821533,1,0.701757550239563,8,0.7015358805656433,3
固不能家至戶到,0.7181394696235657,2,0.7143225073814392,3,0.7019587755203247,16
汝家妻孥極念,0.735902726650238,1,0.7092642188072205,3,0.698718249797821,2
王師有於賀魯部落轉得其家口者,0.7076218724250793,8,0.7042604088783264,4,0.7035797238349915,9
推吏蔣估陰與匿亡之家表裏,0.6995754837989807,9,0.6942421793937683,8,0.6829200983047485,14
卻得妻財起來助起家,0.5498394966125488,8,0.538444459438324,9,0.5185738205909729,16
側手區區豈易遮奔流一瞬巻千家共疑智伯初圍趙猶有張湯欲漕斜已坐迂疎來此地分將勞苦送生涯使君下䇿真堪笑隠隠驚雷響踏車,0.7183402180671692,9,0.6510286331176758,11,0.6464551687240601,13
詳本草及諸家所出,0.740950882434845,9,0.6798015832901001,2,0.6780859231948853,10
又以孚內有親戚外有交游惠下之費而用不豐奉絹二千疋元會詔安平王孚乘輿車上殿帝於阼階迎拜既坐帝親奉觴上壽如家人禮帝每拜孚跪而止之,0.6804618835449219,16,0.6634085774421692,2,0.6490234136581421,15
孔氏家傳,0.726908266544342,1,0.6818343997001648,3,0.6606175899505615,12
家貧母嫁,0.33570846915245056,16,0.3301735818386078,8,0.32861563563346863,9
挾詔旨而依兵家常論以制將帥,0.6951749324798584,9,0.6506602764129639,7,0.6464473009109497,1
令家求之,0.69679856300354,8,0.6922124624252319,16,0.6908665299415588,9
有家有國,0.7281220555305481,4,0.7260118722915649,2,0.6884198784828186,5
開運元年錢氏建紹興中殿帥楊存中請移建於山北鮑家田青枝塢專充殿司諸軍瘞所令僧主其香火,0.7186559438705444,14,0.6965572834014893,8,0.6733024716377258,16
家宅,0.38627511262893677,8,0.37687209248542786,15,0.3733036518096924,6
劉氏家傳,0.7488107085227966,1,0.7068349719047546,3,0.6715471148490906,12
舊存餘家,0.7087010145187378,9,0.6799293756484985,11,0.6682987809181213,8
龍與孔穿會趙平原君家,0.6585742235183716,9,0.647704541683197,8,0.6317192912101746,14
漁家傲簡張德共,0.7545133829116821,8,0.7063174247741699,9,0.6980460286140442,14
無異家奴,0.7260585427284241,16,0.6766958236694336,15,0.6710938215255737,8
言州郡兵其家有為賊所得者,0.7140801548957825,9,0.6984107494354248,4,0.6983430981636047,2
存國家內外指蹤之體,0.7322098016738892,3,0.7140252590179443,1,0.6938701868057251,2
若是仙家道品,0.7383237481117249,9,0.7291370630264282,8,0.7147312760353088,7
莫笑田家老瓦盆自從盛酒長兒孫傾銀注瓦驚人眼共醉終同卧竹根,0.7875455021858215,8,0.7529363036155701,14,0.7393856048583984,9
水櫃街餘家染店,0.7366039156913757,14,0.7154871225357056,8,0.7060414552688599,11
亦是國家失體,0.6452517509460449,7,0.6382216811180115,2,0.6368475556373596,3
竹籬田父家,0.6981958746910095,9,0.691927969455719,8,0.6754986643791199,14
以亂國家,0.6177214980125427,9,0.594656229019165,8,0.5724989771842957,14
觸熱向人家,0.5986398458480835,8,0.5784000754356384,17,0.5755334496498108,9
吾特為國家荿之私室耳,0.7244662642478943,3,0.7135147452354431,1,0.6818816661834717,2
經故宫女墳有感聶通志家國乆隨狂寇没春蕪又向冡頭青如今憶得當時事為爾傷心一涕零,0.6552811861038208,16,0.640009880065918,8,0.6354239583015442,14
宜其家人,0.7256086468696594,3,0.6959381103515625,16,0.6905286312103271,1
自吾為汝家婦,0.7504233717918396,8,0.7298949956893921,16,0.7243343591690063,9
流二千餘家,0.6579732298851013,9,0.6209197044372559,11,0.6082565784454346,8
養於宦者宋牙家為牙子,0.7362310290336609,8,0.7252370119094849,9,0.6903172135353088,14
敵以國家方事西南,0.7047479152679443,13,0.6967626214027405,9,0.6694757342338562,4
今天下系心武家,0.5984331965446472,7,0.5909531116485596,8,0.5821607112884521,9
周家湖在縣南四十里,0.7419518828392029,14,0.7416567206382751,8,0.7259377837181091,16
人家子弟不肖之心生,0.7280818819999695,1,0.6906526684761047,9,0.6823082566261292,10
漢志儒家十三篇孔子弟子漆彫啓後韓非子儒分為八有漆彫氏之儒,0.723193883895874,7,0.7155486941337585,1,0.7017451524734497,3
憐爾繼家風,0.6969541907310486,16,0.6812646389007568,3,0.6626571416854858,1
此乃家事,0.7088865637779236,16,0.6953891515731812,9,0.6907100081443787,3
因用歸家,0.6303939819335938,3,0.5980002284049988,2,0.5816790461540222,1
史家乃實綠也,0.695976197719574,7,0.6659656763076782,9,0.6608618497848511,8
問庵中切切有婦女家語,0.7331709265708923,8,0.6777925491333008,17,0.6766113638877869,16
據韓魏公集卷一二家傳補,0.6958307027816772,1,0.6858223080635071,9,0.6723182201385498,3
若王師西指得表裏相應既殉國家之急複全私室之危豈,0.7211915850639343,3,0.7090251445770264,1,0.6983867883682251,2
凶於國而害於家,0.5978566408157349,9,0.5902154445648193,16,0.5822088718414307,8
修於家,0.6324962377548218,9,0.6123352646827698,2,0.6092475652694702,8
家世好書,0.5097537636756897,16,0.5087294578552246,9,0.5043931007385254,8
孔子家語,0.6255543828010559,16,0.6139692068099976,9,0.6120436787605286,14
範祖禹家傳云,0.7169344425201416,1,0.6895859837532043,3,0.6802929043769836,4
丙申以上還溫州德音釋天下徒刑應士民家屬有自金來歸者所在量給錢米於寺院安泊訪還其家以洪州三省樞密院淹延刑禁自今奏讞並令赴行在,0.7594876289367676,1,0.752557635307312,3,0.7184802889823914,2
名例律云家人共犯止坐尊長未知此文和同相賣亦同家人共犯以否,0.7570152282714844,3,0.7488309741020203,1,0.7423696517944336,16
宜一切還諸徙家,0.6764735579490662,8,0.6287681460380554,9,0.62398362159729,14
為承家之令器,0.7055597901344299,9,0.690186083316803,8,0.6761915683746338,16
以觀國家之政,0.6881048679351807,1,0.6848204731941223,3,0.6748105883598328,2
即太史公所論六家之二也,0.7377536296844482,9,0.6869067549705505,7,0.6866266131401062,13
於是縱太守之府豫章之縣使者車變易姓名間竄歸家因以隱遁,0.7187654376029968,2,0.7174785733222961,4,0.7133607864379883,3
蓋大家所注,0.6740350723266602,9,0.6508151292800903,8,0.6463964581489563,13
書目雜家武侯十六條一卷初蜀主三訪亮於草廬既見亮上便宜事列之文武二篇凡十六條伊籍●與諸葛亮法正劉巴李嚴共造蜀科蜀科之制由此五人,0.6084097027778625,9,0.5950131416320801,7,0.5945302844047546,8
自河中徙家居之,0.7400753498077393,3,0.7271366715431213,4,0.7248619794845581,2
女家索催妝事,0.6249658465385437,8,0.6076043248176575,17,0.6052964329719543,16
服餌之家,0.6988261938095093,8,0.6707180142402649,4,0.6672508716583252,9
後通方丁家艱,0.7140609622001648,3,0.6922709941864014,1,0.6882109642028809,2
劉仁之為彭城王韶定州長史孟業家本寒微為州小吏性廉謹韶拜定州除典簽仁之謂業曰,0.6877064108848572,9,0.68720942735672,16,0.6845048666000366,8
按劉式家傳云,0.6888216733932495,1,0.6694225668907166,3,0.6497631669044495,12
皆宮中人出家者也,0.7211204767227173,3,0.698341429233551,2,0.684395432472229,1
晉馮玉為右僕射平章事開運末張彥澤引契丹陷京城軍士爭湊其第家財巨萬一夕罄空翼日玉假蓋而出猶繞指以言舀彥澤,0.7499029040336609,3,0.7301836013793945,1,0.7187348008155823,2
居民數十家環繞,0.7218976020812988,11,0.6927604079246521,9,0.6303466558456421,8
量其家去即往來不啻百里,0.7436371445655823,4,0.7199448943138123,9,0.7153669595718384,8
抵劉家寨子,0.7345550060272217,14,0.7171215415000916,8,0.7085900902748108,9
槽下內家玉滴,0.7297380566596985,9,0.7182644009590149,8,0.7053853869438171,14
自家甚是用心,0.7247807383537292,8,0.7107760906219482,9,0.6644315719604492,16
齊人謂之王家,0.6665340662002563,8,0.6460275650024414,9,0.6263030767440796,14
門下督周伏興以去七月患假還家至十一日夜夢渡淝水行至草堂壽南遙見七人一人乘馬著朱衣籠冠六人從後興路左而立至便再拜問興何人興對曰,0.758442759513855,3,0.7168525457382202,2,0.6909348368644714,4
寡人有罪國家,0.610603392124176,8,0.6024805903434753,9,0.5853508114814758,5
喪家命僧道誦經,0.7717411518096924,3,0.7506893277168274,2,0.7392774224281311,1
乙酉皇太后謁家廟,0.6721649765968323,16,0.6673552989959717,14,0.6574835777282715,4
萬里漢家使,0.6784363985061646,8,0.6716684699058533,9,0.6641749143600464,14
滴瀝聲沉十萬家,0.6042116284370422,8,0.5897765755653381,9,0.5847007036209106,5
納婿于家,0.6473774313926697,16,0.6463937759399414,9,0.6270765066146851,8
到外家,0.6391721367835999,8,0.6247261166572571,9,0.5967515707015991,14
侍疾家庭,0.6519039869308472,16,0.6470025777816772,3,0.6415104269981384,7
賜其家錢三十萬,0.7518413066864014,3,0.7290641069412231,1,0.6943259835243225,2
莊氏家傳,0.7418146729469299,1,0.7065688967704773,3,0.6832227110862732,12
與餘家所收右軍硯無異,0.8180589079856873,9,0.7639349699020386,8,0.7428451776504517,13
且將成國家之禍矣,0.6844157576560974,1,0.6837527751922607,3,0.678597092628479,2
求破家,0.5703895092010498,8,0.5609647035598755,9,0.5577050447463989,6
顏益家傳凶狡,0.7016636729240417,9,0.6879269480705261,3,0.6815917491912842,1
家君命杓以愨名其齋,0.7247353196144104,16,0.6805381774902344,8,0.6747837066650391,15
此以上並據蔣靜所作惠卿家傳修入,0.7195802927017212,1,0.7097280025482178,9,0.699082612991333,3
斛斯椿字法壽父敦孝明時為左牧令時河西賊起牧民不安椿乃將家投爾朱榮榮以椿兼其都督府鎧曹參軍,0.6598029136657715,5,0.6574065089225769,4,0.6510034799575806,2
某家之姻貧困,0.7734186053276062,1,0.7706406116485596,9,0.7378870248794556,3
錢塘江畔是誰家,0.6684370040893555,8,0.6540067195892334,4,0.6517930030822754,5
濯龍門外主家親,0.694684624671936,9,0.6548771858215332,16,0.6512182950973511,14
其家惟一婦人應門云,0.7903742790222168,3,0.7793938517570496,1,0.7469740509986877,2
姬妾皆思明所掠良家子,0.7094940543174744,14,0.7076085805892944,8,0.688779354095459,9
將為家計於此,0.7799316644668579,3,0.7347777485847473,2,0.7166239023208618,1
語家人曰,0.699500560760498,16,0.6758360862731934,8,0.6511766910552979,9
城中之人父母妻子皆質於蔡州如不屈而降則家盡屠矣,0.7040972709655762,2,0.6943491697311401,5,0.6820081472396851,4
求書於其家,0.6034536957740784,9,0.5892548561096191,8,0.5780090093612671,16
言棲宿人家,0.7336363196372986,8,0.7124837040901184,9,0.6770800948143005,14
忘其名自浙西從事入台類集有李德裕贈詩楊發嘗為潤州從事弟假收嚴因家金陵,0.6998988389968872,4,0.6811411380767822,8,0.6774855256080627,2
允為家道之祥,0.7127053737640381,16,0.7121474146842957,3,0.6935981512069702,1
又欲閱良家有姿相者,0.7623583078384399,8,0.748651385307312,9,0.7063071131706238,13
魯單伯鄭祭仲陳女叔魯三家所始,0.7241048216819763,9,0.665608823299408,12,0.6629379987716675,1
景藝業該通文史淵洽年彌五紀歷事三京祿俸無餘家徒壁立宜從哀恤以旌元老可特給右光祿事力終其身,0.7263633012771606,16,0.7156736850738525,3,0.713637113571167,9
故能通百家學,0.6189498901367188,9,0.5979827046394348,12,0.5967618227005005,13
六合為家,0.6682919263839722,5,0.6674630045890808,8,0.6593513488769531,4
國家自寶元,0.6563873291015625,9,0.6482251286506653,2,0.6392583250999451,3
後十餘年母喪開墓而婢伏棺如生載還經日乃蘇言其父常取飲食與之恩情如生在家中吉凶輒語之考校悉驗地中亦不覺為惡既而嫁之生子,0.8506964445114136,3,0.7931294441223145,1,0.766811192035675,2
唐劉黑闥與竇建德少相友善家貧無以自給建德每資之隨末亡命從郝孝德為群盜,0.7669939994812012,3,0.739384114742279,1,0.7198022603988647,2
月帔飄颻摘杏花相邀洞口勸流霞半酣乍奏雲和曲疑是龜山阿母家,0.6834791302680969,8,0.6749318838119507,5,0.6643562912940979,4
國家之事,0.6916599273681641,2,0.685432493686676,3,0.6811961531639099,1
大家不去,0.66829913854599,1,0.6634670495986938,10,0.6631035804748535,3
國家於事體合有處置,0.7078199982643127,13,0.6925433874130249,3,0.6875433921813965,9
國家計府,0.6363031268119812,2,0.6169328689575195,3,0.6130836606025696,1
南宋六十家小集梅屋詩稿,0.6484646201133728,9,0.6375930309295654,11,0.6226312518119812,12
缺文家舒之,0.6519216895103455,8,0.6083031892776489,7,0.6074152588844299,9
皎㓗西樓月未斜笛聲寥亮入東家却令燈下裁衣婦誤剪同心一半花,0.7135306596755981,3,0.7082511186599731,1,0.7035290598869324,8
國家幸甚,0.6762653589248657,2,0.6723366975784302,3,0.6632016897201538,1
然後可以取信於公而得祿於家,0.5981082320213318,8,0.5878672003746033,9,0.5826001763343811,16
漢家自有制度本以霸王道雜之奈何純任德教用周政乎,0.7113648653030396,9,0.6976431608200073,1,0.6920040249824524,14
程異為宰相性廉約身沒官第家無羨財,0.7629331946372986,3,0.7324060797691345,1,0.7186733484268188,2
應墓堰又云應家堰溉田二百餘畝,0.7616557478904724,14,0.7495085000991821,8,0.7410438060760498,16
卿家可謂得嘉婿矣,0.7241455316543579,8,0.7125673890113831,9,0.6809858679771423,17
上斷輪軸下採杼慄田獵而為食其稱貸之家多者千萬少者六七百萬其出之中伯伍也,0.7429118156433105,8,0.7238488793373108,9,0.6959120631217957,13
諸家經訣中,0.6889267563819885,9,0.6598150730133057,2,0.6583185791969299,1
婚嫁則男先傭女家三歲,0.7096197605133057,8,0.640831470489502,16,0.6402189135551453,17
建立統一國家,0.5912964344024658,4,0.5789033770561218,7,0.5741281509399414,5
餘家所藏書萬卷,0.7525438070297241,9,0.7215659022331238,8,0.7115020751953125,1
家客怒,0.5624373555183411,16,0.5513143539428711,15,0.5351757407188416,8
各各還家門,0.6773796677589417,4,0.6704910397529602,2,0.6611488461494446,5
聽在州東七十步舊在今添差通判聽紹興十六年徙杜家巷淳熙三年以舊比較務改建,0.7310321927070618,14,0.7007431983947754,8,0.6901079416275024,1
修之於家,0.6040836572647095,8,0.5984266400337219,9,0.5765494704246521,16
石家奴,0.6885011196136475,14,0.6848814487457275,16,0.676385760307312,8
霸推問之乃其鄉里巫家女也,0.8140130043029785,14,0.7791345715522766,8,0.7660215497016907,16
閱其家籍,0.6943063139915466,4,0.6776860952377319,16,0.6590709090232849,9
殺一家三人及支解人,0.817605197429657,1,0.7746450901031494,3,0.7542797923088074,2
臣受生方外心慕太古生不喜存死不悲沒素有遺屬屬諸知識在山投山臨水投水處澤露形在人親土聲聞書疏勿告我家今當命終乞如素願遂不食而卒,0.6792193651199341,8,0.6544721722602844,4,0.6521313786506653,2
居突厥中自然科學家在日常生活和科學實踐中自發產生的唯物主義觀,0.7772017121315002,7,0.6651058793067932,1,0.655750572681427,9
設使彼滅則中州必有興者決不能有奉土地率人民以歸國家矣,0.7318698167800903,3,0.7234635353088379,2,0.705013632774353,1
未嘗有益於公家,0.5720154047012329,8,0.5663513541221619,9,0.5112665295600891,14
複我邦家,0.6402334570884705,8,0.6366387605667114,6,0.624913215637207,4
而家給人足周於天下,0.6885687708854675,8,0.6782068014144897,3,0.6665835380554199,16
上乏國家之用,0.7110577821731567,2,0.7017712593078613,3,0.6887850761413574,1
偶見其家亡婢,0.739715039730072,3,0.7360860705375671,4,0.735998272895813,1
吾家書籍文章盡當與之,0.7311010956764221,9,0.694047749042511,1,0.6900185346603394,8
廖氏家集,0.7464787364006042,1,0.7227938175201416,3,0.6788402199745178,12
家令寺,0.6445721983909607,16,0.6254065036773682,9,0.6190422773361206,8
非可以重國家而尊社稷,0.7083021402359009,3,0.6961078643798828,1,0.6567607522010803,2
朱氏西齋萬巻書水門山閣自高疎我來穿穴非無意願向君家作壁魚,0.7782467007637024,8,0.7404121160507202,9,0.7266228795051575,4
古人受命忘家,0.5890829563140869,8,0.5629064440727234,16,0.5595614910125732,6
家計亦被子孫磨滅,0.4813717305660248,9,0.47828787565231323,8,0.4662933349609375,16
若使秦破趙君安得有此使趙得全君何患無有今君誠能令夫人以下編於士卒之間分功而作家之所有盡散以饗士方其危苦之時易德耳,0.6885066628456116,9,0.6834858655929565,8,0.6451773047447205,16
瀵中郎將擊琅琊賊東郭竇公孫舉等大破斬之獲首萬餘級除一子為郎中後以討先零東羌功詔以家一人為郎中,0.6394731998443604,8,0.6089039444923401,9,0.6053218245506287,14
蔡絛叢談云先魯公嘗問米芾公謂能書者有幾曰自晩唐楊少師近時公家君謨後天下獨有筆三管公家兄弟與芾而已,0.7186880111694336,9,0.7185602784156799,7,0.706113874912262,1
一士大夫家,0.619448184967041,9,0.6149800419807434,8,0.5919290781021118,14
一日晝夢到其家,0.6903544068336487,8,0.6703753471374512,9,0.6693093180656433,16
精究百家之術,0.6401545405387878,9,0.6397785544395447,2,0.6397747993469238,1
思見其為國家興太平也,0.7251537442207336,3,0.7225148677825928,1,0.7092289924621582,2
人家一子仕宦,0.7551806569099426,1,0.7036566138267517,3,0.6762232780456543,9
國家舊姻,0.6490718722343445,9,0.6435464024543762,14,0.6296477913856506,8
郭承嘏尚父子儀曾孫為刑部侍郎自沒之後家無餘財喪祭所費皆親友供給而後具縉紳之徒無不痛惜,0.8114070892333984,3,0.7870751023292542,1,0.7663254141807556,2
繕修館宇移穿改築故犯妖禁而家人爵祿益用豐熾官至潁川太守子峻太傅以才器稱孫安世魯相三葉皆為司隸時稱其盛,0.7259554266929626,3,0.7163809537887573,16,0.7074905633926392,1
令鈐轄司差人送其家屬歸鄉,0.7443228960037231,1,0.7408677339553833,3,0.7310056686401367,2
劉晏家譜,0.6961368322372437,1,0.6769524812698364,3,0.6451727747917175,12
家住成都,0.6217377781867981,4,0.6059896945953369,16,0.5987533330917358,8
又稱是魏峻來丘汝礪家交易,0.7678896188735962,9,0.7523396611213684,8,0.7255051136016846,13
自家人姻婭勞賜皆有差,0.7284453511238098,3,0.7280153632164001,1,0.7146060466766357,9
今國家用後族委邪臣沉湎荒惑萬機停擁今張昭逐延浩於鄴以延浩後之愛弟不加其罪是失刑也,0.6999675631523132,3,0.6863014698028564,1,0.6734990477561951,2
亦損國家大體,0.6912463307380676,1,0.6909683346748352,3,0.6593236923217773,7
晋儒林●杜夷著幽求子二十篇隋志道家杜氏幽求新書二十卷,0.7424679398536682,7,0.6724754571914673,9,0.6691515445709229,8
單于若問君家世,0.6875476241111755,1,0.6660893559455872,3,0.6654285788536072,4
莊氏家傳,0.7418146729469299,1,0.7065688967704773,3,0.6832227110862732,12
崇寧宰相家,0.606559157371521,9,0.5921698808670044,8,0.5897408127784729,7
單于若問君家世,0.6875476241111755,1,0.6660893559455872,3,0.6654285788536072,4
福州北門賣豆乳人家,0.7039533853530884,8,0.6897183060646057,11,0.6894771456718445,14
裴潛每之官不將妻子妻子貧乏織藜茈以自供群弟之田廬嘗步行家人小大或並日而食後為光祿大夫,0.722052812576294,16,0.7215302586555481,3,0.7192665934562683,8
其家嘗陷賊,0.7533761858940125,3,0.7404087781906128,1,0.728594958782196,4
豈知我家亦有此事,0.7693168520927429,1,0.76291823387146,3,0.7501875758171082,8
正月十二日自房州城遇虜至奔入南山十五日抵回穀張家,0.5857411026954651,8,0.5421410799026489,14,0.541437566280365,9
院子家,0.7010120749473572,8,0.6594463586807251,14,0.6585075259208679,9
如豐家,0.6737769842147827,9,0.6567001342773438,8,0.6351755261421204,14
今幾至萬家,0.6544981002807617,8,0.6464300751686096,9,0.6388310790061951,11
詳本草及諸家所出,0.740950882434845,9,0.6798015832901001,2,0.6780859231948853,10
盡籍君萬家產以償所貸結糴錢,0.7457443475723267,3,0.7393746376037598,1,0.7204919457435608,2
執中家不克正,0.7309391498565674,8,0.7268672585487366,9,0.6882707476615906,13
唐立王珪家廟,0.7088004946708679,4,0.6852321028709412,1,0.6850267052650452,3
王家山水裏圖中意思都盧粉墨容今日忽登虛境望步揺冠翠一千峰,0.7354165315628052,8,0.7255347371101379,14,0.6998212933540344,9
世號為五王李家,0.6489927768707275,14,0.6465504169464111,9,0.6362037062644958,8
顧憲之固辭官寵居家授大中大夫臨終為制以敕其子曰,0.7650185823440552,3,0.690781831741333,2,0.6875194907188416,1
移家臨丑石,0.662182629108429,8,0.661639392375946,4,0.6546829342842102,2
當使人就其家取之,0.7807953357696533,4,0.7707045674324036,5,0.7677114009857178,3
率取高貲多丁家,0.667747437953949,9,0.6576610207557678,8,0.6257173418998718,14
家寶,0.4131108820438385,15,0.39599746465682983,6,0.3932236135005951,8
家僕至,0.7339859008789062,16,0.7098798155784607,8,0.7023305296897888,9
題東家壁,0.6542695164680481,8,0.6461740136146545,4,0.6371520161628723,9
此屬飲家,0.6197277903556824,8,0.5897265076637268,9,0.5550103187561035,17
又令度支散於諸道和市耕牛兼顧召工人就諸軍城繕造器具募人至者每家給耕牛一頭,0.760765016078949,9,0.7534961104393005,8,0.7199459075927734,13
元帝以後宮良家子王嬙字昭君賜單于,0.6365448236465454,8,0.6331875324249268,16,0.6250823736190796,9
傳其家事於子,0.6917251944541931,9,0.6859052777290344,1,0.6768001914024353,3
若國家猶待其更鳴之辰,0.6707022190093994,3,0.6643699407577515,9,0.6616165041923523,1
至其家,0.6322388648986816,4,0.6217199563980103,9,0.6144827008247375,1
皆隨出家,0.569665253162384,9,0.5636504292488098,3,0.5601166486740112,1
夫在家以養口體,0.8005287647247314,3,0.7458608150482178,2,0.7288374900817871,16
田安之後為王家故也,0.7434006333351135,14,0.7299854159355164,1,0.7295698523521423,9
家苦貧,0.554180383682251,16,0.5482374429702759,8,0.5161631107330322,9
曩昔國家與突厥和親,0.6376490592956543,13,0.6358746290206909,4,0.6311184167861938,9
而外家諸王並封,0.7369975447654724,9,0.6798017024993896,13,0.6746087670326233,1
且吐蕃蘇毗互相屠戮心腹自潰滅亡可期但其王去逆歸仁則是國家盛事伏望宣付史館旌其慕化從之,0.7089812159538269,1,0.70231693983078,3,0.669231653213501,7
各家置槍棒一條,0.8211681246757507,9,0.7365440726280212,13,0.7110373973846436,8
家有曉事揚子云,0.6682292222976685,8,0.6514747142791748,16,0.6423054337501526,9
家道休哉,0.6657657623291016,16,0.6567545533180237,8,0.643636167049408,9
事同一家,0.6670646071434021,9,0.6219610571861267,8,0.6112518310546875,13
梁沈約初仕齊為文惠太子家令武帝時為尚書令領太子少傅嘗侍宴有奴婢師是齊文惠宮人帝問識座中客不曰,0.6096786856651306,8,0.6070257425308228,9,0.5987662672996521,16
不見劉君來近遠門前兩度滿枝花朝來惆悵宣平過桞巷當頭第一家,0.693234384059906,9,0.6812235116958618,8,0.6696441173553467,11
莖葉都似家茵陳而大,0.6808633208274841,8,0.6558786630630493,15,0.6396852731704712,6
家寶,0.4131108820438385,15,0.39599746465682983,6,0.3932236135005951,8
爻子邊民數百家,0.6504859924316406,9,0.6362590789794922,11,0.6295351982116699,8
在梅家橋西,0.6802216172218323,14,0.6773372292518616,8,0.6461495757102966,16
春來緑樹遍天涯未見垂楊未可誇晴日萬株煙一陣閒坊兼是莫愁家,0.6494560241699219,8,0.6162906289100647,5,0.5901623368263245,4
時公亦挈家往,0.7547855377197266,3,0.7294777035713196,2,0.7245943546295166,4
國家富有天下,0.6878352165222168,3,0.6856642365455627,1,0.65692138671875,2
惟有君家酒未嘗,0.733228862285614,8,0.7030459642410278,9,0.6870312094688416,14
吉氏家傳,0.7025309205055237,1,0.6961145997047424,3,0.6522243022918701,12
國家常往祈焉,0.7062142491340637,3,0.6981046795845032,2,0.6947543621063232,1
編録三司錢穀文字究問國家每年二歲科數與一年京師官吏三軍諸軍請受並內外諸雜支用多少科有蓄積豐乏之數,0.7189337611198425,3,0.7132023572921753,1,0.6898967623710632,2
皇家慶事,0.6788815855979919,3,0.677655816078186,1,0.655193567276001,2
臣謹按道家者流,0.7219892740249634,7,0.7084435820579529,9,0.6977564096450806,1
周家均工樂胥不得預士伍,0.7151072025299072,9,0.7135260105133057,8,0.6983832716941833,14
既往之事焉可追論至如遼東諸城舊並中國群縣高麗今必求本地中國亦須複疆宇國家尚,0.686607301235199,9,0.6808533668518066,4,0.6676647067070007,2
然史家多是文詠之士,0.7561221122741699,7,0.6950085163116455,3,0.6868180632591248,1
家居何所,0.5839056372642517,8,0.5559467673301697,16,0.5511654615402222,15
竊見石顯本山東名族有禮義之家也,0.726129412651062,4,0.7255673408508301,9,0.722030758857727,3
出家財斂葬北邙以報德,0.7216557264328003,3,0.699344277381897,1,0.6889413595199585,2
國家厚秩待君,0.6586877107620239,3,0.6442115902900696,1,0.6229793429374695,2
居家治理可移於官既已營之宜使成立進退兩亡便貽恥笑,0.7605019211769104,3,0.7200718522071838,2,0.7177695035934448,1
被災之家,0.717719554901123,8,0.6872010827064514,4,0.6830692887306213,5
漢家宮闕五侯門,0.7036758065223694,14,0.6793579459190369,8,0.6517390012741089,9
漢家宗廟英靈在,0.8219932317733765,14,0.7188488841056824,9,0.7161812782287598,8
懷遠夷納款附國家常事也,0.6437363624572754,9,0.6380254626274109,3,0.6286477446556091,1
裴家莊至湯陰縣四十里,0.7357991337776184,1,0.7205632925033569,12,0.6986212134361267,3
皆致國家禍患,0.7078484296798706,3,0.6989835500717163,1,0.682428777217865,2
莊氏家傳,0.7418146729469299,1,0.7065688967704773,3,0.6832227110862732,12
而欲安其家邪,0.7778251767158508,3,0.7633373737335205,1,0.7561625242233276,2
俊臣所破千餘家,0.6508942246437073,9,0.6043134927749634,11,0.6038089990615845,13
雖時得一還家,0.49370771646499634,3,0.4928998053073883,10,0.4898032546043396,7
吉氏家傳,0.7025309205055237,1,0.6961145997047424,3,0.6522243022918701,12
柳外東風不滿旗青裙白面出疏籬日煞來打鼓儂吹笛催送兒郎踏浪飛傾兩市勊螭家家春酒瀉尖泥儂今已是滄浪客莫向尊前唱教池,0.718877911567688,1,0.7000781297683716,2,0.6892768144607544,9
破盡田園不住家,0.7115725874900818,8,0.6723103523254395,5,0.6547110080718994,9
次韻黄魯直嘲小徳小徳魯直子其母㣲故其詩云解著潛夫論不妨無外家,0.6163053512573242,8,0.6116830110549927,9,0.6004615426063538,17
仕進不止執獸子是言其為壇家病袷討忻則古宦人非昔任掌同燮理寄實鹽梅非複漢魏執獸子之班異乎,0.714184582233429,8,0.6623608469963074,9,0.6573139429092407,16
全家寢食淙琤上,0.7621632218360901,3,0.7451345920562744,1,0.7078681588172913,2
發舉之家雖許用干人,0.7017294764518738,8,0.6971193552017212,9,0.6690802574157715,3
而不令胃家實也,0.7294889092445374,8,0.6879190802574158,9,0.6614786982536316,16
又今所過縣邑尤為困乏種麥之家多在城郭聞官兵將至當已收之矣,0.7656602263450623,8,0.7296832799911499,9,0.7057835459709167,2
奶房王家,0.6896554827690125,8,0.6850224137306213,14,0.6797463297843933,9
今去家數千里,0.7094022035598755,4,0.6807761192321777,16,0.6790041923522949,2
行次漢上無本習家池沼草萋萋嵐樹光中信馬蹄漢主廟前湘水碧一聲風角夕陽低,0.7102325558662415,8,0.6525434851646423,16,0.6448649764060974,9
醫家告術窮,0.6860036253929138,7,0.6553990840911865,2,0.6518522500991821,16
家又遠,0.4509861171245575,8,0.4497937858104706,6,0.4322489798069,16
伯道無男可保家,0.6170772314071655,8,0.6092843413352966,16,0.5939843058586121,9
淮以南皆非國家有也,0.7107003927230835,9,0.6802332401275635,2,0.6798055768013,13
國家有急君其毋讓對曰,0.674852192401886,1,0.6719382405281067,3,0.6346299052238464,2
為百井八百家,0.6857855916023254,9,0.659960925579071,8,0.640505850315094,13
沮渠無諱將萬餘家,0.6836162805557251,9,0.632168173789978,4,0.6290096640586853,5
豈特以慰其家而已哉,0.7309298515319824,2,0.7257631421089172,4,0.7234366536140442,3
幸托書達吾家,0.672004759311676,4,0.6643983125686646,9,0.6610596776008606,8
勝則以家貲賞,0.681445300579071,9,0.6517189145088196,16,0.6312819719314575,13
一家飽暖,0.7057164907455444,1,0.6955381631851196,2,0.6740012168884277,11
蓋其家一子苦洩利,0.7731021046638489,1,0.7356798648834229,3,0.6920320391654968,2
曹洪從太祖討董卓為卓將徐榮所敗還奔譙洪與揚州刺史陳溫善洪將家兵千餘人就溫募兵得廬江上甲二千人東到丹陽複與數千人與太祖會龍亢,0.656442403793335,9,0.6262317895889282,16,0.6241002082824707,8
九陌凄風戰齒牙銀杯逐馬帶隨車也知不作堅牢玉無奈能開頃刻花得酒强歡愁底事閉門髙卧定誰家臺前日暖君須愛氷下寒魚漸可义,0.731743574142456,2,0.7206190228462219,3,0.7151400446891785,4
菜盡鄰家解與,0.6994093656539917,3,0.6970223188400269,2,0.6955362558364868,8
又椿弟順為冀州刺史順子仲宣正平太守兄子侃弟子遁並從駕河北為顥嫌疑以椿家世顯重恐失人望未及加罪時人助其憂怖或有勸攜家避禍椿曰,0.7270823121070862,1,0.7255076169967651,3,0.6816619038581848,4
自家刑國,0.6894304156303406,9,0.6856486797332764,13,0.6663963794708252,8
枉殺妾家十餘口,0.742064356803894,8,0.7325208783149719,16,0.7173895835876465,1
又同年共研席以舊恩起家太子門大夫累遷率更令轉太宰長史,0.6997037529945374,3,0.6831537485122681,1,0.6510944366455078,2
國家凡欲立事,0.7169802784919739,3,0.700846791267395,1,0.6900746822357178,7
游藝百家,0.6131428480148315,7,0.605047345161438,9,0.5987950563430786,11
請大家豪右,0.6896686553955078,1,0.6850987076759338,3,0.6587256193161011,16
如君所道皆家戶所有耳吾今所問欲知其權略智謀何如也,0.7593942284584045,16,0.7280929088592529,9,0.7116667628288269,8
安複以精銳千八百騎出討田氏家流,0.7125728726387024,9,0.6645892858505249,8,0.6401366591453552,13
俟還家時,0.6766699552536011,3,0.6529189944267273,2,0.6337714195251465,4
家本儒,0.5127699375152588,9,0.5016686320304871,16,0.5005589127540588,8
高家游,0.7188886404037476,16,0.6804656386375427,8,0.679275393486023,9
而先臣病於家,0.5758646130561829,16,0.5579918026924133,9,0.5433858633041382,8
家中舊傳方有丁香,0.6806894540786743,9,0.6761456727981567,8,0.6527093648910522,16
與袁淑等四家,0.7438767552375793,9,0.668723464012146,11,0.6632241606712341,8
家人以俗忌,0.5578399896621704,16,0.5572271347045898,8,0.537116527557373,9
僕家有微之作,0.7587161064147949,8,0.708344578742981,9,0.6802814602851868,2
欲一見卿家譜,0.6956048011779785,1,0.6828398704528809,3,0.6636932492256165,12
法尚大獲家口,0.6856905221939087,8,0.6793196797370911,9,0.6761972308158875,4
丈夫一出身與人豈複顧家遂力戰拔之生擒雍而靈家皆死,0.7299795150756836,16,0.7105360627174377,8,0.7007530331611633,14
是心家有風熱,0.7078884840011597,8,0.6769236326217651,16,0.6687731146812439,9
卻尋甚麼奇巧的物事獻與官家,0.6384413838386536,8,0.5901837348937988,9,0.5546769499778748,14
