百家瀨者,0.6811888217926025,13,0.6764980554580688,9,0.6418423056602478,11
保家之主也,0.7378794550895691,9,0.7310341596603394,8,0.7206466794013977,16
居家無事,0.7393356561660767,3,0.7066003084182739,2,0.6939006447792053,8
天既全付予有家,0.5343021750450134,8,0.527312695980072,9,0.5167953968048096,4
人家養之為畜,0.7608300447463989,8,0.7378247976303101,1,0.7047036290168762,3
公移於司馬穰苴之家,0.6532444953918457,8,0.6497340798377991,9,0.626569926738739,14
武強交津橋劉智海家,0.6886526346206665,4,0.6837366819381714,5,0.682379961013794,8
家無餘財,0.4352834224700928,8,0.4245564937591553,9,0.41129931807518005,16
而言十家,0.7045797109603882,9,0.6931105852127075,13,0.6691644191741943,11
嗣家風之清白,0.6919305920600891,9,0.687972366809845,3,0.6583477258682251,1
家父,0.583561897277832,16,0.5141915082931519,9,0.5089583396911621,8
家僮千餘人,0.6710947155952454,16,0.6450367569923401,8,0.6318604946136475,9
今欲别其田及家財各為一賦,0.7741560339927673,3,0.7564277648925781,1,0.7257819771766663,2
贈鄭徵君家匡山首春與丞相贊皇公游止,0.6386891603469849,8,0.6119308471679688,5,0.6098912358283997,16
復何因緣家室和順不令別離,0.747805118560791,3,0.7167908549308777,1,0.7126193046569824,2
在家多苦,0.7825541496276855,3,0.7175727486610413,2,0.7056105732917786,16
白有家僮,0.7019979953765869,16,0.6970673203468323,4,0.689590573310852,8
買地費家貨,0.6956838965415955,8,0.6635061502456665,16,0.6615223288536072,15
家無怒笞,0.5540911555290222,8,0.5354287624359131,16,0.523936927318573,6
抑百家,0.5693742632865906,7,0.5675489902496338,4,0.5653282403945923,9
今得值我出家得道,0.6968026161193848,3,0.6673906445503235,1,0.664867103099823,2
豈周家有兩定王,0.7522364854812622,9,0.7317402362823486,8,0.7302966713905334,14
故取兩家併言可任者二家五人,0.7973897457122803,9,0.7947162389755249,13,0.7756332159042358,1
服食家亦用之,0.6791185736656189,8,0.6448805928230286,9,0.6082773804664612,17
家備十善人懷六度,0.6093965768814087,8,0.5751503705978394,9,0.572671115398407,6
家口令補兵,0.663394570350647,8,0.6415481567382812,9,0.6184532642364502,16
如人營家晨起夜寐劬勞督課,0.731283962726593,8,0.6852978467941284,2,0.681487500667572,3
餘如出家功德經說,0.6644340753555298,2,0.6571707725524902,3,0.6454230546951294,1
宗從之家乃以兒繼其後,0.6871657967567444,9,0.6811051964759827,1,0.6802965998649597,3
此國家所尤宜先除也,0.6725432276725769,9,0.6606988906860352,3,0.6489514112472534,1
菩薩出家,0.620527446269989,2,0.6201821565628052,3,0.6141980290412903,1
公除是公家除其喪服,0.7374060153961182,8,0.7175570130348206,14,0.7107772827148438,9
昨日三川新罷守今年四皓盡分司幸陪散秩閒居日好是登山臨水時家未苦貧常醖酒身雖衰病尚吟詩龍門泉石香山月早晚同遊報一期,0.7015133500099182,8,0.6689968109130859,16,0.6555171608924866,2
內家嬌,0.7070726156234741,16,0.7058109045028687,8,0.705064058303833,14
主收除某家衆邪妖精禍害之鬼,0.8310869932174683,9,0.7680531144142151,1,0.7501243352890015,13
家語,0.4852549135684967,8,0.4679521322250366,14,0.46481043100357056,15
家語,0.4852549135684967,8,0.4679521322250366,14,0.46481043100357056,15
秋夜會宿李永宅憶江南舊遊偶宿俱南客相看喜盡歸湖山話不茹轡月念祀違子夜高梧冷秋陰遠漏微那無此良合愚日昔作在謝家稀,0.7572367787361145,8,0.7041470408439636,16,0.6919463872909546,9
婢答大家,0.6191326975822449,9,0.6164907813072205,8,0.6107707023620605,16
籠辯凍下事戒空蔓草藝妻滿故宮匹國性家為顏色露桃猶自恨春風,0.7292367219924927,8,0.7034148573875427,5,0.6936666369438171,4
維為主之家長,0.7103086113929749,16,0.7077540755271912,3,0.6895179748535156,2
中地家二百畝,0.775510847568512,8,0.7472342252731323,9,0.6938439607620239,14
家姓馮氏,0.541775643825531,16,0.5275756120681763,8,0.5226418375968933,9
制五百家為鄉,0.7087551355361938,13,0.7036625742912292,11,0.7014265656471252,9
烈先為家誡千餘言,0.7194368243217468,3,0.7060235738754272,16,0.6868054270744324,2
前年帝里望行塵記得仙家第四人泉煖舊諳龍偃息露寒初見鶴精神歌聽上榻梁園晩夢遶殘鐘汜水春知有篋中編什在只應從此是經綸,0.7500143051147461,8,0.7303688526153564,9,0.7091376185417175,14
還家卿月迥,0.6642974019050598,2,0.6572868824005127,3,0.65553218126297,16
留別張侍御送家兄隱居,0.7631537914276123,16,0.6917958855628967,9,0.6782358288764954,8
愧汝家耶,0.6892642378807068,2,0.6875548958778381,4,0.6819352507591248,8
擁有百萬戶口的國家,0.5858495831489563,4,0.5857973694801331,13,0.5736885666847229,2
答蘇庶子月夜聞家僮奏樂見贈墻西明月水東亭一曲霓裳按小伶不敢邀君無别意絃生管澀未堪聽,0.7763542532920837,16,0.7123558521270752,3,0.7015014290809631,8
家世陳留,0.3685813248157501,16,0.3637649714946747,8,0.34945371747016907,9
黃金絲掛粉墻頭動似顛狂靜似愁逰客見時心自醉無因得見謝家樓,0.7377194762229919,8,0.7313923835754395,14,0.7072829604148865,16
始則行於家國,0.7209737300872803,16,0.7060574889183044,9,0.6945521235466003,8
於家不哭,0.7378306984901428,16,0.7284594178199768,2,0.7271526455879211,8
千家獻黃金,0.7395325899124146,9,0.7199234366416931,8,0.7066094279289246,14
庠序為家,0.6134947538375854,16,0.6041633486747742,8,0.6028203368186951,4
谷口誰家住雲扃鎻竹泉主人何處去蘿薜換貂蟬籍在金閨內班排玉扆前誠知憶山水歸得是何年認春戲呈馮少尹李郎中陳主簿,0.787743866443634,4,0.7766150832176208,2,0.7764474153518677,1
來醉扶風豪士家,0.6887288093566895,8,0.6491415500640869,5,0.6440684199333191,9
若仕於大夫之家,0.6436154842376709,9,0.6359052658081055,8,0.5799370408058167,17
今生於此縣南石趙村宋家,0.6808704137802124,14,0.6767532229423523,8,0.6381130218505859,9
相攜及田家,0.6935291290283203,8,0.6645868420600891,9,0.6475547552108765,14
方朔家貧未有車肯従榮利捨樵漁従公未怪多侵酒見客唯求轉借書暫聴松風生意足偶看溪月世情疎如鉤得貴非吾事合向烟波為玉魚,0.7709599137306213,3,0.7329756617546082,1,0.7289533019065857,2
咸會於家,0.6402483582496643,8,0.6341567635536194,9,0.6266472339630127,16
欲齊其家者,0.7374297976493835,3,0.7355140447616577,4,0.7337573766708374,1
家本豐財,0.4859117567539215,9,0.46707576513290405,16,0.4640854597091675,8
而夫人以有家為勞心,0.7856014966964722,3,0.7600874304771423,2,0.7367578744888306,4
文博家道屢空,0.6533938050270081,5,0.649483859539032,8,0.648892343044281,16
秦家築城避胡處,0.73272305727005,8,0.731243371963501,14,0.7253525853157043,9
珪居家不稟於義方,0.770011842250824,3,0.7000143527984619,1,0.6726901531219482,2
黃昏寒立更披襟露浥淸香悅道心●笑誰家扄繡户正薫龍麝暖鴛衾,0.6789118647575378,2,0.6721904277801514,8,0.6606236100196838,9
雖漢家金莖,0.6877013444900513,9,0.6865003705024719,8,0.6734351515769958,14
彼家名聲威振十方,0.7194575667381287,9,0.7070947289466858,1,0.7021127939224243,13
家貧無書,0.47241637110710144,16,0.46767938137054443,9,0.4608302712440491,8
家貧,0.4239464998245239,16,0.41110754013061523,8,0.3954692780971527,9
言伯輿微賤之家,0.6304931044578552,9,0.6301791667938232,8,0.6000046730041504,14
以公從其家出故也,0.7634482979774475,3,0.761610746383667,1,0.7208488583564758,4
竇太后家被誅,0.695127010345459,9,0.672420859336853,4,0.6707890629768372,5
國家兵起,0.6801272034645081,7,0.6737126111984253,13,0.6649152040481567,8
則還夫家,0.6085581183433533,8,0.6017629504203796,9,0.5791333913803101,16
田完世家云,0.7191976308822632,1,0.6911458373069763,3,0.6607154011726379,4
興待以家人之禮,0.715268075466156,3,0.7081464529037476,16,0.6857395172119141,2
而國家有盤石之固矣,0.697210967540741,3,0.6885316967964172,1,0.6784182190895081,2
何處尋家,0.6427103877067566,8,0.6275913715362549,4,0.6257573366165161,5
集千家註杜工部詩集巻九越王樓歌,0.6457176804542542,9,0.6321667432785034,11,0.6264169216156006,8
家貧,0.4239464998245239,16,0.41110754013061523,8,0.3954692780971527,9
心知衡嶽路不怕去人稀船裏猶鳴磬溪頭自曝衣有家從小别無寺不言歸料得逢寒住當禪雪滿扉送路,0.7318488955497742,4,0.7249913215637207,5,0.7209668159484863,2
國家貞觀中有戶三百萬,0.6490857601165771,3,0.6453008055686951,2,0.6446322798728943,1
在茶家亦有法律,0.7311188578605652,8,0.7078666687011719,9,0.6413138508796692,11
稱貸之家皆齊首稽顙問曰,0.7305644154548645,9,0.7098487615585327,8,0.6901047825813293,2
卿大夫使家臣自置其司馬者也,0.7260534167289734,9,0.7228226065635681,16,0.7173587679862976,3
簫聲咽秦娥夢斷秦樓月秦樓月年年柳色灞陵傷别樂遊原上清秋節咸陽古道音塵絶音塵絶西風殘照漢家陵闕,0.697364330291748,14,0.6769652962684631,8,0.6586246490478516,9
盛清家難,0.6884666085243225,16,0.683143138885498,8,0.6585901975631714,5
其家人在鄉,0.7378682494163513,3,0.7344846129417419,1,0.6976919770240784,4
太公家令說太公曰,0.7003684639930725,8,0.6952114105224609,9,0.6822730302810669,16
家見道士內著黃衣,0.4983472228050232,8,0.47895583510398865,16,0.47148019075393677,9
於道流雖有三十七家七百九十三篇,0.7444162368774414,9,0.6920950412750244,13,0.6859563589096069,11
從其家之長安,0.7420359253883362,1,0.7377721667289734,3,0.717827320098877,9
吾本諸生家,0.6185344457626343,9,0.5990067720413208,8,0.5817105770111084,2
遂家京兆,0.6747809052467346,8,0.6493058204650879,9,0.6456869840621948,14
以家醪黍觴醉人者為中人,0.6465067267417908,15,0.6426309943199158,8,0.6408249139785767,16
八家共治公田八十畝,0.797325611114502,9,0.7796517014503479,8,0.7670215964317322,13
不歸家,0.6422427296638489,8,0.6398959755897522,4,0.6275878548622131,5
家中請僧行道,0.5562068223953247,8,0.535893440246582,16,0.5307704210281372,9
國家之所貴重,0.6994036436080933,3,0.6813887357711792,1,0.674046516418457,2
續去縣還家,0.553379237651825,4,0.5341368913650513,3,0.5306310057640076,8
季舒等家屬男女徙北邊,0.7591775059700012,1,0.7433347702026367,3,0.7029716968536377,2
夫人本宗丗族之後率其先猷令德是茂爰歸得家九子一母婉婉有儀柔靜以和命不侔身兹其柰何刻銘墓石以告觀者乳母墓誌銘,0.7299814820289612,3,0.7210701107978821,2,0.7178090214729309,16
冝城酒熟花覆橋沙晴緑鴨鳴咬咬濃桑繞舎麥如尾幽乹鳴機𩀱燕巢馬聲特特荆門道蠻水●光色如艸錦薦金鑪夢正長東家咿喔雞鳴早塞寒行,0.75008225440979,8,0.6936128735542297,14,0.6832016110420227,9
於神家之里,0.7598114609718323,8,0.7147124409675598,9,0.6967563629150391,14
逰靈公觀夏日逰山家,0.6881935000419617,8,0.6618514657020569,14,0.6517834663391113,9
帥家子,0.7200160622596741,8,0.6925192475318909,16,0.6819510459899902,14
家有積倉,0.5638928413391113,8,0.5581648945808411,9,0.5503897666931152,16
壯年學書劒他日委泥沙事主非無祿浮生即有涯高齋依藥餌絶域改春華䘮亂丹心破王臣未一家,0.7014809250831604,9,0.6420717239379883,8,0.6360324621200562,5
家人見弁,0.49458909034729004,16,0.4826657772064209,8,0.47948744893074036,9
管輩數家,0.6795629262924194,9,0.6092334389686584,8,0.6044535040855408,14
而至於豐屋蔀家,0.6873326897621155,9,0.6298263669013977,13,0.6223226189613342,8
集諸家之所秘要,0.7405519485473633,9,0.7155559659004211,1,0.7081543207168579,3
柯所以供家用,0.7631596922874451,3,0.7419789433479309,2,0.7416011691093445,16
舉家莫不忻悅,0.7475969791412354,3,0.739475429058075,2,0.7195984125137329,1
展禽之家,0.7154689431190491,4,0.6876790523529053,8,0.6675389409065247,5
三月三日登庾樓寄庾三十二三日歡遊辭曲水二年愁卧在長沙每登髙處長相憶何况兹樓屬庾家,0.6582847833633423,8,0.6242316961288452,14,0.6175234317779541,9
何處莽深好春深嫁女家紫排儒上雉黃帖鬢邊花韓燭初移障鳴環欲上單青衣傳擅耨錦繡叫條料,0.7210122346878052,8,0.6723988652229309,14,0.6634074449539185,17
家世寒微,0.44705525040626526,8,0.44650453329086304,9,0.44310784339904785,16
必預汝家事,0.7418408393859863,3,0.7264963388442993,1,0.720087468624115,2
猶室家待禮而成也,0.7570326328277588,8,0.7365591526031494,9,0.7063640356063843,14
彌勒佛時當得人身值佛出家精進持戒得羅漢果,0.7187471389770508,3,0.6931939125061035,2,0.6910829544067383,1
謝病於家,0.5652754902839661,16,0.5543032288551331,9,0.5502679944038391,3
登其族之夫家眾寡,0.6981637477874756,3,0.6970385313034058,1,0.6966244578361511,16
送我外家不能住此,0.7863651514053345,3,0.7672818303108215,1,0.7666183710098267,4
此所謂詩家之中道也,0.7627755999565125,7,0.7102511525154114,9,0.678694486618042,8
吾專心國家,0.5445991158485413,8,0.5345364809036255,7,0.530590832233429,9
國家有事東郊,0.6790571808815002,2,0.6786189079284668,3,0.6682314276695251,1
都家之吏自協日刑殺,0.7363461852073669,9,0.7360840439796448,8,0.7179126739501953,14
在家則祀中霤,0.7784966230392456,3,0.7199722528457642,2,0.7168083190917969,1
以保乂夫家,0.5185754895210266,8,0.5143885612487793,9,0.5062591433525085,16
所謂齊其家在脩其身者,0.689727783203125,5,0.6859604716300964,4,0.6820360422134399,3
題新居呈王尹兼簡府中三掾敝宅須重葺貧家乏羨財橋憑川守造樹倩府寮栽朱版新猶溼紅英暖漸開仍期更攜酒倚檻看花來雲和,0.748638391494751,8,0.7327853441238403,3,0.7321033477783203,2
置守家五家,0.7197999954223633,1,0.7082615494728088,3,0.6727656722068787,13
出家之人何宜多過,0.6927140951156616,3,0.6747667193412781,1,0.65948086977005,2
成於私家,0.6462034583091736,9,0.6421928405761719,8,0.6018958687782288,14
國家無事,0.6458238363265991,9,0.6419384479522705,2,0.6318507790565491,7
況出家人也,0.6423029899597168,9,0.6402270197868347,2,0.6399353742599487,3
告子家駒曰,0.7433368563652039,16,0.7014060020446777,9,0.6940569877624512,8
公主滿家,0.6565824747085571,8,0.645625114440918,14,0.6259810328483582,5
家語,0.4852549135684967,8,0.4679521322250366,14,0.46481043100357056,15
青山有心路猶踰心在琴書自憶家醉別虔樓山色濁夜歸蕭寺月光斜落帆露濕回塘柳開浣風驚濁地花他日此恩頃報得莫言空愛舊姻霞,0.6383573412895203,8,0.6183837056159973,16,0.6163504123687744,6
陌上贈美人駿馬驕行踏落花垂鞭直拂五雲車美人一笑褰珠箔遥指紅樓是妾家,0.6710865497589111,8,0.639974057674408,5,0.6346434950828552,4
亦有九萬九千人出家為道,0.6696078181266785,3,0.6580973267555237,2,0.6394645571708679,1
百家群史,0.6808898448944092,7,0.6805199980735779,9,0.6761121153831482,1
然後敢歸家,0.6094461679458618,8,0.5994694828987122,16,0.5979043245315552,9
則家國並化,0.654832661151886,9,0.6500971913337708,16,0.6389471292495728,8
先至他施家生己家想,0.7608658671379089,1,0.7549038529396057,3,0.7216854095458984,13
稀果收拾不可遲嶺北梁可構寒魚下清綺既非公家用且復還其私從容進退閒無凶不合宜時有利不利雖賢欲英為但當勵前操富貴非公誰送高鬧上人序,0.7225858569145203,8,0.6871851086616516,9,0.6590172648429871,16
家僮數四,0.4723825454711914,8,0.46130871772766113,16,0.4471413791179657,15
其李宓忘國家大計,0.6870709657669067,3,0.6818495392799377,1,0.6697163581848145,2
祖興自出家絹二百餘匹,0.6706333160400391,9,0.6685536503791809,16,0.6645456552505493,8
三晡未醉莫還家,0.6155550479888916,8,0.5949382781982422,4,0.5949311852455139,5
將以歸家,0.6263206005096436,3,0.6253345012664795,2,0.6042062640190125,4
月出西南露氣秋綺羅河漢在斜溝楊家繍作鴛鴦幔張氏金為翡翠鈎香燭有花妨𪧐燕畫屏無睡待牽牛萬家砧杵三篙水一夕橫塘似舊遊偶遊,0.7735887169837952,14,0.766201913356781,8,0.7376155853271484,9
固知國家唯藉臣佐及百姓,0.7356854677200317,3,0.7129712104797363,1,0.6802942156791687,2
張日升年十七遇兵被虜從棘隙逃歸得文星狄爐中解衣為燥川舊死歸葬家盡毀以來餘羅稀作被抱兩物弟風臥忍鑄推倉寶一口一,0.7216811776161194,5,0.7129971385002136,2,0.7121923565864563,4
百乘之家,0.6611220240592957,4,0.6594698429107666,9,0.6281020641326904,2
吳世家,0.6038331389427185,1,0.5981954336166382,14,0.5924996137619019,7
據二家之義,0.7665064930915833,9,0.697380781173706,13,0.6803097724914551,12
一家則一人也,0.7604058980941772,1,0.7574703693389893,9,0.7467778921127319,13
其國家,0.5981167554855347,4,0.5677525401115417,2,0.5536215305328369,16
皆令移其家以實都邑,0.759491503238678,3,0.7458064556121826,2,0.7456666231155396,4
征旅擇家而息,0.6978189945220947,2,0.6933593153953552,8,0.6910986304283142,4
吾少好百家之言,0.6528704762458801,13,0.645350992679596,9,0.6440033316612244,7
若使家家奉戒,0.7450760006904602,1,0.739849865436554,3,0.7261845469474792,2
九家易,0.73799067735672,9,0.722927987575531,13,0.6702471971511841,8
其父母之家,0.6698084473609924,4,0.634760320186615,5,0.6174898743629456,9
以時登其夫家眾寡六畜,0.7595203518867493,1,0.7516065239906311,3,0.704862117767334,2
家貧不足以自活,0.6163316965103149,16,0.6011070013046265,8,0.5819116234779358,9
魏世家雲會臨晉,0.6536712646484375,9,0.6338220238685608,7,0.6298844814300537,14
兄可往其家,0.6305084228515625,16,0.6274592876434326,3,0.6253761649131775,4
有家人卦,0.5682587027549744,16,0.5597628951072693,9,0.5542791485786438,4
王家同族犯淫罪者,0.7712737321853638,14,0.7670525312423706,1,0.7563455104827881,9
家謂卿大夫,0.5731428265571594,8,0.5652279853820801,9,0.5420012474060059,16
大將之家,0.7039300799369812,4,0.6866239309310913,9,0.6751954555511475,8
世家,0.6191818714141846,1,0.5938799381256104,14,0.5814842581748962,9
誠以為國家有急,0.6693094968795776,3,0.6591504812240601,1,0.652550458908081,2
詩家律手在成都權與尋常將相殊剪截五言兼用鉞陶鈞六義别開鑪驚人巻軸須知有隨事文章不道無篇數雖同光價異十魚目換十驪珠,0.7514156699180603,7,0.7259319424629211,9,0.6964268684387207,8
暹憂國如家,0.6363897323608398,2,0.614234209060669,8,0.6039283871650696,5
無過家一人,0.7162367105484009,8,0.71241295337677,9,0.690832793712616,4
國家殷富,0.6613500118255615,1,0.6600682735443115,7,0.6518839597702026,3
蠲其家口,0.6920849680900574,4,0.6817111372947693,16,0.6615968346595764,9
家口即絞斬及配沒入官為奴婢等,0.5623408555984497,8,0.5488810539245605,16,0.5418713688850403,15
家之主,0.6124122738838196,9,0.6034384369850159,8,0.5818419456481934,16
乃周家得天下之吉祥,0.7173635363578796,1,0.7153216004371643,14,0.6963181495666504,9
昔歲為邦初末識今朝休沐始相親移家水基貧依靜種抑風震欲占春詩思先邀鳥府客山情還訪白樓人登臨許作姻霞伴高在方袍間幅日,0.7233830690383911,8,0.6927969455718994,4,0.6890462636947632,2
覆亡國家,0.6243175268173218,8,0.6207384467124939,9,0.6175302863121033,13
而猶家無擔石,0.7239171266555786,8,0.7141655087471008,2,0.7089093327522278,9
并及五品已上家口坐,0.7002623081207275,9,0.6941909790039062,16,0.6814960837364197,3
取漢王家,0.655780017375946,8,0.6445527672767639,14,0.6430370807647705,9
卿之願也乃欲棄俗出家,0.5713865160942078,2,0.5657267570495605,9,0.5643673539161682,8
家聖羽,0.4349249303340912,9,0.42673882842063904,8,0.4165818393230438,16
即其家拜檢校左僕射,0.6500970721244812,3,0.648393988609314,9,0.6357627511024475,4
一家有罪而九家連舉發,0.7773221135139465,13,0.7730092406272888,1,0.7680597901344299,9
家事親相囑,0.5649459958076477,8,0.5456404685974121,9,0.5417265295982361,16
子家,0.6114795207977295,9,0.6079612374305725,8,0.6027105450630188,16
國家有法,0.6592891216278076,2,0.6537804007530212,13,0.651453971862793,9
三家之說,0.7208272218704224,9,0.6873409748077393,1,0.6795218586921692,12
系家及系本靈公名環,0.7490139603614807,8,0.7397862672805786,14,0.7321956157684326,9
聞君久臥在雲間為佐嫖姚未得還新結茆廬招隱逸獨騎驄馬入深山九靈洞口行應到五粒松枝醉亦攀明日珂聲出城去家僮不復掃柴闗,0.721805214881897,16,0.6909869909286499,8,0.6809993386268616,2
諸家之說皆非,0.7566357254981995,9,0.6804792881011963,13,0.6791761517524719,1
得千餘家,0.6722844243049622,9,0.6350479125976562,11,0.6283506155014038,2
唐竇家大陳公夫人豆盧氏,0.7311291098594666,14,0.6945804953575134,8,0.6693724989891052,9
且盧子家,0.6107003688812256,8,0.6016842722892761,9,0.5950402617454529,14
村邉紫荳花垂次岸上紅梨葉戰𥘉莫怪煙中重回首酒家青紵一行書,0.7441169619560242,8,0.6728896498680115,14,0.6717241406440735,9
謁豪家子,0.6553045511245728,8,0.652410626411438,9,0.6415372490882874,16
言若國家自以大義存誅絕之後,0.7027678489685059,3,0.6973217725753784,1,0.6804956197738647,2
金庭路指剡川隈珍重良朋自此來兩𩯫不堪悲歳月一巵猶得話塵埃家通曩分心空在丗逼橫流眼未開𥬇殺山隂雪中客等閑乗興又須迴,0.7030602097511292,8,0.6826629042625427,16,0.6689678430557251,9
每國家議吉凶大禮,0.6322476267814636,9,0.6195762157440186,8,0.6140522956848145,14
家在鞏縣亳丘,0.6427032351493835,4,0.5977244973182678,8,0.5966998934745789,16
我家仙翁愛清真,0.7168465852737427,1,0.6947913765907288,4,0.692955493927002,2
國家後禮則不立神州之祀,0.6366399526596069,9,0.6158866286277771,14,0.6053628325462341,3
下欲濟其家聲,0.7457743883132935,3,0.7421284914016724,1,0.725417971611023,2
為國家費,0.6758729219436646,2,0.6649783253669739,3,0.6560163497924805,7
毋過家一人,0.7254407405853271,8,0.7252810597419739,16,0.7034695744514465,14
子亢既見兄家謀殉葬非禮之事,0.6603149771690369,8,0.640291690826416,9,0.6352550387382507,16
老謂晏嬰家臣,0.6592464447021484,16,0.6406583786010742,9,0.6118379831314087,8
餘亦概嘗閱諸家方書,0.7928231358528137,9,0.7256028652191162,1,0.7134706974029541,10
以信出家不相尊敬,0.6940828561782837,3,0.6789880394935608,1,0.6542835831642151,2
家甚富厚,0.4457383155822754,9,0.43995463848114014,8,0.42279261350631714,16
家破時,0.44960659742355347,16,0.4409002363681793,8,0.4275873601436615,9
最後人中生富樂家財寶具足,0.7223238348960876,8,0.6933459639549255,2,0.6929599046707153,5
家內巨細,0.46198320388793945,8,0.4543500542640686,9,0.4494480490684509,16
補注三川不可到補注歸路晚山稠落鴈浮寒水飢烏集戍樓市朝今日異喪亂㡬時休逺愧梁江總還家尚黒頭,0.7202966809272766,5,0.7200886607170105,4,0.7088791728019714,2
五百家為黨,0.691685676574707,9,0.690743088722229,13,0.6635222434997559,11
謂周遍知其夫家六畜及田野之等,0.7677175998687744,1,0.7653282880783081,3,0.7304092049598694,2
袁家渴記,0.7639943957328796,14,0.7454877495765686,8,0.7399002313613892,9
不早還見室家,0.5665180683135986,8,0.5378997921943665,3,0.5362472534179688,9
漢家無事樂時邕羽獵年年出九重玉帛不朝金闕路旌旗長繞綵霞峯且貪原獸輕黃屋寜畏漁人犯白龍薄暮方歸長樂觀垂楊㡬處緑煙濃,0.6894732117652893,8,0.6889926791191101,9,0.6612322330474854,14
然國家至開元三十年,0.6386690139770508,9,0.6175400018692017,8,0.593184232711792,14
陳蕃家貧,0.7150519490242004,3,0.7024025321006775,1,0.6909323334693909,16
國家未定,0.6341240406036377,2,0.6269840598106384,9,0.6258338093757629,4
家人競來拔髮噴水,0.492987722158432,15,0.48902463912963867,16,0.4847956895828247,8
我子悉達本在家時,0.7941679358482361,3,0.7378815412521362,2,0.7327752113342285,1
零𨹧瀧下三十里得丹崖翁宅有唐節者曾為瀧水令去官家扵崖下自稱丹崖翁丹崖湘中水石之異者翁湘中得道之逸者愛其水石為之作銘曰,0.7329170107841492,8,0.6875882744789124,14,0.6631555557250977,16
瀟湘無事後征棹復嘔啞髙岫留斜照歸鴻背落霞魚殘沙岸草蝶寄洑流槎共說干戈苦汀洲減釣家,0.6601250767707825,8,0.5859953761100769,9,0.5643993020057678,14
家貧好學,0.5000922679901123,16,0.48670539259910583,9,0.48354625701904297,8
恐辱家門,0.7439768314361572,16,0.7070399522781372,3,0.6863123178482056,2
小功以下各還歸其家,0.6650500297546387,9,0.6216990351676941,14,0.6205430030822754,4
家開配天之業,0.45620906352996826,8,0.43262675404548645,9,0.41651755571365356,6
外父母家,0.6195418834686279,1,0.6191933751106262,9,0.6081116199493408,3
群臣有以家事坐罪者,0.7218990325927734,3,0.6788504123687744,16,0.6676681041717529,9
會聞胡家穿壙下墳有盤石,0.8007641434669495,14,0.7423204779624939,1,0.7364416122436523,8
家國遲子榮,0.47902625799179077,8,0.4644342064857483,15,0.46173912286758423,16
道家去名者,0.7065141797065735,9,0.6921823024749756,7,0.680681049823761,1
此是兵家詭道,0.7112686634063721,9,0.6652585864067078,8,0.6649048924446106,7
家國之所賴,0.4183765649795532,8,0.40289878845214844,16,0.40161657333374023,15
勸化家內共加勉勵,0.7408449649810791,16,0.7231864929199219,9,0.7156630754470825,3
大夫謀家事,0.7210835218429565,3,0.7133697867393494,2,0.7014774084091187,1
與豪家子升像之座,0.6782689690589905,8,0.6715918779373169,16,0.6702871322631836,9
德女問經一卷貧女少施獲弘報經一卷彌家女經一卷,0.696705162525177,8,0.6643661260604858,14,0.6466189622879028,16
奉和陸龜蒙謝府殷樓少暇時又拋清宴入書帷三千餘嵗上下古八十一家文字竒冷夢漢臯懐鹿隠靜憐烟島覺鴻離知君滿篋前朝事鳯諾龍奴借與窺,0.8000171184539795,9,0.7243452668190002,8,0.7173735499382019,13
從姬飲醫家,0.6303386092185974,9,0.5908151865005493,8,0.5896453261375427,7
屯戍於母家,0.6756288409233093,8,0.6407023668289185,9,0.6219685673713684,16
無家,0.6025424599647522,8,0.5505011081695557,15,0.548352062702179,16
降於真人楊羲之家,0.6637842059135437,9,0.6415058374404907,8,0.6203247904777527,4
吏家屬皆以禮娶,0.7416895031929016,16,0.7278496623039246,3,0.7171674370765686,9
在客憂家,0.5882365703582764,8,0.5851993560791016,9,0.5455880761146545,16
手裏一杯滿心中百事休春應唯仰醉老更不禁愁弄水迴●尾尋花信馬頭眼看筋力減遊得且須遊題王家莊臨水柳亭,0.7113675475120544,14,0.6859102845191956,8,0.6786602139472961,9
戰家常體,0.6608926653862,9,0.6439328193664551,8,0.6356504559516907,7
蠶老繭成不庇身蜂飢蜜亂屬他人須知年老憂家者愁是一蟲虛苦亭,0.7240184545516968,8,0.7232354283332825,16,0.6942101120948792,5
起家祕書郎,0.650876522064209,9,0.6499610543251038,2,0.6430350542068481,16
能重室家之義,0.6854161620140076,9,0.6792664527893066,3,0.6607100367546082,8
野寺千家外閒行晩暫過炎氛臨水盡夕照傍林多境對知心妄人安覺政和繩牀搖麈尾佳趣滿滄波省中春暮酬嵩陽焦道士見招,0.6963859796524048,9,0.6875064373016357,8,0.6741676330566406,11
三夢出家比丘轉在於不凈坑塹之中,0.6990739703178406,3,0.6959253549575806,2,0.6820163726806641,4
妻家逼食,0.7063689827919006,8,0.7060931921005249,16,0.6934020519256592,3
即邀滿川過其家,0.6594167947769165,4,0.6526800990104675,5,0.6466631293296814,8
更見家家,0.7089533805847168,16,0.6869543194770813,9,0.6846045255661011,2
八曰邦家富而備器利,0.7123891115188599,3,0.696221113204956,1,0.6907501816749573,2
天下一家而已,0.7451164126396179,9,0.7188405990600586,13,0.7099930047988892,1
是以傳家述其私稱,0.728365421295166,9,0.7073326110839844,8,0.7012448906898499,16
文襄家倉頭蘭固成掌廚,0.7634732127189636,8,0.740016758441925,9,0.7224621176719666,16
立寺之後皆如家畜,0.7842900156974792,2,0.7503090500831604,3,0.7199234962463379,4
其家多持金錢賂王左右,0.7670242786407471,3,0.7663373947143555,1,0.7263121604919434,9
觀田家,0.6754088997840881,9,0.6618663668632507,1,0.6430837512016296,3
道州城北歐陽家去郭一里占姻霞主人雖朴甚有恩解留滿地紅桃花花成涯不須掃明朝更訪桃源老政成與足告即歸門前便是家山首八,0.7599403262138367,8,0.7337895631790161,14,0.72676020860672,9
集千家註杜工部詩集巻十三,0.6192227005958557,9,0.6158870458602905,8,0.60518479347229,11
胡始昌迎殯之于家,0.6456230878829956,16,0.6406677961349487,8,0.6285762190818787,9
歸家,0.6397542357444763,2,0.6260022521018982,4,0.6160985827445984,3
江頭日煖花又開江東行客心悠哉髙陽酒徒半凋落終南山色空崔嵬聖代也知無棄物侯門未必用非才滿船明月一竿竹家在五湖歸去來,0.6678293347358704,8,0.6397814750671387,5,0.6349542140960693,4
前陳百家書,0.6624040603637695,1,0.6338483691215515,9,0.6258669495582581,3
欽定四庫全書蒼要卷了禹三千門百九刁集彗集千家註杜工部文集卷二,0.6857268214225769,9,0.6745511889457703,8,0.6305978894233704,16
各獲道跡求索出家,0.6054337620735168,2,0.5931009650230408,9,0.5841560959815979,4
有司請徙乳母家室,0.7610912322998047,4,0.7365360260009766,16,0.7296332120895386,3
覽家世豪富,0.7522304654121399,3,0.7511879205703735,1,0.6960828900337219,2
猶言周家,0.6699746251106262,14,0.6687368154525757,9,0.6548292636871338,8
泥歸足燕家,0.7460119128227234,8,0.7044188976287842,4,0.6838749051094055,5
夙夜浚明有家,0.6306343674659729,8,0.6164698004722595,9,0.6042124032974243,5
一家非之,0.7595639228820801,9,0.7069986462593079,13,0.6880986094474792,8
汝家二小婢,0.7619122862815857,1,0.7440876960754395,3,0.6907857060432434,2
淮南節度使檢挍尚書右僕射趙郡李公家廟碑銘,0.7136596441268921,4,0.7056254744529724,1,0.6941686272621155,3
近代左右邦家,0.6673702597618103,7,0.6226550340652466,9,0.6185581088066101,8
為家為國,0.7060035467147827,2,0.6864524483680725,3,0.6860936880111694,4
正其家以及其鄉,0.7236025333404541,4,0.6952818632125854,5,0.692862331867218,9
自云倡家女,0.7336198687553406,16,0.7113800048828125,8,0.6864547729492188,9
但六鄉七萬五千家,0.6455281376838684,8,0.6386061906814575,11,0.6338937878608704,9
盡付酒家錢,0.7200027108192444,8,0.7094214558601379,9,0.6686705350875854,16
家素貧,0.5928542613983154,16,0.5724223852157593,8,0.5699500441551208,9
家兄聞此,0.7432449460029602,16,0.6517701148986816,9,0.638653576374054,8
知其家洛中,0.7606042623519897,4,0.7345489263534546,3,0.7161983847618103,2
仙家大忌,0.7118400931358337,8,0.6943100094795227,9,0.6896054148674011,14
朱家心知其季布也,0.717646598815918,8,0.7160578370094299,16,0.7079871892929077,9
閒場焉搔普長少樊日漠賢趾馬枚少王大溥我毀蠅畔戀闕那堪又憶家心請愁來惟財火川,0.7030444145202637,8,0.6884641051292419,16,0.6845221519470215,5
亦我國家常所尊事也,0.7067099213600159,3,0.6864691972732544,1,0.6810528039932251,9
其家大愕,0.6705713868141174,1,0.6681744456291199,9,0.6666887402534485,3
明日既是朱家墓日乞得過此奏聞可爾以不,0.7456672191619873,14,0.7236444354057312,8,0.7070006132125854,9
我勸出家輩,0.6750766634941101,3,0.6668408513069153,2,0.666589617729187,7
殺一家三人,0.802413821220398,1,0.7516895532608032,2,0.7507529854774475,3
五百家註昌黎文集卷一十,0.6344488859176636,9,0.612360954284668,11,0.6080704927444458,8
百家以上,0.7200448513031006,11,0.7044138312339783,9,0.6973946690559387,13
垂白蟲馮唐老清秋宋玉悲江喧長少睡樓圓獨移爛謝飄劓仲補無家病囷離惜縱扞回薛味許七哀,0.6906295418739319,2,0.6817685961723328,8,0.6588393449783325,16
而撫於家,0.5989664196968079,9,0.5799664258956909,16,0.5659179091453552,8
江深竹靜兩三家多事紅花映白花報答春光知有處應須美酒送生涯右三,0.7107687592506409,8,0.7049421072006226,9,0.6800982356071472,5
賜郎中令家,0.5924670696258545,8,0.5892466306686401,9,0.5665748715400696,16
家傳軒冕,0.4044804573059082,9,0.39305225014686584,8,0.364269495010376,14
應在人家井泥中得之,0.7782626748085022,8,0.7409492135047913,9,0.7357310652732849,1
送張二十參軍赴蜀州因呈楊五侍御好去張公子通家別恨添兩行秦樹直萬㸃蜀山尖御史新騘馬參軍舊紫髯皇華吾善處於汝定無嫌,0.6986813545227051,8,0.6745247840881348,5,0.6737799644470215,14
塞上如今無戰塵漢家公主出和親邑司猶屬宗卿寺冊號還同虜帳人九姓旗旛先引路一生衣服盡隨身氊城南望無廽日空見沙蓬水栁春寒食內宴,0.7745793461799622,14,0.7499727606773376,8,0.7326075434684753,9
魚數頭至女家,0.6058166027069092,8,0.6027565002441406,3,0.5948875546455383,7
其家購屍歸葬,0.753009557723999,1,0.7346608638763428,3,0.703237771987915,2
然國家之慮,0.660486102104187,2,0.6563718914985657,3,0.6425124406814575,1
此國家大業,0.6522070169448853,9,0.6332833170890808,7,0.6205576062202454,2
故言此家人之言也,0.7336035966873169,16,0.707755982875824,9,0.7031702995300293,8
如嘔家不可服建中湯,0.668161928653717,8,0.6271294355392456,9,0.6186103224754333,16
虞家質應三等,0.720760703086853,8,0.7106294631958008,16,0.6974021792411804,9
今去出家宜悉稱釋,0.680903434753418,3,0.6557509899139404,1,0.6476430296897888,2
趙獨安敢害將軍之家,0.6368149518966675,9,0.6202144622802734,5,0.6190671324729919,8
故戒諸侯無使獄官成私家於獄之兩辭,0.7163404226303101,8,0.6731549501419067,9,0.6579529047012329,2
如於敕條外有悉以家產助國,0.7485845685005188,3,0.7277449369430542,2,0.7187321186065674,1
際晚緑烟起入門芳樹深不才叨下客喜宴齒諸簮夜月仍携妓清風更在林彩毫揮露色銀燭動花隂自接通家好應知待士心向隅逢故識兹夕願披襟,0.7244167923927307,8,0.6727472543716431,16,0.6603238582611084,9
趙奉燕王母及家屬歸之燕,0.7443050742149353,1,0.7382269501686096,3,0.7185332179069519,2
長久而有家矣,0.7079161405563354,2,0.7064616084098816,4,0.7038084268569946,3
去家隨旅鴈㡬日到南荊行邁改郷邑苦辛淹晦明畏途在滛雨未暮息趨程窮木對秋館寒鵶愁古城迷津坐為客對酒黙含情感激念知巳匣中孤劍鳴,0.7035725712776184,8,0.6837337017059326,16,0.6663004755973816,4
志但在營私家,0.6713644862174988,9,0.6673514246940613,8,0.6216937899589539,13
謂以簡策書子名而藏之家之書府,0.7652354836463928,9,0.7377755045890808,8,0.7165268063545227,2
邦家有暉,0.7264358401298523,8,0.695241391658783,14,0.6861172914505005,9
餘家皆怪之,0.7859846949577332,9,0.721962571144104,8,0.7172557711601257,13
官家養蘆化成荻,0.7862953543663025,8,0.7485141754150391,9,0.7207069993019104,14
其家一生不敢食酒肉,0.781498372554779,1,0.7518805265426636,3,0.7221702337265015,9
家曰鶩,0.44635289907455444,8,0.44244086742401123,9,0.42321115732192993,6
國家將興,0.6200921535491943,9,0.6040324568748474,8,0.574298620223999,7
右七味擣篩以臘蜜和如彈丸大綘嚢盛繫臂男左女右家中置屋四角月朔望夜半中庭燒一丸忌生血物,0.8058014512062073,3,0.7756880521774292,1,0.7310068011283875,2
隋家令丞二人,0.6913735866546631,8,0.6639254093170166,9,0.6623654365539551,14
而家口籍沒,0.6900623440742493,16,0.6607277393341064,8,0.6561176180839539,14
妒妻不難破家,0.6319352388381958,8,0.6137784719467163,6,0.6133659482002258,16
與餘通家,0.6571775078773499,9,0.6278077363967896,8,0.6182750463485718,16
家無餘財,0.4352834224700928,8,0.4245564937591553,9,0.41129931807518005,16
韋曲花無楨家家慚殺人綠樽雖歸盡仆白髮好柴歸舂石魚釣衣破禮枕隴輒聃新何雌占叢林輒戴小烏巾,0.7168294191360474,1,0.7062169909477234,2,0.7042638063430786,3
故大賈畜家不得豪奪吾民矣,0.70002281665802,8,0.6512376666069031,9,0.6334852576255798,16
室家安寧,0.6941425800323486,8,0.65821772813797,9,0.6544541716575623,16
諸監臨之官娶所監臨女為妾者杖一百若為親屬娶者亦如之其在官非監臨者減一等女家不坐,0.6904243230819702,8,0.6405237317085266,17,0.6372499465942383,9
常行家人禮,0.6865130066871643,16,0.6773220896720886,9,0.6620393991470337,8
入呼家人,0.656846821308136,8,0.6387942433357239,14,0.6327295303344727,16
治國家者,0.7081425786018372,7,0.7029908895492554,3,0.6932332515716553,1
需家致宴揮霍,0.6991410255432129,8,0.6784319281578064,16,0.6770362257957458,9
惠覃家國,0.5887438058853149,8,0.5823994874954224,14,0.5795063972473145,16
家之嫡長,0.46211960911750793,9,0.44407349824905396,16,0.44043979048728943,8
謝家别墅最新竒山展屏風花夾籬曉月漸沈橋脚底晨光初照屋梁時臺頭有酒鶯呼客水面無塵風洗池除却吟詩兩閒客此中情狀更誰知,0.7620192766189575,14,0.7460797429084778,8,0.7008695602416992,16
有部民家富於財,0.702443540096283,8,0.7018166780471802,9,0.6962867975234985,2
覆敗吾家,0.7225727438926697,9,0.6868098974227905,13,0.6715071201324463,8
長安倡家女也,0.7129038572311401,8,0.6916723251342773,14,0.6787832379341125,16
用能保其國家,0.6193972229957581,4,0.6168757677078247,5,0.6014888286590576,2
表請出家,0.5971102118492126,9,0.5820606350898743,4,0.576799750328064,2
家令說是也,0.669037938117981,16,0.6330965161323547,9,0.621636688709259,8
蕙風杉露共泠泠三峽寒泉漱玉清君到南朝訪遺事柳家雙鎖舊知名,0.7232509255409241,8,0.7098729610443115,14,0.690711498260498,9
借問誰家地,0.7295565605163574,8,0.7192673087120056,4,0.7167127132415771,2
是出家人,0.6555691361427307,1,0.6491581797599792,3,0.6307799220085144,2
此經國家及宮室,0.7468317747116089,3,0.7457860708236694,1,0.699500560760498,2
保洛隨例封昌平縣薄家城鄉男一百戶,0.681584894657135,14,0.6644882559776306,8,0.6561224460601807,16
造其家,0.6580851674079895,4,0.6445220708847046,9,0.6295306086540222,5
陳渉系家,0.5598182678222656,9,0.5364118814468384,14,0.5139901638031006,4
家即縣也,0.7104964256286621,8,0.6830334663391113,16,0.6512525677680969,9
亦見國家不以非常之道禮之,0.6716063618659973,1,0.6707562804222107,3,0.6505261063575745,9
皆入京師貴人家矣,0.7706232666969299,3,0.7513933777809143,1,0.7290938496589661,2
舉家貞吉,0.6315162181854248,9,0.6181280612945557,16,0.6169907450675964,8
無用家為,0.7251262068748474,8,0.7223297953605652,17,0.7022168040275574,7
道家未有金剛師子護法善神,0.6968485713005066,1,0.6850171685218811,3,0.680420994758606,7
而家人不知,0.7089366316795349,16,0.6865198016166687,3,0.6613149642944336,2
彼家所生悉皆清凈,0.6827739477157593,13,0.6743726134300232,9,0.6628842949867249,1
唐代宗朝時元行仲為太常少卿時有人于古家中獲銅器似琵琶福圓獻干元公曰沮阮仲穿所造乃命下,0.7396208047866821,8,0.7233222126960754,3,0.7212763428688049,14
此吾家千里駒也,0.7480313777923584,9,0.7226376533508301,14,0.7109764218330383,4
田家無所有晚食遂為常萊剪工秋綠燎炊百日黃胡麻山楚樣楚豆野慶方始藤松皮脯新添杜若漿萬花圃酒疇羹葉發妻香鼓腹聊乘興字知逢世昌探藥,0.7979253530502319,8,0.7488972544670105,1,0.7463461756706238,3
故我周家至于今能受殷之王命,0.678550124168396,9,0.6770963668823242,1,0.6759158968925476,14
家甚貧罄,0.3895622491836548,8,0.3854205310344696,9,0.3794104754924774,16
徙而從者七千餘家,0.6140328049659729,9,0.5891178846359253,8,0.5713768005371094,11
將以歸家,0.6263206005096436,3,0.6253345012664795,2,0.6042062640190125,4
所辟皆取名家,0.6059668660163879,8,0.6047479510307312,9,0.5402162671089172,6
子家駒曰,0.7370805740356445,16,0.6872458457946777,9,0.6835846304893494,8
國家開正言之路,0.6831101179122925,1,0.6762967109680176,7,0.6721706390380859,3
入貢列諸生詩書業早成家承孔聖後身有魯儒名楚水通縈浦秦山擁漢京愛君方弱冠為賦少年行,0.6942167282104492,3,0.6913944482803345,4,0.6795722246170044,16
王屋有梓人女曰阿家,0.6726489663124084,8,0.6411474943161011,14,0.6234005093574524,16
有即渾家用,0.7240802645683289,8,0.7233706116676331,9,0.686164915561676,16
王能有家道,0.7156331539154053,16,0.7127666473388672,4,0.7046864628791809,9
國家雖有關中,0.6417938470840454,4,0.6404094099998474,2,0.6202166676521301,7
因家彭城,0.6620847582817078,4,0.6513915657997131,2,0.6398991346359253,3
家人遠涉困弊,0.4550986886024475,16,0.4534910023212433,8,0.4313771724700928,15
襲志散家財,0.6924072504043579,9,0.6646662950515747,1,0.6625603437423706,3
卒於家,0.5331809520721436,16,0.5106979608535767,2,0.5090582966804504,8
室家分離,0.6658173203468323,8,0.661520779132843,9,0.6389772295951843,3
漢家列侯尚公主,0.688639223575592,14,0.6862791180610657,9,0.6607710719108582,8
見一外道出家之人身披納衣,0.7021657824516296,3,0.6795964241027832,1,0.6619195938110352,2
若國家無事,0.7000871300697327,9,0.6892426609992981,13,0.6880249381065369,3
得之者令家富昌,0.7250101566314697,3,0.7240968942642212,2,0.7074546813964844,1
以此定我周家為王之功,0.7239564657211304,9,0.7096168398857117,14,0.707493782043457,1
去家道甚遠也,0.6937418580055237,8,0.6790533065795898,16,0.660208523273468,9
楚客耒成歌春風起綠渡嶺重寒不到海近壙偏多野戍桃柳發人家弱翠遇翻疑雌中好君間定如何,0.713919460773468,8,0.6734099388122559,2,0.6699808835983276,5
翼佐皇家,0.6814345717430115,8,0.678415060043335,9,0.6550788283348083,14
苦其家婦盧氏,0.7441545724868774,16,0.726945698261261,14,0.726694643497467,3
故注家合而明之,0.6633938550949097,8,0.6629863977432251,9,0.6265736222267151,16
以名家膺選,0.7311033606529236,7,0.6557406187057495,1,0.6552309989929199,3
不預出家無人流布,0.6498821377754211,3,0.6347779631614685,1,0.6310898661613464,2
天王使家父來求車,0.7637602686882019,16,0.7145278453826904,9,0.7072437405586243,8
無過家一人,0.7162367105484009,8,0.71241295337677,9,0.690832793712616,4
乾當主事之家,0.6880265474319458,8,0.6808014512062073,9,0.6673077344894409,4
細蹄得從軍清羸酬一黯羅徒滿目山水木離心暫別愁花老相思倚竹陰家貧無以養末可話抽簪,0.7244842052459717,3,0.708703339099884,16,0.7062592506408691,2
怨家煞人賊,0.7264958620071411,8,0.7094027400016785,16,0.6867306232452393,14
陵家尋致乏絕,0.7403072118759155,8,0.7027965784072876,14,0.6947364807128906,2
故以周家設官分職用人之法以誥群臣,0.7001899480819702,9,0.6988200545310974,14,0.6899694800376892,8
家無人力,0.6299235820770264,16,0.629895031452179,8,0.5860294699668884,15
實封者百餘家,0.7271177768707275,9,0.6901693344116211,11,0.6617926359176636,13
植于其家,0.6560816168785095,9,0.6542445421218872,4,0.647250771522522,3
克承於家,0.6556423902511597,9,0.6364062428474426,16,0.6237664818763733,8
其家親屬,0.6291494965553284,9,0.6210184097290039,16,0.6099460124969482,4
躁散郡丞同野客幽閑官合弦山家春風此戶十莖竹睨日東園沂樹花小臺吹醴嘗泠酒深爐敲夾炙新蔡能來盡日宮基否太守知情放晚衝,0.7456254959106445,8,0.6755695343017578,14,0.6684038043022156,9
族滅其家,0.6235526204109192,9,0.6230785846710205,1,0.6219714879989624,4
以家財給其用度,0.7670088410377502,3,0.7330712080001831,1,0.7239624261856079,2
北人悲去家,0.6305570006370544,4,0.6295446157455444,8,0.615251898765564,5
因家焉,0.6505756378173828,8,0.645452618598938,9,0.6393219828605652,16
爰歸得家,0.6660203337669373,8,0.6539401412010193,2,0.6492446064949036,16
為十家,0.7143704295158386,9,0.6742637157440186,13,0.6479533314704895,11
家於縉雲,0.5498069524765015,8,0.549368143081665,9,0.5476442575454712,16
以匡複皇家為辭,0.6978544592857361,3,0.6707252860069275,1,0.6693042516708374,9
加訓柳柳州家雖之贈,0.6862310767173767,9,0.6688709259033203,8,0.6531547904014587,16
難家既奉異道猜忌釋子,0.7845706343650818,8,0.719947338104248,9,0.718623161315918,16
共作生活家漸豐樂,0.7257789373397827,5,0.7226157188415527,8,0.6805309057235718,4
不若歸吾家,0.6794905066490173,8,0.6701107025146484,9,0.6587724089622498,4
尚有綈袍贈應憐范叔寒不知天下士猶作布衣看田家春望,0.7642644047737122,8,0.7181975841522217,9,0.7075634002685547,14
在家思念之深,0.7793818712234497,3,0.7206628322601318,2,0.7035794854164124,16
便是龍家雌雄語,0.7787929177284241,8,0.760499894618988,9,0.7368164658546448,14
說者多家,0.5902965068817139,9,0.5536199808120728,8,0.5354308485984802,13
五家為保,0.7934311628341675,9,0.7923057675361633,13,0.7457876205444336,8
私家之富過於三子,0.7066900134086609,1,0.6985452175140381,3,0.690637469291687,2
家國之事,0.5219347476959229,16,0.5143741369247437,8,0.49991574883461,9
其孫數家即居於祖墓之北柏谷塢,0.7652282118797302,9,0.759483814239502,1,0.7377007603645325,12
為夫婦既悉出家為道,0.7484356760978699,3,0.7198182344436646,1,0.7194370627403259,2
紅霞一抹廣陵春宅工當年睡險新卻笑正墟隋惜輸破家匕國為誰人,0.7014725208282471,5,0.6959514617919922,8,0.6890155076980591,14
才叔家本,0.7021338939666748,8,0.6942171454429626,9,0.6935973167419434,14
其名王拓拔木彌請以千餘家歸化,0.7431082129478455,9,0.7373601198196411,2,0.7289355397224426,1
奉和次韻陸龜蒙共尋花思極飛騰病帶春寒去未能烟徑水涯多好鳥竹牀蒲椅但髙僧須知日富為神授祇有家貧免盜憎除卻書函圖籍外更将何事結良朋,0.7702000141143799,3,0.7591891884803772,2,0.7420018911361694,1
於是自其居家至王舍城,0.7566913962364197,3,0.7341915369033813,1,0.7339651584625244,4
遂廢於家,0.6270781755447388,9,0.5980433821678162,14,0.5975632071495056,8
人家生出英豪子,0.7513488531112671,1,0.6963234543800354,3,0.6870405673980713,9
歲幕蹇懷言輿卿二十口親老復家貧無事乾坤內虛為翰量澄成華南云後愁夢託來頻惆悵惜避柳依依又欲春,0.7935325503349304,3,0.7681669592857361,2,0.7670361399650574,1
寂一作家,0.7216991782188416,7,0.6029264330863953,8,0.5933552980422974,9
百乘之家,0.6611220240592957,4,0.6594698429107666,9,0.6281020641326904,2
有世家言,0.71328204870224,1,0.6896936297416687,3,0.6564440727233887,4
傳家事於長子,0.7511594891548157,3,0.745051920413971,1,0.7150857448577881,16
一家猶一人,0.7746647000312805,9,0.7198837399482727,13,0.7099496722221375,8
謂豪富之家收藏其穀故,0.7623120546340942,3,0.761820912361145,1,0.7500538229942322,2
后本非良家子,0.7266063094139099,9,0.7263367176055908,8,0.6878422498703003,14
命削職禁錮在家,0.6148130297660828,3,0.5852449536323547,2,0.5572307109832764,1
欲使人免蓋纏家登仁壽,0.6956480145454407,5,0.6805912852287292,8,0.6778692603111267,16
以示子家,0.5671209096908569,9,0.5591156482696533,8,0.5453269481658936,16
廣集諸家向有半世,0.7014164328575134,9,0.6799851059913635,3,0.6796661615371704,1
室家,0.661213755607605,8,0.6314107179641724,9,0.6217710971832275,17
重者族滅其家,0.6630843877792358,1,0.6616607904434204,9,0.655505359172821,4
心是身王身是宮君今居在我宮中是君家合君須愛何事論恩自說功,0.7337106466293335,8,0.7192277908325195,9,0.704108715057373,17
弟子某家大小,0.7587889432907104,9,0.703391969203949,13,0.6991855502128601,8
家有禎祥,0.6031181812286377,16,0.6019403338432312,8,0.5947352051734924,9
勢為國家之有,0.6595385670661926,3,0.6522531509399414,1,0.6464062929153442,2
白姒婦娣婦不以妾為姒鍾郝之禮灋孔命主家事順和諸娣姒皆畏莫敢侍使吾姒至此,0.6687131524085999,8,0.6671648621559143,14,0.6647291779518127,16
子與子家持之,0.7097324132919312,9,0.6926643252372742,8,0.6870962381362915,13
起家侍御中散,0.5949652194976807,3,0.5659219026565552,2,0.5636674761772156,9
家與其瀆也,0.5814078450202942,8,0.5525017976760864,15,0.5471604466438293,16
皇氏以為就喪家為位哭也,0.7856667637825012,3,0.7486753463745117,2,0.7265006303787231,1
家有黃羊,0.6324266195297241,8,0.6188117265701294,16,0.6028414964675903,9
州二千五百家也,0.7238177061080933,11,0.6889371275901794,9,0.6676552295684814,4
某家有一進士,0.757970929145813,1,0.7428429126739502,9,0.7309598326683044,3
語汝男女合家大小,0.7334387898445129,8,0.7243689894676208,9,0.7083523869514465,16
故吉則三家均吉,0.7970495820045471,9,0.784237265586853,13,0.7459859251976013,1
及還家省父,0.6851834654808044,3,0.6501307487487793,2,0.6456500887870789,4
至於公家羽儀,0.7198999524116516,9,0.6890772581100464,14,0.6889827847480774,8
故以中地之上家七人,0.7288737297058105,9,0.7012516260147095,13,0.6866493225097656,8
家語,0.4852549135684967,8,0.4679521322250366,14,0.46481043100357056,15
秋霖夜憶家攬舊聲揖翔府,0.6647350788116455,4,0.6644144058227539,5,0.6547010540962219,8
本家隴西人,0.696128785610199,1,0.6890276074409485,2,0.678895890712738,9
在延明家,0.6285374760627747,9,0.6131954193115234,8,0.5854992270469666,16
在家閭胥領一閭,0.7179173231124878,3,0.6897679567337036,2,0.6763678193092346,1
司空愛爾爾須知不信聽吟送鶴詩羽翮勢髙寧惜别稻粱恩厚莫愁飢夜棲少共雞爭樹曉浴先饒鳳占池穏上青雲勿囘顧的應勝在白家時,0.7068156599998474,8,0.6580641865730286,14,0.6513482332229614,9
以汁漬麴如家醞法,0.6444811820983887,8,0.6232845783233643,15,0.612507164478302,9
道家者流,0.7246372103691101,9,0.6900654435157776,7,0.6747704148292542,13
次有西域沙門曇摩流支棄家入道,0.6804024577140808,2,0.673709511756897,9,0.6725065112113953,8
家語不載,0.5822126269340515,16,0.5773608684539795,8,0.5633711814880371,15
匿於人家,0.6471933126449585,8,0.6453890204429626,17,0.6068417429924011,9
以為喪當家之寶,0.7254125475883484,3,0.7217408418655396,2,0.7216126918792725,1
保護家門,0.7111972570419312,16,0.6899718046188354,15,0.6784068942070007,5
五家文悖異,0.7264354228973389,9,0.6648446321487427,12,0.6637807488441467,13
其國家,0.5981167554855347,4,0.5677525401115417,2,0.5536215305328369,16
其家財貨多賜高肇及脩,0.7481251955032349,1,0.7420015335083008,3,0.697178304195404,9
長者室家大小五百人眾,0.7209651470184326,8,0.6717722415924072,9,0.6518515348434448,16
家無餘財,0.4352834224700928,8,0.4245564937591553,9,0.41129931807518005,16
起家秘書郎,0.668114423751831,9,0.6507088541984558,2,0.6402076482772827,16
家僮以殘毀免,0.5345505475997925,16,0.527498722076416,8,0.5135654211044312,9
引艾為淮南杜相公論西裁家,0.5739132761955261,9,0.5431047081947327,8,0.5330402255058289,7
以養公家之牛也,0.753391444683075,8,0.7222094535827637,1,0.7220836281776428,2
此固國家之珍,0.6436721086502075,2,0.6415922045707703,7,0.6376045942306519,1
嫁女之家,0.6767265796661377,8,0.6632363796234131,9,0.6559646129608154,4
臣因循家寵,0.6600644588470459,3,0.6559483408927917,16,0.6402255892753601,9
男彥瑋告劉誠之破家,0.6183557510375977,16,0.6147313714027405,6,0.6140487194061279,8
於夕晚之時歸治其家事,0.8059582710266113,3,0.783038854598999,1,0.7575984001159668,4
彼蓋是三家,0.6415162086486816,13,0.6381460428237915,9,0.6241638660430908,10
卒於家,0.5331809520721436,16,0.5106979608535767,2,0.5090582966804504,8
余雖家置一喙以自稱道,0.6893153786659241,16,0.6884973645210266,9,0.6805140972137451,3
如婿寄在妻家住偉堂按,0.7757881283760071,3,0.7705867290496826,1,0.7462512254714966,4
君不見昔時燕家重郭隗,0.7567257881164551,8,0.7503945827484131,9,0.7285438776016235,14
家訓歸心篇北齊光錄顏之推,0.4947845935821533,9,0.48900267481803894,8,0.4854365587234497,16
但國家設法,0.6961237788200378,2,0.6954157948493958,1,0.6872698664665222,3
管蔡世家第五,0.7047697305679321,1,0.6679719090461731,3,0.6670342683792114,14
生河東川澤及沙中人家牆壁下土中濕處十月取暴乾,0.7676700949668884,8,0.7267254590988159,14,0.7036617994308472,2
元家花,0.7373585104942322,14,0.7206793427467346,8,0.7042490839958191,16
便至陶家驢母腹中作子,0.764075756072998,8,0.737117350101471,14,0.6970090270042419,16
遣家人將欲埋之,0.7097206115722656,16,0.6843866109848022,3,0.6822586059570312,2
家國阽危,0.40897849202156067,15,0.38929006457328796,8,0.3875376582145691,6
或外家公主,0.676474392414093,9,0.6761576533317566,14,0.6385073661804199,8
若國家來取財,0.716102123260498,9,0.7134668231010437,13,0.7064817547798157,7
家在東都,0.44130778312683105,4,0.43480855226516724,16,0.4305705428123474,8
五百家注昌黎集,0.643814742565155,1,0.6232337951660156,12,0.62312251329422,2
二老男女見佛出家得道經一卷,0.6992622017860413,3,0.6941038966178894,2,0.6847879886627197,1
歸家,0.6397542357444763,2,0.6260022521018982,4,0.6160985827445984,3
國富家足,0.6686097383499146,8,0.6656671166419983,16,0.6530556082725525,9
齊王黃姬兄黃長卿家有酒召客,0.7368173599243164,3,0.721123218536377,8,0.7208348512649536,4
出宮人歸其家,0.6929391622543335,4,0.6916215419769287,9,0.6837805509567261,8
又按系家,0.6150163412094116,8,0.6096405386924744,9,0.607203483581543,4
睨靈譯贈鑿罷遺賢歸家若無江氏五色筆事祭河陽縣花,0.7509955167770386,2,0.726085901260376,4,0.7249215245246887,3
國家世祚,0.6244876384735107,9,0.6151386499404907,14,0.6128627061843872,1
自今逋謫之家及罪應質作,0.7262003421783447,2,0.7193371653556824,5,0.7131537199020386,4
豆遮婆羅門論議出家經一卷,0.624301552772522,2,0.6235396862030029,4,0.6215276718139648,9
憶年十五在江湄聞說平涼且半疑豈料殷勤洮水上卻將家信託袁師,0.7902469635009766,5,0.7883660793304443,4,0.7712664604187012,2
與流人數百家東保河陰之硤石,0.7381738424301147,9,0.6977232694625854,11,0.671839714050293,13
伺璟家有婚禮,0.7196059823036194,8,0.6975437998771667,9,0.6865992546081543,16
字子家,0.5224741697311401,16,0.5219242572784424,8,0.4980769455432892,7
吳世家,0.6038331389427185,1,0.5981954336166382,14,0.5924996137619019,7
九家集注杜詩巻二十五,0.7075474858283997,9,0.6326680183410645,8,0.6287994384765625,12
不見劉君來近逺門前兩度滿枝花朝來惆悵宣平過栁巷當頭第一家,0.6967422366142273,9,0.687177836894989,8,0.6761519908905029,11
晉家令有主簿,0.691181480884552,8,0.6892223358154297,9,0.665313720703125,14
是出家人,0.6555691361427307,1,0.6491581797599792,3,0.6307799220085144,2
獨不足以厚國家乎,0.6789236664772034,3,0.6631293892860413,1,0.6495949625968933,2
謂傳家事於長婦也,0.8023533821105957,3,0.7676791548728943,1,0.738119900226593,2
二百八十八萬家也,0.7346028685569763,11,0.7197300791740417,4,0.7172496914863586,9
罷職家食,0.5881434082984924,16,0.579865574836731,8,0.5593397617340088,9
誰家玉笛暗飛聲散入春風滿洛城此夜曲中聞折柳何人不起故園情,0.6680377125740051,1,0.6675060391426086,2,0.639134407043457,9
蔡子家曰,0.7079198360443115,8,0.6994743347167969,9,0.6789373159408569,14
在夫家有罪,0.7699555158615112,3,0.7484982013702393,1,0.7385497689247131,8
晉世家,0.5788988471031189,7,0.5735008120536804,1,0.5496000647544861,14
遂勘合家,0.5696222186088562,9,0.5421525239944458,8,0.5414963364601135,6
凡家之衣帛,0.7377553582191467,3,0.722682774066925,2,0.7075572609901428,1
家人未忍殯斂,0.5567510724067688,16,0.5195111036300659,8,0.5140125155448914,9
高皇帝家在豐中陽里,0.7913384437561035,4,0.779347836971283,3,0.7591335773468018,1
釜靈稟佩馴闔官瓣關瓜闔議曰開甲燈旦籍雕睡雕欄吸禁書費卯之類秋家不應宥者是名杞禁之物披此俱醴盞賊以下並沒宮,0.7838993072509766,8,0.7323337197303772,9,0.732169508934021,13
家無餘財,0.4352834224700928,8,0.4245564937591553,9,0.41129931807518005,16
掌皇后太子家,0.5990123152732849,9,0.58521968126297,8,0.5722243785858154,17
道家之書偽妄自昔,0.7140083909034729,1,0.7098392248153687,7,0.7049187421798706,9
家宗人亦保之可知,0.7198803424835205,9,0.6997690796852112,16,0.6644891500473022,8
家臣,0.4302409887313843,16,0.42839497327804565,9,0.4026419520378113,8
坐中客家在鄴者,0.7625494003295898,8,0.7576726078987122,14,0.7109400629997253,9
袁家故為有人,0.7744758725166321,9,0.7631808519363403,14,0.7561755776405334,8
度多來其家,0.60682213306427,4,0.5843174457550049,3,0.5800511240959167,9
閭二十五家,0.7109332084655762,9,0.6778200268745422,8,0.6764423847198486,11
鄒三家皆無音,0.8057193160057068,9,0.7747038006782532,1,0.7487472295761108,12
以大抵九者各為萬家解之,0.6957188844680786,9,0.6929216980934143,8,0.6601531505584717,13
傾覆國家也,0.652557373046875,4,0.6481113433837891,13,0.6472002863883972,2
君知妾有夫贈妾𩀱明珠感君纒綿意繋在紅羅●妾家高樓連𫟍起良人執㦸明光裏知君用心如日月事夫誓擬同生死還君明珠𩀱淚垂何不相逢未嫁時,0.7375888228416443,8,0.7238784432411194,3,0.7238460183143616,2
不復往彼家拜也,0.7442361116409302,9,0.7352625131607056,8,0.7262038588523865,3
其家不識,0.7437182664871216,1,0.7340688109397888,3,0.7312255501747131,4
國家多難,0.6859046220779419,2,0.6731013059616089,3,0.6728639602661133,1
豈成一家之說,0.7618650197982788,9,0.7318617105484009,1,0.7158628106117249,10
二出家戒,0.6290676593780518,3,0.626600980758667,1,0.6112797856330872,2
不家在於京師,0.6933227181434631,8,0.6743373274803162,9,0.6571348905563354,11
而望家國治者否矣,0.6887754797935486,2,0.6699612736701965,9,0.6677203178405762,3
綺縠猶侈於豪家,0.6201766729354858,8,0.5973564386367798,9,0.5659596920013428,14
吾家保於喪,0.7261639833450317,2,0.7257302403450012,4,0.7189841866493225,9
金城坊有人家為胡所劫者,0.7352404594421387,8,0.7164395451545715,9,0.7040063738822937,14
多託疾居家,0.7118352055549622,3,0.6727137565612793,2,0.6521570086479187,1
田家秋作苦,0.7950765490531921,8,0.7538701891899109,14,0.7434273362159729,9
漢家天子馳駟馬,0.7265828847885132,9,0.714279055595398,14,0.7003939747810364,8
我家寄東魯,0.7224816679954529,4,0.7158327102661133,8,0.6992074251174927,5
故殷家得治理也,0.7221095561981201,8,0.714544951915741,9,0.6875548362731934,14
恐滅家,0.6145020723342896,9,0.6090697646141052,8,0.5970101356506348,6
正謂以此善道施於室家之內,0.7720838785171509,8,0.7132486701011658,9,0.7007296085357666,16
此後不可更亂入人家也,0.7505306601524353,8,0.7393355369567871,1,0.7330325841903687,9
乳母家子孫奴從者橫暴長安中,0.7264044880867004,8,0.7202696204185486,9,0.6840717196464539,16
噀雪噴霜滿碧虛王孫公子翫相呼從來天匠為輪足自是人心此夜餘靜入萬家危露滴清埋衆象呌鴻孤坐來惟覺情無極何況三湘與五湖,0.7392235994338989,9,0.716986358165741,2,0.6843713521957397,1
魏帝遣舍人石長宣就家勞問,0.6986266374588013,3,0.6838357448577881,16,0.68367600440979,9
吳太伯世家正義,0.733893632888794,1,0.7052951455116272,14,0.6993163824081421,3
必族其家,0.6637662649154663,4,0.6528334617614746,9,0.6495203971862793,14
宜爾室家,0.6765900254249573,8,0.6633184552192688,9,0.650740385055542,14
大夫士家,0.6745505928993225,8,0.6439999341964722,14,0.6397217512130737,9
則女之家遣人致之,0.7329452633857727,8,0.7165499925613403,2,0.7158275246620178,3
家風本鉅儒吏睡化雙鳧啟事才方惟鹽人政自珠地雄韓上蠶秩比固中郡拜首舂郊夕頤盃莫向惆,0.6162663102149963,8,0.5958542823791504,16,0.586884081363678,9
輿地圖漢家所畫,0.7035241723060608,8,0.6967496275901794,9,0.6516883969306946,14
以良家子鎮武川,0.6798428893089294,9,0.656245231628418,8,0.642708420753479,16
崧慮國家威舉,0.6662012338638306,2,0.6627532839775085,3,0.6591352820396423,9
不原於大家,0.6253908276557922,8,0.602484941482544,9,0.5831940174102783,16
田家酒應熟,0.8023666739463806,8,0.7734402418136597,14,0.7555526494979858,9
欲使家家悉解,0.7087226510047913,16,0.6864751577377319,9,0.6863046884536743,2
治家邑如諸侯,0.7100129723548889,3,0.6938523650169373,4,0.6929537653923035,2
倏忽復至其家,0.664581298828125,4,0.6545090079307556,8,0.6537058353424072,9
積不善之家必有餘殃,0.6821755170822144,8,0.6720112562179565,9,0.6611524820327759,5
後出家為尼,0.7184410691261292,3,0.6929725408554077,1,0.6815305352210999,2
太常先帝陵每陵食監丞宗正諸公主每主家丞少府鉤盾丞永安丞鴻臚大行治禮郎廩犧令丞楫櫂丞右扶風,0.5749481320381165,8,0.5648170113563538,16,0.554553210735321,15
家在雙峰蘭若邊一聲秋磬發孤煙山違極浦烏飛盡月上青林人未眠,0.542310357093811,8,0.49736487865448,6,0.48854443430900574,16
上酒家樓醉歌,0.7168358564376831,8,0.7050870656967163,1,0.7041965126991272,7
博通百家,0.6044757962226868,11,0.5972743034362793,13,0.5966469645500183,9
某等雖預出家,0.5849707722663879,3,0.561657726764679,1,0.5602916479110718,2
將鱉歸家,0.700935959815979,4,0.6882944107055664,8,0.6850652098655701,2
筋力年年減風光日日新退衙歸逼夜拜表出侵最何處臺無月誰家池不卷莫冒無勝地自是少閑人坐默推囚案行嫌引馬塵幾時辭府印卻作自由身,0.7255410552024841,2,0.7049445509910583,4,0.700987696647644,8
仙尉趙家玉,0.7020663619041443,14,0.6870570182800293,16,0.672538161277771,9
醫韓宗紹等四家詔府窮竟,0.7878425717353821,9,0.730735719203949,11,0.7283845543861389,12
我昔東海上勞山飡紫霞親見安期公食棗大如𤓰中年謁漢主不愜還歸家朱顔謝春暉白髪見生涯所期就金液飛歩登雲車願隨夫子天壇上閒與仙人掃落花,0.7044381499290466,4,0.6921689510345459,2,0.6770119071006775,5
鄭子家卒,0.643774688243866,8,0.6173036694526672,9,0.6105559468269348,14
佛為難陀說出家入胎經二卷,0.6775268912315369,2,0.6580936312675476,3,0.6518858075141907,4
家族眾而得寧者,0.6197817325592041,8,0.6100689768791199,9,0.6095829606056213,16
今其存者殆六七家,0.5716047286987305,9,0.560944676399231,11,0.5584446787834167,8
家門厚重意,0.5314599871635437,8,0.5202001333236694,15,0.5166587233543396,6
欲得出家,0.6315159201622009,3,0.6244500279426575,1,0.6077758073806763,2
韓侯屍其族而籍其家,0.6830546855926514,4,0.6753254532814026,1,0.6588234305381775,3
我自是往之女家,0.5439537763595581,8,0.5339853167533875,17,0.5274184346199036,9
駿在家聞之,0.7205785512924194,3,0.6916601657867432,16,0.6830868124961853,9
朋淫於家,0.6288833022117615,8,0.6125656366348267,9,0.6002475619316101,16
既外成於夫家,0.6056417226791382,8,0.604557454586029,9,0.5781964659690857,16
霜紅二林葉風白九江波暝色投煙鳥秋聲帶雨荷馬閒無處出門冷少人過鹵莽還鄉夢依稀望闕歌共思除醉外無計奈愁何試問陶家酒新芻得幾多,0.736706018447876,8,0.6903573274612427,14,0.6747568249702454,9
所以於國於家遺之如脫屣,0.7632169127464294,3,0.7499473690986633,2,0.7301732301712036,1
欽定四庫全書蒼要卷畜曹享七百九十言部五百家註昌黎文集巷八宋魏仲舉編聯句,0.6827496886253357,9,0.6626720428466797,7,0.6530646085739136,8
本兵家子,0.6645647287368774,9,0.6334614157676697,8,0.6232346296310425,16
上地之下家八人,0.7228893637657166,9,0.7006228566169739,1,0.6972050666809082,3
魯系家云宋武公之代,0.6691201329231262,9,0.6604046821594238,14,0.62301105260849,16
李特祖將五百家歸之,0.732782244682312,9,0.732530951499939,11,0.7146072387695312,2
家無書,0.5405874252319336,8,0.5357300043106079,9,0.5355756878852844,16
劉裕國家故事決於口筆,0.7055913805961609,9,0.6803507804870605,3,0.679227888584137,1
民家兒亦平愈焉,0.7585441470146179,8,0.7384669184684753,1,0.7364941239356995,16
權在外家,0.6554957032203674,9,0.6203046441078186,8,0.5982041954994202,17
今冬臘候不嚴凝暖霧溫風氣上騰山腳晦中纔有雪江流慢處亦無永欲將何藥防春臺只有元家金石凌,0.7729806900024414,8,0.7384283542633057,14,0.7368159294128418,9
冠蓋閒居少簞瓢陋巷深稱家開户牖量力置園林儉薄身都慣營為力不任飢烹一斤肉暖臥兩重衾尊有陶潛酒囊無陸賈金莫嫌貧活計更富即勞心,0.7095341086387634,2,0.7045418620109558,3,0.702204167842865,5
百家為族黨,0.7082347273826599,13,0.7005289793014526,9,0.6714872717857361,11
以親老家貧,0.6930509805679321,3,0.6885738968849182,1,0.6770135760307312,16
家中事無巨細,0.4179769456386566,8,0.39566245675086975,6,0.391487717628479,15
惠子休矜學五車沛公方起斬長蛇六雄互欲吞諸國四海終湏作一家自古經綸成丗務暫時朱緑比朝霞人生心口冝相副莫使堯階草勢斜,0.774752140045166,9,0.7065351009368896,1,0.7053088545799255,12
棄家隨榮妻子與爾朱世隆等走出京城,0.7710976004600525,3,0.7424674034118652,1,0.7292877435684204,2
清廟尊乎國家,0.6230882406234741,14,0.6214127540588379,2,0.6203541159629822,7
塞虜乗秋下天兵出漢家將軍分虎竹戰士卧龍沙邊月隨弓影胡霜拂劔花玉闗殊未入少婦莫長嗟,0.7594429850578308,8,0.7286041975021362,14,0.7182633876800537,9
本家零落盡,0.6972953677177429,8,0.6791391372680664,9,0.655106246471405,16
人家謂之鵲喜,0.7683390378952026,8,0.7126975059509277,9,0.7076335549354553,14
云周家五世以後,0.7450594305992126,9,0.7099253535270691,14,0.7075720429420471,8
吾家有貴客,0.7735122442245483,3,0.7690257430076599,1,0.7379618883132935,4
佛家修福何如,0.7009657621383667,9,0.6957821249961853,8,0.694786548614502,1
家又貧窶,0.6526604890823364,16,0.6379700899124146,8,0.6206117868423462,9
國家設法,0.6556718349456787,13,0.6548416018486023,2,0.6355453133583069,9
汝今何故舍家來此山林之中,0.7077325582504272,2,0.6937620639801025,3,0.6722748279571533,4
以上牲祭於宗子之家,0.6987581849098206,8,0.6940109729766846,9,0.6768012642860413,4
公政入於家,0.6274720430374146,9,0.6173803806304932,3,0.6151383519172668,8
為國家者,0.7116731405258179,7,0.711580753326416,3,0.7103477716445923,2
孔子家語,0.6255543828010559,16,0.6139692068099976,9,0.6120436787605286,14
來沖家,0.6556183099746704,8,0.6105617880821228,9,0.6054561734199524,14
准陰陽家,0.6743791103363037,8,0.6692023873329163,9,0.6322296261787415,7
晉世家,0.5788988471031189,7,0.5735008120536804,1,0.5496000647544861,14
範君之仇魏齊在平原君之家,0.6285688877105713,4,0.6224575042724609,5,0.6091791391372681,8
君可且還家所欲屬寄,0.6937710642814636,2,0.6898717880249023,16,0.6879303455352783,3
世家,0.6191818714141846,1,0.5938799381256104,14,0.5814842581748962,9
摴蒲必破家,0.6668134331703186,9,0.6488644480705261,8,0.640901505947113,4
家徙合浦,0.539591372013092,8,0.5382122993469238,16,0.5345945954322815,14
夫家,0.6293686628341675,8,0.6192188858985901,1,0.6167411804199219,14
不使死家執之者,0.7311614751815796,8,0.6901851892471313,9,0.6879816651344299,13
蔀其家,0.6388680934906006,4,0.6080310344696045,9,0.591025173664093,14
相者髮似繚始作弄璋詩且有承家望誰論得力時莫興問日嘆猶勝七年邊我朱能忘喜君應不合悲嘉名稱道保乞姓號崔兄但恐持祁並蒸葭瓊樹披,0.6909554600715637,9,0.6826275587081909,16,0.6816176176071167,8
家令譏子道不盡,0.6017342209815979,8,0.5894458889961243,16,0.5744518637657166,9
以興女在父母之家,0.6656560301780701,8,0.6630694270133972,9,0.6560219526290894,4
容貌鄙陋家室富饒,0.7640165090560913,3,0.7175996899604797,1,0.6892328262329102,2
夜來歸來衝虎過山黒家中巳眠臥傍見北斗向江低仰看明星當空大庭前把燭嗔兩炬峽口驚猿聞一箇白頭老罷舞復歌杖藜不睡誰能那寄栢學士林居,0.7071909308433533,8,0.6565825343132019,5,0.6554479002952576,2
所以原憲之家黔婁之室,0.7164759039878845,4,0.698179304599762,9,0.6768292188644409,5
孔子世家第十七,0.7199955582618713,1,0.6816121339797974,3,0.6608873605728149,12
去國辭家謫異方中心自怪少憂傷為尋莊子知歸處認得無何是本鄉,0.7082746028900146,8,0.6986970901489258,16,0.6766636967658997,9
魯世家,0.5806373953819275,14,0.5756681561470032,1,0.561379611492157,9
咸備家人之禮,0.709391713142395,16,0.672434389591217,15,0.6689911484718323,9
兵家忌之,0.7043911218643188,9,0.6731118559837341,7,0.6673709750175476,8
送迎至家,0.6716544032096863,8,0.6505200266838074,9,0.6377359628677368,16
近來章奏小年詩一種成空盡可悲書得眼昏朱似碧用來心破髮如絲催身易老縁多事報主深恩在㡬時天遣兩家無嗣子欲將文集與它誰,0.8309125304222107,9,0.7490668892860413,13,0.7432593703269958,8
我宿五松下寂寥五所歡田家秋作苦鄰女夜譽襄跪進彫胡飯月光明稟盤令人慚漂丑曰許刁甫翳誓子虛賦注彫胡菰菜也,0.8105436563491821,8,0.7345635294914246,14,0.7276544570922852,9
亦書家之前流也,0.7466216087341309,7,0.737576961517334,9,0.679724931716919,8
慕先君家行及詩韻,0.6981052160263062,16,0.6926999688148499,8,0.6779007911682129,9
二稱家,0.6805593967437744,9,0.6692770719528198,8,0.6359841227531433,14
簿錄家產,0.6357813477516174,16,0.6319854259490967,9,0.618634819984436,8
董為名家,0.6561405062675476,7,0.6292040944099426,9,0.622449517250061,8
禍於家者亦有之,0.7636116147041321,3,0.7349616885185242,2,0.7271292209625244,16
不能正三家,0.6445910334587097,9,0.6233754754066467,13,0.5941581726074219,8
不獨入他家,0.623596727848053,9,0.6166132092475891,8,0.5824890732765198,14
據彼女家之母伯姬使某如何不淑者,0.7392306923866272,8,0.7277023792266846,9,0.7008047699928284,14
治國家,0.6285132169723511,7,0.6283804774284363,8,0.6282621026039124,9
忽於夜半天神扶擎遂騰寶馬踰城出家,0.6281343102455139,2,0.6070082783699036,3,0.5899152159690857,5
今得值我出家得道,0.6968026161193848,3,0.6673906445503235,1,0.664867103099823,2
去郭軒楹敞無村眺望賖澄江平少岸幽樹晩多花細雨魚兒出微風鷰子斜城中十萬户此地兩三家補注,0.7692005634307861,9,0.7503675818443298,11,0.7327367067337036,12
仙家卻有村,0.8133254051208496,8,0.7465614676475525,14,0.7438368201255798,2
青鹽烹茗石滄海寄家船雖得重吟歷絡難任意蹶權竦連寺柳風藥徹城泉途目紅御外來期巳杏殃洲,0.6884793043136597,16,0.6798427104949951,8,0.6662817597389221,2
子家,0.6114795207977295,9,0.6079612374305725,8,0.6027105450630188,16
少年出家,0.6100233793258667,3,0.5973888635635376,1,0.5844812393188477,2
以其就宗子家,0.5954188108444214,9,0.5669900178909302,8,0.5516451597213745,16
蒿里誰家地松門何代丘百年三萬日一別㡬千秋返照寒無影窮泉凍不流居然同物化何䖏欲藏舟,0.7421371340751648,2,0.7368065714836121,4,0.7238741517066956,12
家累千金,0.5596441626548767,8,0.543072521686554,16,0.5254359841346741,15
乃後入家,0.6686270236968994,3,0.6453819274902344,2,0.6444779634475708,9
晝坐家堂,0.7072486281394958,16,0.6850101947784424,8,0.6708504557609558,9
天火燒萬餘家,0.6543869376182556,9,0.6429529786109924,8,0.6322163939476013,11
詔御史中丞王僧孺改定百家譜,0.6688904762268066,9,0.6637532711029053,1,0.6477574110031128,2
承家,0.5736171007156372,9,0.5715829730033875,16,0.5591726303100586,8
其後複有數洲萬家,0.6151365041732788,9,0.6133388876914978,8,0.5890538692474365,11
所在折協萬里信國家之利器崇替之所由也穹今王化未被狐漢北河洛有借逆之醜誠覽英拔俊任賢之,0.7391605973243713,1,0.7305770516395569,3,0.6938926577568054,7
相克孝服喪家,0.6605792045593262,8,0.6116751432418823,16,0.5919897556304932,14
話於儒家者流,0.7146430611610413,1,0.7075288891792297,3,0.6991704702377319,7
國家之敗,0.6605110168457031,9,0.6526908874511719,13,0.6343060731887817,2
故怒笞不可偃於家,0.5899427533149719,8,0.5794039368629456,9,0.5703348517417908,16
少出家便克意苦節,0.710341215133667,3,0.6860268115997314,1,0.6680240631103516,2
自家刑國,0.6894304156303406,9,0.6856486797332764,13,0.6663963794708252,8
以十口之家計之,0.7792112231254578,3,0.7535276412963867,1,0.7302842140197754,2
老氏藏室道家蓬萊,0.7370432615280151,9,0.7248351573944092,7,0.710890531539917,8
當於奚官中奉養大家,0.5800876617431641,8,0.5732747316360474,9,0.5302016735076904,16
井邑傳巖上客亭雲霧間髙城眺落日極浦映蒼山岸火孤舟宿漁家夕鳥還寂寥天地暮心與廣川閒,0.754776656627655,8,0.663411021232605,5,0.6605178713798523,14
家人爭取其灰以擇金寶,0.44340115785598755,16,0.4365091025829315,8,0.4306811988353729,9
呂母家素豐貲產,0.7267767786979675,8,0.7152422070503235,9,0.7109774351119995,14
城有數千家,0.6182869672775269,9,0.5958666205406189,8,0.5957684516906738,11
在家男女惡門頌,0.7374148368835449,3,0.7364748120307922,8,0.718810498714447,16
中有大姓家子,0.7122405767440796,9,0.7038310766220093,8,0.6818596124649048,16
收錄家產,0.5862922072410583,9,0.5804685950279236,8,0.5763453245162964,16
自鄧析至秦時名家者,0.7328229546546936,7,0.6639665365219116,9,0.6588377952575684,1
水影沉魚器隣聲動緯車燕輕捎墜葉蜂懶臥燋花說史評諸例論兵判百家明時如不用歸去種桑麻其七,0.7094830870628357,9,0.682074248790741,13,0.6655153036117554,7
雲北是陽川人家洞壑連壇當星斗下樓拶翠㣲邉一半遙峯雨三條古井烟金庭如有路應到左神天鹿亭,0.7655808925628662,8,0.7295059561729431,14,0.712587296962738,9
攸家,0.6159063577651978,8,0.6142734289169312,9,0.5844542384147644,16
家本豪族,0.5770895481109619,9,0.571136474609375,16,0.556083083152771,8
醉入田家去行歌荒野中如何青草裏亦有割翮劍拂蹶對明鏡宛將衰鬢同微芳似相調鄙惻漸祠風贈近根處有白苴狀似人白頭數以蒿各,0.7792561054229736,8,0.6999974846839905,2,0.6855911016464233,14
家山照露寒,0.6555927991867065,8,0.6404806971549988,16,0.6106204986572266,15
此據都家之內,0.7252037525177002,9,0.6858564615249634,8,0.6627330780029297,13
此經有家邑,0.708426833152771,9,0.7010939121246338,16,0.700941801071167,4
野園煙裏自幽尋嫩甲香蕤引漸深行歇毎依鵶舅影挑頻時見䑕姑心凌風藹彩𥘉携籠帶露虚踈或貯襟欲助春盤還愛否不妨蕭灑似家林,0.7108327150344849,2,0.7074459791183472,8,0.680665910243988,5
家風不禁益,0.40350040793418884,8,0.3937104642391205,15,0.3920297622680664,6
若當家口分之外,0.6922785639762878,13,0.6700283288955688,9,0.6634991765022278,8
家人以藥杼投之於井,0.5261108875274658,8,0.5242621302604675,16,0.5086576342582703,9
雖有夏家,0.6853063702583313,9,0.6829121112823486,8,0.6721601486206055,14
集千家註杜工部詩集巻二,0.6252630949020386,9,0.6219002604484558,8,0.6129037141799927,11
國家之敗,0.6605110168457031,9,0.6526908874511719,13,0.6343060731887817,2
理官事則不營私家,0.5855216979980469,8,0.5516960024833679,9,0.5117987394332886,14
初出家為道懿弟子,0.6756439208984375,3,0.6717243194580078,1,0.6565480828285217,2
栁老香絲宛荷新鈿扇圓殘春深樹裏斜日小樓前醉遣收杯杓閒聴理管絃池邊更無事看補采蓮船家釀新●每嘗輒醉妻姪等勸令少飲因成長句以諭之,0.7740816473960876,8,0.7346927523612976,9,0.7142324447631836,7
以喻王位無常家也,0.6017724871635437,17,0.5806871652603149,8,0.5580872893333435,6
俱是國家臣妾,0.7134383916854858,9,0.7116797566413879,3,0.703976035118103,1
霜露悴百草時菊獨妍華物性有如此寒暑其奈何掇英泛濁醪日入㑹田家盡醉茅簷下一生豈在多燕集,0.7584108710289001,8,0.7005361914634705,16,0.6926282644271851,2
莫將心事厭長沙雲到何方不是家酒熟餔糟學漁父飯來開口似神鵶竹枝待鳯千莖直柳樹迎風一向斜總被天公霑雨露等頭成長盡生涯,0.7085862159729004,4,0.7059179544448853,2,0.699110746383667,8
家事不敢自專,0.45703038573265076,8,0.44950392842292786,15,0.43916746973991394,16
不待家教日見而自興行矣,0.7108026146888733,16,0.6806145906448364,8,0.6709714531898499,3
其餘家口並不須問,0.7234618663787842,16,0.6797098517417908,9,0.6789636611938477,8
室家君王,0.692787766456604,8,0.6858336925506592,9,0.6605926156044006,16
家語,0.4852549135684967,8,0.4679521322250366,14,0.46481043100357056,15
噬肅緇阻涓簡家園葛量目紹變為連唐段少卿酉陽雜俎前蕪卷之五,0.6970847249031067,14,0.6964794397354126,16,0.6840254664421082,8
以家邑之田任稍地,0.7410362958908081,3,0.7266804575920105,1,0.6793401837348938,2
病家惟依此用,0.673778772354126,8,0.6489465832710266,9,0.6180219054222107,2
赫赫誰龐肄其酒甚濃享可憐高恪職極目平升斗何意訝不售其家炙猛狗童子欲來沽狗綬便是定,0.7283674478530884,5,0.7272172570228577,4,0.7268758416175842,8
自甫出門去淚痕長滿衣家貧為容早路遠得書稀文卿剛刈賢姻陂義柯歸秋風正搖落孤展文南飛落床雁南窺涓栗妾得不曩也俠于之註審壤區雖不堪卒頃,0.7299419641494751,3,0.7090028524398804,2,0.7029982805252075,16
小謝輕埃日日飛城邊江上阻春暉雖愁野岸花房凍還得山家藥笋肥雙屐着頻看齒折敗裘披苦見毛稀比隣釣叟無塵事灑笠鳴簑夜半歸和襲美見寄韻,0.7520477175712585,8,0.6761347651481628,2,0.6691854596138,14
其民可用者家二人,0.6781108975410461,8,0.6290629506111145,16,0.6252626776695251,9
為國為家,0.6370440721511841,5,0.6314088106155396,4,0.6227771639823914,2
補注寒食江村路風花高下飛汀煙輕冉冉竹日淨暉暉田父要皆去鄰家鬧不違地偏相識盡雞犬亦忘歸,0.7582818865776062,1,0.7536628246307373,3,0.7289038896560669,8
清洛平分兩岸沙沙邊水色近人家隋朝古陌銅駐柳石氏荒源金谷花庭葉霜濃悲達客宮城日晚度寒禮未成歸計關河阻空望白雲鄉,0.7299790382385254,8,0.706396758556366,2,0.694552481174469,4
此國家之極盛也,0.6928281784057617,3,0.6926047801971436,1,0.6778703331947327,7
白玉誰家郎,0.696402370929718,14,0.6858646273612976,9,0.6825094223022461,8
家四海,0.4914487898349762,8,0.4668331444263458,9,0.4636331796646118,16
卿大夫之家也,0.7144352793693542,4,0.7110100984573364,3,0.7027257680892944,9
雲北是陽川人家洞壑連壇當星斗下樓拶翠㣲邊一半遙風雨三條古井烟金庭如有路應到左神天鹿亭,0.7551699876785278,8,0.7252934575080872,14,0.7076685428619385,9
成式家雇其紉針,0.731418251991272,8,0.7089688181877136,9,0.6786392331123352,16
補注苔徑臨江竹茅簷覆地花别來頻甲子歸到忽春華倚杖看孤石傾壺就淺沙逺鷗浮水靜輕燕受風斜世事雖多梗吾生亦有涯此身醒復醉乗興即歸家,0.6352432370185852,2,0.6240014433860779,8,0.6143870949745178,4
至如兩家升降二途修短,0.736227810382843,9,0.7359932661056519,13,0.7222809195518494,11
温湯水在縣南十五里擁以溉田其收數倍流經其家多凶,0.75519859790802,14,0.7527361512184143,4,0.7521660923957825,8
而道家服其枝莖,0.6912090182304382,7,0.6756290793418884,9,0.6724334955215454,1
商家自徙此而號曰殷,0.713805079460144,9,0.6935955882072449,1,0.6930264830589294,8
君家荷藕好,0.782093346118927,8,0.7746095657348633,14,0.7284151315689087,9
所謂始從出家終成正覺,0.6804383993148804,3,0.667644202709198,1,0.6652960777282715,2
起家二年秉國鈞,0.652417778968811,3,0.6415898203849792,1,0.6321412920951843,2
亦謂在家者,0.7752228379249573,3,0.7495424747467041,2,0.7260664105415344,16
是以身安而國家可保也,0.7047691941261292,3,0.6874808669090271,1,0.6797991991043091,2
不放殘年●到家●杯●更問生涯河隄徃徃人相送一曲晴川隔蓼花,0.6652280688285828,2,0.6632626056671143,4,0.6562984585762024,16
露員霞赤數千枝銀籠誰家寄所思秦苑飛禽諳熟早杜陵遊客恨來遲空看翠幄成隂日不見紅珠滿樹時盡日徘徊濃影下秖應重作釣魚期,0.7124384641647339,2,0.6985366940498352,8,0.684245765209198,4
朋家作仇,0.732661247253418,8,0.717258095741272,16,0.7072561383247375,13
伺其大家一切臥訖,0.6980077624320984,9,0.667495846748352,13,0.6654285788536072,1
言家族眾多,0.7133500576019287,3,0.7085985541343689,1,0.6925203204154968,12
五百婆羅門出家得道是也,0.7200326919555664,3,0.7028697729110718,2,0.6934444308280945,1
佛之化也依樹為家,0.6269705891609192,8,0.611632227897644,4,0.6062390208244324,5
主收除某家時行五毒溫疫氣病剖剔之鬼,0.769016444683075,9,0.736302375793457,8,0.7138487696647644,3
若在家者為轉輪聖王,0.7409861087799072,3,0.7384395003318787,2,0.7053972482681274,16
謂天下民家,0.671947717666626,8,0.6193224191665649,9,0.6049386858940125,17
此是誰家兒,0.7497129440307617,2,0.7494131922721863,4,0.7360317707061768,1
肖翹雖振羽戚促盡疑冰風助流還急烟遮㸃暫凝不須輕列宿纔可擬孤燈莫倚隋家事曾煩下詔徴蟬,0.6986117362976074,14,0.6930573582649231,8,0.6906208992004395,9
道家言,0.6780220866203308,7,0.6661473512649536,1,0.6589996814727783,9
驛吏引藤寶家僮開竹扉往時多暫住今咽是長歸眼下有衣食耳邊無是非不論書輿富飲水亦應肥,0.7384743094444275,16,0.7337466478347778,3,0.7156344056129456,8
王假有家,0.5895308256149292,8,0.5891121029853821,9,0.5808510780334473,4
祖禰廟在適子之家,0.6940276026725769,4,0.6912265419960022,14,0.6869533061981201,8
任曾逸家有一石井,0.7616967558860779,3,0.7490966320037842,1,0.710153341293335,9
百姓不可家至戶說,0.6943128108978271,8,0.6923689246177673,2,0.6725105047225952,16
泉落青山出白雲縈邨繞郭幾家分自從引作池中水深淺方圓一任君,0.7726029753684998,9,0.7418760061264038,8,0.709082305431366,11
家室至貧儉,0.3766857385635376,8,0.37037357687950134,16,0.3640119433403015,9
安鄉家則雖變俗易習,0.7886549830436707,8,0.7332218289375305,9,0.7297258377075195,14
天下有徙家,0.658751368522644,8,0.6114141941070557,9,0.6106549501419067,14
是此系家脫成公一代,0.7032836675643921,9,0.67461758852005,14,0.6473067402839661,8
去家千里,0.6702867150306702,8,0.6659635305404663,16,0.643986165523529,4
謂歸夫家也,0.7991089224815369,3,0.7633762359619141,2,0.7536999583244324,1
余曾至其家食,0.778324544429779,3,0.7691819667816162,4,0.7611444592475891,1
還家就養,0.7193451523780823,8,0.7147722840309143,4,0.7116070985794067,16
許男邾子系家,0.641942024230957,9,0.6172428727149963,14,0.5929744243621826,8
此卿家舊事也,0.7493180632591248,9,0.7327452898025513,8,0.7229712605476379,14
吾當隨後往詣其家,0.6913356184959412,9,0.6905839443206787,8,0.6702668070793152,4
我國家由禮立訓,0.6617671847343445,3,0.6545377373695374,5,0.6542268395423889,4
雪其家仇,0.6705963611602783,9,0.6495452523231506,16,0.6284886598587036,14
中地家六人,0.7433391809463501,9,0.706798791885376,8,0.6811044812202454,1
告子家懿伯,0.6902273297309875,16,0.6576452255249023,8,0.6479037404060364,9
韓世家云,0.6809037923812866,1,0.6558777689933777,7,0.6530564427375793,3
此園賜提婆一家足,0.8022273778915405,1,0.7597747445106506,9,0.75213223695755,2
夫家國之道,0.6257839202880859,2,0.6189444661140442,3,0.616265058517456,1
欽定四庫企書脊要暮畜釁千十八百集部五百家註昌黎文集卷十入宋魏仲舉編書,0.6989803910255432,9,0.6805431246757507,8,0.6722262501716614,11
可以為夫家之人,0.7515978813171387,8,0.7417694926261902,3,0.7360700964927673,14
家國喪亂,0.39186617732048035,8,0.3798897862434387,9,0.36975887417793274,16
汝當大遠求商家耇老成人之道,0.7304010391235352,8,0.7008672952651978,9,0.7002939581871033,7
相攜及田家,0.6935291290283203,8,0.6645868420600891,9,0.6475547552108765,14
則家國昌大李孔之教行焉,0.6676434874534607,16,0.6390732526779175,9,0.6201217174530029,14
候吏立沙際田家連竹溪楓林社日鼓茅屋午時雞雀噪晚禾地蝶飛秋草畦驛樓宮樹近疲馬再三嘶,0.8338393568992615,8,0.7722573280334473,14,0.7350336313247681,9
達於邦家,0.6636424660682678,8,0.6418943405151367,6,0.6418877840042114,9
吾棄家為僧,0.7621495723724365,2,0.760622501373291,3,0.7172272205352783,4
成于家室,0.6730451583862305,3,0.6701623797416687,16,0.6357269287109375,9
義兼家國,0.6963154673576355,9,0.6602082848548889,13,0.6576918363571167,16
萬二千五百家為遂,0.7369388937950134,9,0.7348701357841492,11,0.7015315890312195,8
保護家門,0.7111972570419312,16,0.6899718046188354,15,0.6784068942070007,5
歸於家,0.6760739088058472,2,0.6701956391334534,9,0.6669567823410034,3
出外成家之命,0.7319093942642212,3,0.7129892706871033,2,0.7091493010520935,1
不以室家之道於我,0.7084729671478271,8,0.6780151724815369,9,0.6594634652137756,3
世家,0.6191818714141846,1,0.5938799381256104,14,0.5814842581748962,9
國家與齊通好,0.6545276045799255,8,0.648428738117218,13,0.6379389762878418,9
報國承家,0.5955135822296143,16,0.5899679064750671,14,0.5886692404747009,8
共安治王家,0.6728662848472595,9,0.6554499864578247,14,0.6493645906448364,8
起家著作郎,0.6466642618179321,9,0.6290324926376343,2,0.6223106980323792,3
又陳山提家客楊子術有所援引,0.7549189925193787,9,0.738644540309906,14,0.7235767841339111,8
石家,0.6936588883399963,8,0.6689860224723816,14,0.6337581276893616,9
家所蓄晉,0.4248839318752289,8,0.42290493845939636,9,0.4014515280723572,6
故政在家,0.5919508934020996,16,0.5861488580703735,9,0.5828490257263184,3
代崔家送客,0.7803270220756531,8,0.7463516592979431,14,0.7452292442321777,9
家在荊州,0.6686752438545227,4,0.636388897895813,16,0.6259598731994629,8
今故誨示宜自洗浴卿已出家號曰道人,0.7348816990852356,3,0.7064117789268494,2,0.6806803345680237,1
吾寧為國家鬼,0.712220311164856,2,0.7058320045471191,3,0.6960606575012207,7
索隱田完系家云,0.689077615737915,9,0.6508707404136658,14,0.6494901776313782,16
愛國如家,0.5939927697181702,2,0.5765182971954346,5,0.5738856792449951,4
家語則無伯繚,0.42294618487358093,8,0.39927029609680176,9,0.39394548535346985,16
菩薩得此二見道時生如來家,0.4801897704601288,9,0.4709915220737457,8,0.46238937973976135,17
胥口即事六言二首皮日休波光杳杳不極霽景澹澹初斜黑蛱蝶粘蓮蕋紅蜻蜓褭蔆花鴛鴦一處兩處舴艋三家五家㑹把酒船偎荻共君作箇生涯,0.7573239207267761,9,0.7520207166671753,13,0.7504895925521851,14
每用質於酒家,0.5928624272346497,8,0.5734662413597107,9,0.5263122320175171,11
謂卿大夫為伐冰之家,0.6436367034912109,8,0.6120379567146301,9,0.5896236300468445,17
即卒官家無手卒孳肥勝致者仰部蒸嘉緯而不送考亦杖著,0.7549115419387817,8,0.724257230758667,9,0.7129791975021362,14
黑潭水深色如墨傳有神龍人不識潭上架屋官立祀龍不能神人神之豐水旱典疾渡鄉里皆舌龍薛篇家家養豚灑清酒朝祈暮蹇依巫口神之來兮風飄飄輔,0.7727089524269104,1,0.7480428814888,3,0.7314728498458862,2
八家皆私百畝,0.769896388053894,9,0.7432986497879028,1,0.7408978939056396,13
朗聞其家被誅也,0.7495620250701904,1,0.7493606209754944,3,0.7042002081871033,4
將為勢家所奪,0.735420823097229,9,0.7180696129798889,13,0.7128286957740784,8
河中城南姚家浴後題贈主人新畛振輕衣滿堂寒月色主人有美酒泛是曾相識,0.7677286863327026,8,0.7600696086883545,14,0.7309874296188354,9
令滿家數而立為塔,0.7283892631530762,13,0.7238083481788635,9,0.7205293774604797,2
瓊普集郡中有粟家,0.7031258344650269,8,0.6405124664306641,14,0.6387376189231873,9
家既若此,0.653095543384552,8,0.6275063157081604,16,0.6230359673500061,9
索隱家語字稱,0.7329753637313843,8,0.7266618609428406,9,0.7235528826713562,14
輒放一只至家,0.6579081416130066,8,0.6366398930549622,16,0.6330781579017639,9
如是怨家遍滿六道,0.7112740278244019,8,0.660086452960968,16,0.6465999484062195,9
午家臣,0.617586076259613,16,0.5967798829078674,9,0.5634667277336121,8
言風可惜淹多日家醜唯殘軟半瓶彌望君歸同一醉藍羿早晚入槐亭,0.7120466828346252,3,0.7059552073478699,16,0.7000870704650879,2
因其寧室家,0.5677960515022278,8,0.5574154257774353,9,0.5421566963195801,16
趙世家,0.5985360145568848,1,0.5677263736724854,7,0.5672589540481567,4
自笑走紅塵流年舊復新東風半夜嗣南國萬家春夫分飛共所壅翩勢讎風聲斷碧雲外影孤明月中青田歸路遠丹桂舊巢空矯翼如何處天涯不可窮免白,0.7400688529014587,9,0.6703289747238159,11,0.6651918292045593,14
家不從役,0.6025577187538147,8,0.601202666759491,16,0.5997145771980286,9
邦家和同,0.7407512068748474,8,0.7181705832481384,9,0.7023533582687378,16
不由喪家,0.6471966505050659,8,0.6237339973449707,16,0.6125530004501343,9
兒不負國家,0.6313353180885315,5,0.6246649622917175,4,0.6141160726547241,8
故漢家言律歷者,0.7140020132064819,9,0.6991257071495056,1,0.6866790056228638,3
植於家,0.6727923154830933,9,0.6611555814743042,8,0.6518433094024658,16
今但欲還家,0.5994362831115723,8,0.5991068482398987,16,0.5911877155303955,9
依其家,0.6286198496818542,4,0.6259775161743164,9,0.600979745388031,14
在家為母供養,0.7942485213279724,3,0.7481133341789246,1,0.7242180705070496,2
泉落青山出白雲縈村遭郭幾家分白從引作弛中水深淺方圓一任君,0.7605697512626648,9,0.7372411489486694,8,0.7060428857803345,11
恕爾家族,0.738908588886261,1,0.704241156578064,3,0.6819946765899658,12
謂公家供卿大夫之常膳,0.7279422283172607,3,0.7198012471199036,8,0.7070163488388062,1
又說家林盡,0.6099444031715393,8,0.6097165942192078,16,0.5952248573303223,9
家語,0.4852549135684967,8,0.4679521322250366,14,0.46481043100357056,15
家住洞湖水,0.6768700480461121,4,0.6705376505851746,8,0.644479513168335,16
越客不咸敦春風起淥波嶺重寒不到海近疆偏多野戌枕鄉發人家蒲翠過翻疑此中好君問定如何,0.7247324585914612,8,0.6892493963241577,2,0.6709423065185547,9
人家陷死,0.7171735763549805,1,0.7099277377128601,8,0.6968598365783691,17
終寢於家,0.6305460333824158,3,0.6142223477363586,2,0.5892155170440674,4
遂退托鄉閭家塾,0.7172869443893433,16,0.693850040435791,8,0.6859825253486633,9
親遇同家人之禮,0.6912782192230225,16,0.6903725862503052,3,0.6850926280021667,9
以消兩家之恩,0.8178672790527344,9,0.7645343542098999,13,0.7424666881561279,1
繼母亡前家子取喪柩去服議,0.7047662138938904,16,0.6487944722175598,8,0.645619809627533,9
市井數千家,0.7101951241493225,9,0.6960119605064392,8,0.6788799166679382,11
謂室家內外兄弟妻子共相戀慕,0.7503191232681274,3,0.730685293674469,1,0.725867509841919,8
一知其家諱,0.7619796991348267,4,0.7498685717582703,3,0.7482802867889404,1
行盡靑山到益州錦城樓下三江流杜家曾向此中住為到浣花谿水頭,0.7526147961616516,8,0.7379046082496643,14,0.717403769493103,9
小妹粗家,0.6485415697097778,8,0.6086456775665283,14,0.6052001118659973,16
去家十餘里,0.5883116126060486,16,0.5862566828727722,8,0.58428555727005,4
九家集注杜詩巻二十七宋郭知達編近體詩,0.7072176933288574,9,0.6452717781066895,8,0.6109943985939026,11
索隱家語同,0.6924349069595337,14,0.6883847117424011,9,0.6857519149780273,8
失位亡家之道也,0.729148805141449,3,0.696814775466919,1,0.6947503685951233,2
目笑走紅塵流年菑復新束風半夜雨南國禪家春決計拋漁艇何門化湘鱗是誰添歲月老邦暗投人牙垂,0.7085383534431458,7,0.7083552479743958,8,0.6913456320762634,14
卒於家,0.5331809520721436,16,0.5106979608535767,2,0.5090582966804504,8
楚驛南渡口夜深來客稀月明見潮上江靜覺鷗飛旅宿今已逺此行殊未歸離家久無信又聽搗寒衣送蠻客,0.7174552083015442,2,0.6873295307159424,3,0.6864058971405029,4
中家以上,0.7162374258041382,9,0.6935227513313293,13,0.6695365309715271,8
復更傾竭盡家財產復作大會,0.7423548698425293,3,0.7404078841209412,1,0.7162272334098816,2
炙竟藥熟食妙伴俱可勝家寬火證者宜之鳳仙花梗蓬禱一側弓采嫩頭洗淨加鹽少醴和粉作餅香美鳴易韓悼熟忤食,0.6901338696479797,8,0.674854040145874,9,0.6423553824424744,16
襄陽兵家子,0.6582847237586975,9,0.6504625082015991,8,0.6334987282752991,7
證六鄉七萬五千家,0.6601971983909607,11,0.647521436214447,9,0.6413639187812805,8
乞將還家,0.6453863382339478,3,0.6054626107215881,2,0.59391188621521,4
五家之儒,0.6356691122055054,9,0.6266604065895081,1,0.6260005235671997,12
質家親親,0.7682194709777832,8,0.6976596713066101,9,0.685059666633606,14
出家初●何方寺上國西明御水東却見舊房堦下樹别來二十一春風,0.6534045934677124,3,0.6342107057571411,2,0.6294564604759216,1
其家妻妾僕馬資產,0.7526229619979858,1,0.7430236339569092,3,0.7227570414543152,9
家苦貧,0.554180383682251,16,0.5482374429702759,8,0.5161631107330322,9
時節遇繁華隂隂千萬家巢禽命子戲園果墜枝斜寂寞孤飛蝶窺叢覓晚花,0.7224721908569336,4,0.7119572758674622,5,0.7077050805091858,8
著盡家中衣,0.7256597876548767,3,0.6942190527915955,2,0.6795681715011597,16
向聞嘉禾收藏家有原本,0.6946895122528076,7,0.663405179977417,8,0.6591174006462097,9
三人在家,0.635042667388916,16,0.6321629285812378,8,0.6251018643379211,9
負君家力已足,0.7227078676223755,9,0.7171587347984314,8,0.7111896872520447,16
其後以家貧,0.7550874352455139,3,0.7258215546607971,1,0.7081483602523804,2
就家拜授,0.7102488875389099,9,0.6939024329185486,16,0.6887091994285583,3
許明奴家人也,0.7017720341682434,9,0.6985094547271729,16,0.693541944026947,8
生江吏部羊廣州張吳興王車騎蕭吳興梁給事董越騎等家,0.5779756903648376,9,0.5594750046730042,8,0.5410869121551514,14
配生宋州單父縣丞王勤家,0.5469788908958435,8,0.510797381401062,14,0.5026537179946899,16
夜哭李夷道逝者絶影響空庭朝復昏家人哀臨畢夜鏁壽堂門無妻無子何人葬空見銘旌向月翻,0.7105273604393005,16,0.6977759599685669,8,0.6797486543655396,2
諸侯大臣亡國破家,0.6066007018089294,9,0.5954602360725403,8,0.5950611233711243,5
家復孝慈,0.5274321436882019,8,0.5268111824989319,16,0.5061635971069336,9
留與皇家鎮國家,0.6891123652458191,2,0.6848808526992798,8,0.6676548719406128,1
是最惡之家,0.657225489616394,9,0.6510143280029297,8,0.6212350726127625,5
預將書報家,0.6912728548049927,8,0.6823006868362427,7,0.6761370897293091,9
未敢有其家室,0.7273537516593933,3,0.7222241759300232,4,0.7177112102508545,1
餘家本住在天臺,0.7624511122703552,1,0.7370514869689941,9,0.7362840175628662,3
然僕家多怪,0.7630642652511597,8,0.7386271357536316,9,0.7065487504005432,3
國家丁口連四海,0.6325656771659851,4,0.6304838061332703,2,0.6214304566383362,11
舉家貞吉,0.6315162181854248,9,0.6181280612945557,16,0.6169907450675964,8
彼家生者,0.6816823482513428,13,0.6730924844741821,2,0.6726135611534119,8
赴北庭度隴思家,0.6043867468833923,8,0.5744054317474365,14,0.5705073475837708,16
是能存之為家,0.6158320903778076,9,0.6101019978523254,8,0.5796115398406982,6
庾信羅含俱有宅春來秋去作誰家短墻若在從殘草喬木如存可假花卜築應同蔣詡徑為園湏似邵平●比年病酒開涓滴弟勸兄酧何怨嗟,0.7304563522338867,2,0.7293771505355835,4,0.7224584817886353,8
草聖數行留壞壁木奴千樹屬隣家唯見里門通德牓殘陽寂寞出樵車,0.7579137086868286,8,0.7268569469451904,2,0.7076449990272522,5
忽驚睡樹新開屋卻似當著故種花可惜一年年紅似夾今春始得屬元家,0.6660094857215881,8,0.5956998467445374,17,0.5933297872543335,9
初家清齊間,0.6668800711631775,9,0.6214307546615601,8,0.608083963394165,11
兵馬悉他家物,0.7414396405220032,3,0.7335352897644043,1,0.7327148914337158,9
纔年七嵗便從師猶說辭家學佛遲新斸松蘿還不住愛尋雲水擬何之孤溪雪滿維舟夜疊嶂猿啼過寺時鳥道龍湫悉行後豈將飜譯負心期,0.7310649156570435,9,0.730826199054718,8,0.6811436414718628,16
制之令千家而為一國,0.7325327396392822,13,0.7145887017250061,9,0.692707359790802,2
吾家在宛陵,0.8091591000556946,4,0.7673399448394775,1,0.7663706541061401,3
見貴人家賓從眾盛,0.719276487827301,9,0.7179076075553894,8,0.6957595944404602,16
君不見漢家三葉從代至髙皇舊臣多冨貴天子垂衣方晏如廟堂拱手無餘議蒼生偃卧休征戰露臺百金以為費田舎老翁不出門洛陽少年莫論事,0.7234545946121216,9,0.7008458375930786,14,0.6859458088874817,8
家人大哭,0.3371954560279846,15,0.33264756202697754,16,0.32228222489356995,8
故於是卦為殷家著興衰之戒,0.7089083194732666,9,0.6835240721702576,14,0.6785522103309631,8
人家女美大須愁,0.7190241813659668,1,0.6775632500648499,10,0.6701354384422302,3
灑之者家室屋自壞殺十餘人,0.6829692125320435,2,0.6782573461532593,3,0.6630297303199768,8
吾家千里駒也,0.7218717932701111,1,0.7172479033470154,9,0.7070568203926086,4
懺悔家,0.634800374507904,7,0.6131943464279175,8,0.6091101765632629,9
故兵家以為忌,0.7226938605308533,9,0.6894799470901489,7,0.6710580587387085,1
西家縣赤索,0.6243503093719482,8,0.6092481017112732,14,0.5776078104972839,16
子家駒曰,0.7370805740356445,16,0.6872458457946777,9,0.6835846304893494,8
卷令施安上家,0.7129031419754028,9,0.6704663634300232,8,0.6651766896247864,16
雖跡背君親而心忠於家國,0.7280999422073364,3,0.7044578790664673,1,0.6868792176246643,2
家無故宅自陷下,0.5476564168930054,8,0.5317519903182983,16,0.5053299069404602,9
萬榮為家奴所殺,0.8218264579772949,16,0.7175278067588806,15,0.7138818502426147,3
求覓弟子某身及家口大小等,0.7294138669967651,16,0.7276850342750549,3,0.7177559733390808,2
九念家門隆盛,0.7123616933822632,9,0.6959459185600281,16,0.6833382248878479,2
西至一家,0.7113961577415466,9,0.6997291445732117,8,0.6826773285865784,11
其群眾滿百家以上,0.7483128309249878,11,0.7197223901748657,9,0.6818254590034485,13
索隱謂各隨其家爵秩之班次,0.7614277601242065,9,0.7390123605728149,1,0.7192910313606262,14
還家雖闕短,0.7001009583473206,3,0.6925009489059448,2,0.6799682378768921,4
臨江府署清閒坐復閒行苔蘚疎塵色梧桐出●聲漸除身外事暗作道家名更喜仙山近庭前藥自生,0.7399820685386658,9,0.7319826483726501,8,0.7204833030700684,7
家安在,0.5144773125648499,8,0.5041041374206543,16,0.49289968609809875,6
百千家似圍棊局十二街如種菜畦遥認㣲㣲入朝火一條星宿五門西,0.7496171593666077,9,0.7343717217445374,8,0.7170314788818359,4
哲呈恩家人惰於舂鋪自磨朱深若石昧哲甚惡之其年萃,0.737806499004364,16,0.7209516167640686,3,0.702515184879303,1
莫訝家居窄無嫌活計貧只縁無長物始得作閒人青竹單床簟烏紗獨幅巾其餘皆稱是亦足奉吾身宿香山寺酬廣陵牛相公見寄,0.7359526753425598,3,0.7242769598960876,2,0.7229769825935364,4
故應還本家,0.566328227519989,9,0.5434619188308716,8,0.5241875052452087,6
人家雖藏此方,0.7393051385879517,9,0.7365699410438538,8,0.7254760265350342,1
以觀國家之吉凶,0.7533457279205322,3,0.7486001253128052,1,0.7156598567962646,2
案出家功德經云,0.6392390131950378,2,0.6392275094985962,3,0.6354169845581055,1
皇家多難,0.704713761806488,9,0.691778838634491,8,0.6584641337394714,14
夫家之眾寡,0.7019637227058411,8,0.7003747820854187,9,0.686542809009552,16
方家時有用處,0.7542585730552673,8,0.718564510345459,9,0.7129382491111755,3
蓋出其家之意,0.7620728015899658,2,0.7507100105285645,3,0.7433952689170837,4
去來其家,0.6807667016983032,8,0.6791247725486755,9,0.6666810512542725,4
家人輩擁得,0.3722817003726959,8,0.35678452253341675,15,0.35322147607803345,9
國家殷富焉,0.7090795636177063,3,0.6998206973075867,1,0.6797261834144592,2
作衛世家第七,0.6825307607650757,9,0.6710470914840698,1,0.6665249466896057,4
家人悉出見之,0.6443572640419006,16,0.6012815833091736,9,0.5990177392959595,8
宦避三楚外家在五陵原凜夜多歸夢歆風滯故圉北書無違信高假獨傷網空青門別殷勤岐路言五呂和閻士和望池月會人,0.7102016806602478,8,0.6902461051940918,9,0.6757550239562988,4
送葬自平城達家,0.6262727379798889,9,0.6100088357925415,8,0.6091011762619019,16
大夫以下庶子祭其適殤於宗子之家,0.635071337223053,8,0.6289699673652649,9,0.6127014756202698,14
此唯每家出一人,0.8136396408081055,9,0.7638547420501709,13,0.7183011770248413,1
