義烏樓氏家乘序,0.7522721290588379,9,0.7102597951889038,14,0.6888644099235535,16
曰會通為法出家,0.5954282283782959,3,0.589887797832489,2,0.5858467817306519,9
蕭閒憶恆陽家山雲,0.7357409000396729,16,0.7311659455299377,8,0.7245878577232361,14
中原表表日星垂積善傳家泗水湄一瓣心香鄒國廟八分手筆嶧山碑檢身粹行言相應報國精忠孝可移千萬人中無一二庭闈偕老及期頥,0.6293238997459412,14,0.6245036125183105,5,0.6223312020301819,8
授徒于家者則有安氏祖孫,0.7684462666511536,3,0.7457048892974854,1,0.7405601143836975,9
籍沒其家,0.7005953192710876,1,0.6829248070716858,4,0.6828704476356506,3
一夜長淮浪拍船惡風疾雨不成眠家書寫得無人寄家在錢塘湖水邊,0.7218834161758423,3,0.7059064507484436,16,0.6879292726516724,2
宿齋似禪觀細語透邉中何必三家異將無一笑同茫茫癡證夢擾擾實談空嘗試觀川上江流萬古東狠石在鎮江甘露寺云孔眀仲謀坐處,0.803998589515686,9,0.7428823113441467,13,0.6936337351799011,8
離家遠役,0.6927492618560791,16,0.6582266688346863,9,0.6519912481307983,3
各家使用,0.7551084160804749,9,0.6780179738998413,13,0.6547725796699524,8
往人中白家來接我,0.7946173548698425,8,0.7539762854576111,14,0.7442415952682495,9
弟子今欲出家得否,0.7245485186576843,3,0.6920427680015564,2,0.6916024684906006,1
唐姬飲酒歌辛家女,0.7465392351150513,14,0.7445486187934875,8,0.7139747142791748,16
省家,0.6396557092666626,8,0.6147382259368896,7,0.6146602034568787,13
野雉異兮家雞雉將雛兮棲棲嫁劉季兮逐季飛不逐季兮季狐疑羽翼成兮兩口苦無違,0.7370466589927673,15,0.7031853795051575,16,0.6861560344696045,8
就是孫家,0.6430692076683044,14,0.6394785046577454,8,0.6391640901565552,9
此子吾家顏子也,0.745526134967804,14,0.741610050201416,9,0.7202286720275879,8
非家至而人見之也,0.7041276693344116,16,0.6946886777877808,8,0.6771551370620728,2
我昔離家七月強只今十月隕清霜可慚濁酒黃花興應悔青鐙白髪長翠袖天寒修竹暗綺忩日暖碧茸香夜長枕上揚州夢江北江南是故鄉,0.720799446105957,2,0.7032833695411682,4,0.6970499157905579,3
奴家情願在家守節,0.7040801644325256,8,0.6988874673843384,2,0.6967328786849976,1
還家揭燕寢曰小雲堂而賦詩云,0.7184779047966003,3,0.6674444675445557,1,0.6595880389213562,2
行化至提迦國城毗舍羅家,0.6199483275413513,4,0.6148790717124939,9,0.6078574657440186,2
次日饋送還家,0.5419642329216003,8,0.517403781414032,9,0.496243417263031,16
田家詞,0.7348120212554932,14,0.7322041988372803,8,0.7075193524360657,16
有志明時竟不伸士林公議惜斯人秋風斷鴈從誰託老木清霜見本真草草杯盤千里別悠悠天地一丘塵題詩忘卻傷心處為是傳家有鳯麟,0.688903272151947,8,0.6774864196777344,2,0.6757701635360718,14
溪上東風吹桞花溪頭春水淨無沙白鷗自信無機事玄鳥猶知有歳華錦䌫牙檣非昨夢鳳笙龍管是誰家令人苦憶東陵子擬問園田學種瓜道塲山趙孟頫,0.7482780814170837,8,0.7430843710899353,5,0.7349356412887573,4
清晨早起昏晚遲睡可以防閒婢僕奸穢等事凡婢妾與主翁親近多假此私通僕廝有孕則以主翁借口不知雜愚賤之裔至破家者多矣不可不謹,0.7008442878723145,8,0.6805093884468079,16,0.6715096235275269,2
青田月下家千里,0.732641339302063,8,0.7281370759010315,16,0.7263680100440979,9
凡民家山園陂池,0.7722728848457336,8,0.7032946348190308,14,0.682174026966095,9
城南不得遂相羊又著綸巾出草堂李白杯中停月影米家船上貫虹光西来江水知鄉近北望淮山引興長應傍荆公祠下過向来松竹尚蒼蒼,0.7655888199806213,8,0.7050602436065674,14,0.6967571973800659,9
庶幾彰國家同仁之治,0.7253659963607788,3,0.718974769115448,1,0.6766265630722046,7
遂家京師,0.6734099388122559,2,0.6527001261711121,9,0.6507587432861328,4
不可一日無農家,0.6881012320518494,8,0.5660293102264404,9,0.5589525699615479,17
詩云迨天之未陰雨徹彼桑土綱繆牖戶爪此下民或敢悔予扎子曰為此詩者其知道乎能治其國家誰敢喜乙徹直列反土音杜,0.7194337248802185,3,0.6923977136611938,1,0.6821050047874451,2
太祖九世孫榮文恭王家於紹興府之山陰縣,0.7330838441848755,4,0.6930431127548218,1,0.6777670979499817,14
財主取他做掌家娘子,0.6912726163864136,14,0.6886809468269348,2,0.6871440410614014,16
陸家軒子傍山開花竹當階手自栽對酒春衣看紫氣奕碁夏簟坐青苔上林芳賞令人憶三徑幽尋有客來底用雲間聽鶴唳沙鷗相近不相猜,0.7859802842140198,8,0.765604555606842,14,0.7482636570930481,9
廐吏牽呈御苑廽開元毬馬盡龍材趙家富有曹韓様摹出承平氣象来,0.7708684206008911,9,0.7672948241233826,8,0.7351416945457458,14
謂終於妻家聚活者,0.7739682793617249,3,0.7686565518379211,8,0.7465741634368896,2
早歲科名捕領罷振振麟趾冠當時故侯甘隱青門老輿尉兩知絳縣師書帶草生人自達山鞠窮盡疾難治弓裘有子應無憾獨憶通家涕泗垂,0.6667733788490295,8,0.6626287698745728,9,0.6381941437721252,16
予家因先人晚年不主事,0.7203531265258789,3,0.7116863131523132,1,0.6943171620368958,16
家曰婉遇也桑遇剛也勿用取女不可典長也天地相遇品物咸葦也剛遇中止大下火行也始之時寂尺史文,0.6447833180427551,8,0.6083988547325134,16,0.5986932516098022,6
風漪翠舞躬耕稻雲錦紅酣手種花策杖尋君迷不得有書聲處是君家,0.6997370719909668,8,0.638991117477417,5,0.6323603987693787,4
所以保乂王家,0.6358481645584106,9,0.6070122718811035,8,0.602303683757782,14
雌酬閨沸語養出牡丹境纖蹇釣睡黯門攝默豐聞上苑蝶夢墓東華富音犬家花陰內柳陰高素慚木眷呵,0.786152184009552,8,0.7373161315917969,14,0.7111467719078064,9
今國家立樞密院,0.5850841999053955,9,0.5752982497215271,8,0.5563147664070129,6
國家幸甚,0.6762653589248657,2,0.6723366975784302,3,0.6632016897201538,1
有逃家之苦,0.7353999614715576,3,0.7278023958206177,2,0.7149416208267212,1
無益國家,0.6186690330505371,8,0.5960423350334167,9,0.5857551097869873,13
此吾家法,0.7393714785575867,9,0.7181122303009033,2,0.70462965965271,4
祗道思歸切今朝漸近家卻嫌䳌語贅啼血染山花又,0.705306887626648,8,0.7006304860115051,5,0.699677586555481,4
家中不可有,0.5704702734947205,8,0.5464364886283875,15,0.5461267232894897,16
霜露洗空河漢濕西風蕭蕭江水潗緑洲孤亭小如笠上有髙樹皆森立九疑青青愁欲泣翠華零落何人拾寳瑟空彈鴻鴈斜蒼梧帝子不歸家,0.6608057022094727,2,0.6578553318977356,4,0.6498467326164246,5
戴嵩不知何許人初韓滉鎮浙西命為巡官師滉畫皆不及獨于牛能畫野性過滉遠甚至於田家川原亦各臻妙弟嶧亦以畫牛得名,0.7934738993644714,8,0.7426524758338928,9,0.740064263343811,14
當作祠堂於其家,0.6477189064025879,8,0.6384745240211487,9,0.6258683800697327,14
以全家保天族,0.7755877375602722,1,0.7454245686531067,3,0.7177844643592834,9
推於一家,0.6828619837760925,9,0.6363033652305603,8,0.6264947056770325,13
以立父子之親而成家,0.6023581624031067,9,0.5682077407836914,4,0.5633298754692078,8
奔兄弟之喪先之墓而後之家為位而哭所知之喪則哭於宫而後之墓,0.7021034359931946,4,0.6951060891151428,8,0.6818180084228516,14
兩家如此,0.8190653324127197,9,0.7834351062774658,13,0.7524785995483398,11
一家都難得,0.7432506680488586,1,0.7249361872673035,9,0.7181277275085449,2
啼過東家樓,0.7066327333450317,8,0.6990087628364563,1,0.6978625059127808,14
旣葬與人立君言王事不言國事大夫士言公事不言家事,0.7088104486465454,16,0.6788936257362366,8,0.6681619882583618,14
長大出家為僧,0.7050206065177917,3,0.6955408453941345,1,0.6743081212043762,2
親家都來相見者,0.7695823311805725,1,0.7455583810806274,3,0.7449844479560852,9
奴家想起來莫不是死了啊,0.7016915082931519,1,0.6990390419960022,8,0.6894020438194275,16
停家凡五十三年,0.6749070882797241,8,0.6484563946723938,9,0.646835446357727,2
益肺家,0.46709495782852173,8,0.462415874004364,17,0.45450419187545776,9
禾巾莒支切家繫,0.7074565291404724,14,0.6969651579856873,8,0.6631807684898376,9
早晚望伊家將奴誨,0.7396575212478638,1,0.7294427156448364,3,0.7277182340621948,9
芳艸生煙藥在房鞓紅衣紫共芬芳丘園風雨三家市草木文章萬丈光花正欲言還寂嘿春無自性不堅良晚來只有鵝紅在莫放香絲取次黃,0.6591784358024597,9,0.6320362687110901,12,0.6229302883148193,8
家和萬事成,0.4114152193069458,8,0.40775415301322937,15,0.406211793422699,6
老髪不再綠春風奈我何每逢新嵗換偏覺故情多椒酒俗難免藜羹腹漫皤家人應念我遙賦扊扅歌,0.7503471374511719,8,0.7237064242362976,16,0.6963506937026978,14
種者不具四時之氣故不及也今醫家惟作,0.6897642016410828,7,0.6767539381980896,9,0.6695700287818909,2
不家食吉以有尚賢之君懸祿養士君子懐才抱徳當享大烹若此時而安于家食必無致用之才者也利涉大川應乎天也,0.708976149559021,3,0.6896366477012634,16,0.6840779781341553,2
漁家無别業衣食惟●網生長風波中舟楫慣来徃江平風波静天靜榔板響得魚固所欲忖心●內怏羣生各有命吾寕愛其飬放麑翁乃屬中山相,0.763136088848114,8,0.7485234141349792,2,0.7035479545593262,1
柔弱好家風,0.6817166209220886,16,0.6792394518852234,15,0.6729118227958679,8
城中人家皆取而食之,0.7099928855895996,8,0.7080015540122986,1,0.6979749798774719,2
誰捕乳燕落晴空筆底能迥造化功髮髡謝家池上見柳絲姻暖水洛洛,0.7473890781402588,8,0.7287978529930115,14,0.6903203725814819,5
錦繡肝腸鐵石姿九州行遍復何之鼇吞鯨吸千杯酒鳯起蛟騰七字詩竹杖打門求友日紙衣裹骨到家時生前死後俱漂泊想像臨風酹一巵,0.7369391322135925,2,0.7198919057846069,4,0.7164710760116577,3
怪底朝來雲氣升雨痕洗遍碧崚嶒山腰行李去未逺谷口人家呼即譍彷佛簫臺凌鳳吹安排春水理魚罾臥遊已愜平生志深負牀頭六尺藤,0.7573373913764954,8,0.7115744352340698,14,0.7015173435211182,9
可便是家鄉,0.6863784193992615,4,0.6736134886741638,16,0.6599124670028687,2
相逢席未煗行邁底踆踆館閣頻虛位江湖有逸民夢尋松菊約歸及柳梅春好在扁舟月詩家自愛貧,0.7050572633743286,8,0.6704916954040527,9,0.6579412221908569,7
僕人急急收了家火什物,0.7181782126426697,8,0.7175856828689575,16,0.6937311291694641,15
渾城父釋之績戰功累遷至開府儀回翼乎朔郡玉德宗幸奉天減離家人于弟以拒朱北賊平德宗封減為感乎郡王,0.6873300671577454,16,0.67763352394104,8,0.6741456389427185,14
漏盡譙門鼔不撾冷霜殘月射牕紗嗸嗸鴻鴈長為客小小蝸牛尚有家千載廢興消竹葉百年勲業愧菱花江湖牢落成何事贏得星星兩鬢華,0.7314757704734802,5,0.7249053120613098,4,0.6913769841194153,2
辛未嵗除夕言懷杯盤草率具餳茶燈燼紅垂夜半花抵掌不憂韓愈鬼住京空在老坡义素餐御史雖無補畫省除書有底差新故送迎常嵗例春風明日又誰家,0.6076916456222534,8,0.5869803428649902,9,0.5865256190299988,2
國家用人求治亦非便利,0.7242816090583801,1,0.7187651991844177,3,0.6857572793960571,7
夜來家間被盜,0.7550548315048218,3,0.7168744802474976,2,0.7032114863395691,16
又望見一家酒旗兒直挑出在門前,0.817486047744751,9,0.7918869853019714,11,0.7514829039573669,12
不言斤又曰一名玉札如此則不知定是何物諸家所解更不言泉但為玉立文陶隱居雖曰可消之為,0.808295488357544,9,0.7304745316505432,13,0.7157717347145081,2
乃叟宵衣制醋厥妻忘寢治燈辦此難成家業遺彼不識玄曾,0.7290783524513245,2,0.7226781845092773,3,0.718741774559021,16
家藏唐翰林畫,0.5959525108337402,8,0.5787433385848999,9,0.5535181164741516,16
盛親家公約到芳潤橋午面,0.7496423125267029,8,0.741195023059845,1,0.7388092875480652,14
月色滄波共渺茫驛亭雜坐看湖光仙家刻玉青蟾兔帝子吹笙白鳯凰蘆葉好風生晚思桂花清露濕空涼回槎使者秋懐闊倒瀉銀河入酒觴,0.7098905444145203,8,0.6647183895111084,7,0.6561294794082642,9
大主人家養活不過,0.7854189872741699,1,0.7610117793083191,3,0.7600635290145874,5
三村裏算來總有一二萬軍馬人家,0.5957817435264587,8,0.5544906258583069,9,0.5103855729103088,14
俺家尊四海性無拘禁,0.7154449224472046,1,0.6962887644767761,3,0.6814921498298645,9
以畫名家數賀真雪山橫幅意尤新題詩正倦三庚暑凜凜寒威來逼人,0.7383542656898499,7,0.6684322357177734,9,0.6524618864059448,2
國家之元氣,0.7133119702339172,3,0.7131713032722473,1,0.6936315298080444,7
千載烏衣巷荒涼日易斜昔年丞相宅今代野人家庭弛生楓樹階蕪長草花春風無主燕夜雨為官蛙,0.7355117201805115,8,0.7145786881446838,3,0.7081997394561768,5
託以家事,0.6829952597618103,16,0.6666887402534485,3,0.6536946892738342,2
城北城南暗戰塵東風吹淚滿衣巾秦讎猶待楚三戶漢將徒封趙四人此會屠蘇濃味薄誰家桃板舊題新賽神江上情如海且祝平安問老親,0.708260178565979,9,0.6998100280761719,8,0.6972013115882874,2
詮家鐵撥送金尊,0.692121684551239,8,0.6664701104164124,14,0.6565012335777283,16
未始目吾儒經史與夫道家仙籍,0.7224617004394531,7,0.7174444198608398,1,0.7013214230537415,2
仍為分付農家,0.6957898736000061,8,0.6199291944503784,9,0.5949807167053223,14
山如雉堞水如陴堂檻慿空直下窺指似雲鴻留迹處㸔成遼鶴返家時使君延勞承終宴倦客追歡惜早衰為向青霞仙者說吾遊未了一枰棊,0.7248892188072205,2,0.7021979093551636,3,0.7002778649330139,4
束針一種碎理如摶砂者皆光明如銅色多青白而赤少者燒之皆成煙焰頃刻都盡今醫家多誤以此,0.6857069730758667,7,0.6706346869468689,9,0.6703938245773315,1
商眉則必刀切左棺未葬權掩於家也制鬥州伏荀攸實以賞遇之也甘宙金渠溶切履掩遭中死氏上門門也伏用伏莫莫黃土也出里布八尺救切腐氣,0.7396277785301208,16,0.7114357352256775,3,0.7104467153549194,8
刊唐宋以來諸家詩,0.7617171406745911,9,0.7085165977478027,7,0.6689497828483582,2
便問祝家莊事情,0.7719705104827881,16,0.7337138652801514,14,0.7293925285339355,8
而賢者知國家之尚賢,0.6978452205657959,3,0.6851197481155396,1,0.6753832101821899,2
是我賣老小賣家私的,0.7243221998214722,3,0.6986500024795532,2,0.6984595060348511,1
楚順賢夫人貌陋而治家有法楚王希範憚之既卒希範始縱聲色為長夜之飲內外無別有商人妻美色希範殺其夫而奪之妻矢不辱自經死,0.6933838129043579,3,0.6853542923927307,16,0.6806139349937439,2
竹宮日近鳯凰遊龍輅秋清白玉輈羽服侍嚴天帝子鶡冠書讀道家流雲高塞嶺松生石霜入江鄉橘滿洲仙客通靈塵慮盡南風日日作詩郵,0.7650890946388245,8,0.7181941866874695,7,0.7061123251914978,9
我國家治平方臻,0.6353693604469299,9,0.6214563846588135,8,0.6211510896682739,17
自古有國家者,0.6743755340576172,3,0.6696990132331848,2,0.6642369031906128,4
今國家四海會同,0.6564729809761047,4,0.6384970545768738,9,0.6305319666862488,5
誅論巨室逾三百家,0.6435571908950806,9,0.6151741147041321,11,0.5850247144699097,8
開朔一古訝切許氏曰女適人也南爛伯古丈七開作麟女家女以男為家也送片作變力川剛胡盎切奸也女納七刀介惡人之介於中也,0.7085829377174377,8,0.6798997521400452,9,0.6784520745277405,14
想田家作苦區區,0.8092682957649231,8,0.7160914540290833,16,0.7101778984069824,9
婿家設位於室中,0.7091002464294434,8,0.6836225986480713,9,0.6383878588676453,14
明順相因家道正,0.7034616470336914,9,0.693143904209137,16,0.6888500452041626,2
上在嶺南時居獨秀山壽寧禪寺有近臣寬者里不花自易名法恩願為上出家祝厘賜御書為識及即位賜名亦輦真省吉日侍左右乃以舊所賜御書裝潢請賦,0.6708866953849792,3,0.6685335040092468,2,0.6514889597892761,4
出家於國何益,0.6510491371154785,3,0.6475302577018738,2,0.6387585997581482,1
家雖固窮,0.4000445306301117,8,0.383327841758728,9,0.3817509114742279,6
自然火家之候,0.7104067802429199,8,0.6445352435112,9,0.6289790272712708,6
儒衡家世舊氣節老彌剛誰謂更千古猶能出一郎烏臺知姓字白簡凜風霜後夜吳江月清光應更長,0.7090972661972046,8,0.7032272219657898,9,0.6872904896736145,4
蔣又外祖吳兢位史官幼從外家肆器黨要藉釐籍有累才,0.7606505155563354,9,0.7519262433052063,14,0.7177501916885376,8
晩凉池舘藕花洲郎罷呼兒放綵舟老●尚容文度坐佳賔多與阿戎逰長腰米飯猶珍饌五色莱衣勝綺裘莫𥬇東家人評語由来涇渭不同流,0.7001003623008728,9,0.6786623001098633,14,0.6677752137184143,8
蒼龍對闕夾天閽秋駕凌晨出國門十里貔貅騎騕褭一雙日月繡旗旛講蒐獵較黃羊圈賜宴恩沾白獸尊赫奕漢家人物盛馬卿有賦在文園,0.718941330909729,8,0.7087375521659851,14,0.7054917812347412,9
仲常長子也與次子梧棄家入山一百二歲而化,0.757199764251709,2,0.7563177347183228,3,0.7302043437957764,1
邵家巷,0.7329227328300476,14,0.6952489614486694,1,0.694735050201416,8
畎畆區區樂半生此生惟有慕莘耕豈同巢父終忘世獨愛龎公不入城笑我窮經為左計呼兒擊壤慶西成烹雞餉黍年年約莫道儂家是許行,0.765798807144165,8,0.7252041101455688,5,0.7231199741363525,4
居家好奇謀,0.6980011463165283,3,0.6747764945030212,2,0.6711359620094299,8
真家寶也,0.6951245069503784,9,0.6867160797119141,8,0.6612149477005005,14
野老無家寄海村草荒秋老失柴門鱸肥蟹壯無勝侶憶殺家園老瓦盆,0.6933096051216125,8,0.6915328502655029,4,0.6865272521972656,2
而人材乃邦家之本,0.6976655125617981,7,0.6877701282501221,2,0.6868835687637329,3
上心善家令言,0.5952277779579163,9,0.5941569805145264,8,0.5855002403259277,2
而謂不肯出皇家之力,0.717814028263092,9,0.6920060515403748,8,0.686698317527771,14
然諸家所具事跡,0.7637362480163574,9,0.689386785030365,1,0.6883553266525269,13
平生餘耳輩昔日魯朱家同難不同樂悲歌日易斜,0.6999831199645996,9,0.6910374164581299,8,0.674694836139679,14
宋祥符壬子陳文惠公堯佐典領漕職時表奏興修宫宇改宫額奉旨書勑賜洞霄之宫六字堆金積玉逈成一家體觀者異之咸淳甲戍後不存矣,0.7681912183761597,9,0.6975237131118774,2,0.69193434715271,14
急救自家性命,0.708886444568634,2,0.7006015777587891,16,0.6901309490203857,9
眾姓出家同名釋子,0.6327632069587708,3,0.6281262636184692,1,0.6150680780410767,2
安翔紫雲軿游盼璚仙家斜陽射岩谷眩目皆丹砂娃鬟挾鸞尾倦埽菖蒲花,0.7359776496887207,8,0.6789778470993042,14,0.6718260645866394,5
儂家鸚鵡州邊住,0.7184429168701172,14,0.7044492959976196,8,0.6859161257743835,4
此皆非國家之所恣,0.7206180095672607,3,0.7169399261474609,2,0.7079533934593201,1
榻頭船子小如車賣卜狂逰屬當家直到年頭與年尾不開看月即看花,0.7318012714385986,8,0.7224380970001221,2,0.7143008708953857,9
賈誼頗通諸家之書年罔十餘文帝召為博士年最少有詔議諸老未能呂誼盡為之對人人各如其忘所出諸生於是以為能丈帝悅之超遷出豎太中火夫,0.7736724019050598,9,0.7258183360099792,1,0.7144874334335327,2
當年后徳配闗雎玉後雲仍盡讀書喬木家山烽燹外五花官誥喪亡餘源淇左右鸞鑣逺蒙岱崇髙鶴帳虛豈藉椒風歆寵渥伏波勲業日星如,0.7398173213005066,8,0.7017834782600403,16,0.6889126300811768,14
沍隂巖谷變晶熒凍裂仙家月石屏雲影渾淪涵太素天光搖曵倒空青波心雙捧金人劍霞際横驅玉女軿皓鶴不來詩夢破鮮飈吹袂酒初醒,0.7344627976417542,8,0.6846302151679993,14,0.6699020862579346,9
而尚書右僕射張浚自江上還奏使事兵家機權,0.6748878955841064,9,0.6630553007125854,8,0.6201015710830688,7
楚世家云,0.6193589568138123,1,0.6138793230056763,14,0.6135767698287964,9
向人家,0.7079789042472839,8,0.6756157875061035,17,0.675312876701355,9
抱疾喪於友人江漢卿家,0.5605887174606323,8,0.549872875213623,9,0.5262067317962646,16
國存身死家并亡,0.7210050225257874,16,0.7094621658325195,2,0.6977909207344055,4
路上仙岩最上溪仙家住處有丹梯瑤台鶴下天風冷靈鎖花深曉日迷五色芝房團紫蓋千年石髓裂青泥羽人即此宜髙隱豈在昆崙萬國西,0.7879605889320374,8,0.7588224411010742,14,0.7328091859817505,9
真宗問李沉曰人皆有家炊卿何獨無沉曰臣待罪宰相公事則公呂之何用容攸人臣有容放非讒則佞臣常惡之,0.6993825435638428,5,0.6936342716217041,4,0.6808325052261353,16
仁義久廢講家門亦碌碌謂天生斯人微意殆有屬云胡未強仕百身不可贖二者痛無望淚珠劇囷粟送雷季正,0.7441288828849792,3,0.7182756066322327,2,0.7157542705535889,1
命其子採麟起家知林州,0.6892758011817932,3,0.6659368276596069,1,0.6567459106445312,2
字冬灰諸家止解灰而不解冬亦其闕也諸灰一烘而成惟冬灰則經三四月方徹爐此灰,0.7591177225112915,9,0.7106204628944397,8,0.6886879801750183,13
晚出聊城驛羸驂困短鞭灘聲行處盡野色望中圓文史將安用功名信偶然家山一千里花栁滿前川,0.7160364985466003,8,0.6817277073860168,16,0.6682226061820984,9
某家樂工尚多存者,0.7961554527282715,9,0.7666835784912109,11,0.7473170161247253,12
今夜便叫兩個火家,0.5403465628623962,8,0.4954262673854828,9,0.48878756165504456,17
若曰推步之學乃陰陽家流,0.7340039610862732,9,0.6804139614105225,8,0.6723968386650085,7
客懷不斷還家夢,0.7275910973548889,5,0.718358039855957,4,0.7146105170249939,2
離宮別館短長亭忘卻江南舊日春是處人家種楊栁往來繫馬解留人,0.6871902346611023,8,0.6270508170127869,9,0.6235947608947754,2
孫尚書家山水卷,0.6813480257987976,8,0.6811909675598145,9,0.6555790901184082,7
移家鄰縣去住久不知年花擁檐前樹泉歸澗下田丹霞承露浴石乳拾松煎擬欲題新竹才疎愧惠連次韻上官伯圭夜坐觀梅二首,0.6777767539024353,2,0.6721816658973694,4,0.6605899333953857,3
家無以償,0.5562583208084106,8,0.5531387329101562,16,0.5325849652290344,5
家貧,0.4239464998245239,16,0.41110754013061523,8,0.3954692780971527,9
近杭州遺火燒五萬餘家延及御史臺少府監燼焉至秘書監救得免有人作賦一聨云公道不行臺遂焚于御史斯文未喪監僅存于秘書,0.717146098613739,11,0.6933510303497314,9,0.6877314448356628,2
俾母墜家業於魏晉書法,0.6904633641242981,3,0.6845306754112244,16,0.6775190830230713,9
吾廬幽似野人家時倚南軒玩物華亦有君臣槐腹螘也能鼓吹沼中蛙隣翁來送新篘酒堂吏求抄舊草麻早晚乞骸尋舊隱不妨髙臥傲烟霞,0.7476468086242676,8,0.703175961971283,2,0.6966161727905273,3
盧家何處鬱金香,0.7757094502449036,8,0.7625296711921692,14,0.7405087351799011,4
嘗為家人輩言之,0.7148401737213135,16,0.6945640444755554,3,0.6821368932723999,9
湘寒嶽翠滿煙霞橘後江梅又作花羈思宦情都莫問好詩先出廣文家,0.6207931041717529,8,0.5911827087402344,7,0.5824344158172607,9
家曰公用射革戊鮮悖也,0.6513473987579346,8,0.6359408497810364,9,0.6247595548629761,16
我國家累聖相承,0.6880291104316711,1,0.686602771282196,3,0.6800912022590637,2
又載於陳世家,0.5383997559547424,9,0.5336408019065857,14,0.5162420868873596,8
小弟在家專待家宴三杯,0.8524444699287415,3,0.7749710083007812,1,0.7435417175292969,2
不覺自家頭暈眼花,0.6502760052680969,8,0.6439889073371887,16,0.626076340675354,3
卦揲家人吉門迎稚子歡始知鄉國好全勝道途難砌草陳根緑庭花凍蕾丹春園容日涉更敢上長安,0.7394315004348755,8,0.7316285967826843,16,0.6988145709037781,9
志專豐崇足昌其躬家傳于忠蹇事于公羙玉襲之良馬縶之不泄不辱以紹以續作之怦怦承之競競而子而孫視我斯銘,0.6710522770881653,16,0.6685619354248047,8,0.6629711389541626,9
爭奈他本是莊農人家,0.6093074083328247,8,0.5948108434677124,9,0.5723557472229004,17
吾意欲邀兩公至家小飲,0.7772738337516785,3,0.7401727437973022,1,0.7285147905349731,16
我致仕年死期近汝出家時生理難滄海桑田何可料一㮎別酒莫留殘,0.7090656757354736,3,0.7022631168365479,2,0.6836456656455994,1
全淮控制列城遙尚想青春虎豹驕一日江山走珠玉萬家燈火沸笙簫喜逢才俊登文署好頌升平答聖朝芍藥瓊花兒女事可縁風月逗華鑣,0.7319021821022034,1,0.7294648289680481,9,0.7160853147506714,12
不識春歸底是家日長深院駐韶華西行竹引六七筍南向葵開三兩花藜藿廚香公退食琴書客至吏收衙雨餘陡覺公私辨青草池塘處處蛙,0.7336147427558899,8,0.7218389511108398,2,0.7205328345298767,4
不聞捕著由是地埋疆界不待精容迨明啼時班固修三坑層取于戶次醒于二野真術方詳慎末三分迄青家以下言分野韋旁引,0.7437531352043152,8,0.7051005959510803,9,0.6804689764976501,14
而諸公所立是禍吾家也,0.7221679091453552,9,0.7205132842063904,3,0.7199949622154236,1
人主制民有道而使天下不敢為暴豈特朝廷之福哉而實天下國家之福也,0.740082859992981,3,0.7271847724914551,1,0.71767258644104,2
仙居時復與僧隣簾幙人家紫翠分後嶺樓臺前嶺接上方鐘鼓下方聞市聲到海迷紅霧花氣漲天成彩雲一代繁華如昨日御堦燈火月紛紛,0.7537423968315125,8,0.715745747089386,14,0.693297266960144,2
昨日秋風吹鬢須杖頭閒挂百錢酤山根水曲家家去天樂元來一樂無,0.746329665184021,1,0.7358225584030151,3,0.7158834934234619,2
四月十五日過東洲書舍見橘花賦詩一首東洲之東千戸家種橘五株開白花更栽九百九十五勝似故侯多種𤓰,0.7688300609588623,8,0.7383413910865784,9,0.7233438491821289,3
家在那裡,0.7552223801612854,4,0.7297651171684265,5,0.6947636604309082,8
吾家貧為父母群弟所容,0.7439769506454468,3,0.7318277359008789,1,0.7123998403549194,2
二十年前此戰場隔溪野磷尚淒涼兒童生長他山乆卻把家鄉作客鄉,0.739599883556366,4,0.6990908980369568,1,0.6940781474113464,3
小乙可惜夜來不在家裡,0.8560318946838379,3,0.8142642974853516,4,0.7826118469238281,2
數家煙火自成鄰寂寞荒祠野水濵壞屋有基餘瓦礫古墳無主自荊榛暄風綠樹鶯聲老曉雨青郊虎跡新四月三山山下路野田猶殿菜花春,0.7779991030693054,9,0.7529952526092529,8,0.7320035099983215,2
臣切見國家之取於民,0.7007520794868469,3,0.6947364211082458,1,0.6756414771080017,2
少傅親傳有殿中當年蘭茁舊家風近來轉覺江湖窄此去應求氣味同鵲樹無依嗟月冷燕簾重卷趂泥融人生百計閒中好莫負灘頭老釣翁,0.7030618786811829,9,0.6989429593086243,8,0.6860573887825012,14
各家驗口數,0.8019171357154846,9,0.7287635803222656,13,0.7244151830673218,8
韓家蟠梅,0.7682362198829651,14,0.7389756441116333,8,0.7377641201019287,9
題邵氏家譜,0.7660335898399353,1,0.7276685237884521,3,0.7031286358833313,12
落日湖頭艤畫船買魚沽酒不論錢共過天下登臨地卻憶國家全盛年縁水暎霞紅勝錦逺山凝黛●如●相携此夕干戈際一聽笙謌一慨然,0.6752355098724365,9,0.6734438538551331,1,0.6693651080131531,3
其實怕程家絕戶,0.7501402497291565,14,0.7437210083007812,16,0.7417245507240295,8
家天下者,0.6335746049880981,9,0.6311629414558411,8,0.6112641096115112,6
清明酒熟老人醉拜掃歸來壯士耕此是吾家舊寒食只今惟有故鄉情,0.7423160672187805,2,0.7410314083099365,4,0.7355561852455139,1
自家了卻,0.6984991431236267,8,0.6897801160812378,9,0.6581251621246338,13
婦車至其家,0.7063839435577393,3,0.6862572431564331,4,0.6761557459831238,16
而國家莫知禁遏,0.6902274489402771,3,0.6862921118736267,1,0.6743825078010559,9
有女無家,0.6580898761749268,8,0.6383163928985596,16,0.6221461892127991,5
山家,0.6679215431213379,8,0.6600051522254944,9,0.624640166759491,14
四明衣冠山水窟人道風流勝永嘉爾來愁絶各閉戸方信中年始憶家,0.6911609172821045,4,0.6859027743339539,5,0.6816322803497314,8
歲晚瑤花滿太虛翩然蓑笠混樵漁浮家直到空明際問路重尋混沌初嚴瀨客星應黯澹山陰人跡久蕭疏老夫亦有孤舟在擬約凌寒共釣魚,0.7016749382019043,8,0.6130419969558716,16,0.6126900911331177,5
識浪幽觀不住新豈知影家鏡中塵頂門送出摩尼眼優缽花開世外春,0.7135406732559204,8,0.664516806602478,7,0.6542057394981384,17
人家有僻室有便門或廚廁相連而使膳夫掌庖僕子供過其弊多端蓋此曹迭為耳目主何由知又有男女夜聚呼盧達旦豈托故而起者試靜而思之,0.7631800770759583,3,0.7621829509735107,1,0.7384182810783386,8
他家寫本,0.7616230249404907,8,0.7027872800827026,14,0.6945992708206177,16
否則兩三家合一池,0.8183303475379944,11,0.8120564818382263,13,0.809514582157135,9
盡其家財付孝基,0.7556365132331848,1,0.7539273500442505,3,0.6994528770446777,2
皮泉淥家居,0.7328217029571533,4,0.7276498675346375,3,0.7260871529579163,1
陷蕃漢戶人口各還其家,0.6906730532646179,4,0.6834171414375305,5,0.6823184490203857,8
●千里外公家事七八月間行李歸揺尾門迎一黄耳傷心客散兩烏衣穿楊自可成勲業擢桂從他赴禮闈多謝故人能警策好鐫肝胆莫相違,0.7531038522720337,3,0.7282112240791321,16,0.727871835231781,1
我若是在家,0.6176598072052002,8,0.5867202281951904,9,0.5670803189277649,4
霜棘紅葉赴祠花路辯晨根百八斜蘇目所鑒成徙倚湘兩妖盡末運家,0.6329132318496704,8,0.6022148728370667,9,0.5801807641983032,11
謂逆家子,0.6884080171585083,8,0.6738162636756897,9,0.671903669834137,16
下獄禁錮還家,0.5435770750045776,8,0.5308539271354675,16,0.5303789973258972,14
家家門首焚香迎拜,0.5985234975814819,8,0.5948235392570496,9,0.5915443301200867,16
李良臣之睢陽別業為其考平叔公作家廟予校書時李為祕卿,0.6893211007118225,9,0.6721009016036987,2,0.6702045202255249,16
大國祠官致仕歸秋風祖帳足光輝青松黃菊先廬在白髮蒼顏故老稀久奉山川諳祀典逺迎鄉黨識朝衣家居重念君恩厚日送南來一雁飛,0.7154505252838135,16,0.6955137848854065,8,0.6945169568061829,3
一會家精細呵使著軀殼,0.6662707328796387,8,0.6520392894744873,15,0.6400625109672546,17
他家有妻麼,0.7470148801803589,1,0.7362555861473083,8,0.7288480401039124,2
投誠出家,0.5442739129066467,2,0.5363456010818481,3,0.5295248627662659,1
不如一家之謀邪,0.775267481803894,9,0.7270009517669678,1,0.7137019634246826,13
他家告著俺,0.7640589475631714,8,0.7177904844284058,16,0.7064690589904785,9
國家以仁立國,0.6494728922843933,3,0.6458256840705872,1,0.6423314213752747,2
春風一架爛金沙憶昨同醉遺烏紗山東禁酒不得飲方信中年始憶家,0.5958617925643921,8,0.5831266045570374,5,0.5758200287818909,4
溫小水上家,0.7065020203590393,8,0.6788632273674011,5,0.6672150492668152,4
三楚皆兵祲中洲自樂郊不虞烏啄屋竟作燕焚巢氣節摧強敵文章哭故交家山限天塹瞻拜奠蘭肴寄汪用敬劉彥肅二憲郎,0.6898376941680908,8,0.6851986646652222,14,0.6781354546546936,16
晉家曲沃舊池台無數行人去又來可惜石橋三百尺只留驢跡印青苔,0.7470619082450867,8,0.715176522731781,14,0.7056106328964233,9
當家,0.6308040618896484,8,0.6279555559158325,16,0.6212312579154968,7
則俟其退而語之家,0.447172075510025,8,0.44053560495376587,9,0.42452743649482727,17
懶散形骸與世疎孑然兀坐一何孤與為莊叟樊中雉寧作周公屋上烏花映尊罍傾北海雨侵蓑笠釣西湖良田數頃書千冊只此傳家是永圖,0.7274453043937683,2,0.7232961058616638,8,0.7115643620491028,5
可以為家,0.6554427742958069,8,0.6302580833435059,9,0.6138678789138794,4
遂舉家之官,0.7132511138916016,3,0.6950452923774719,16,0.6905354261398315,2
問酒家,0.6897986531257629,8,0.6475854516029358,7,0.6444525122642517,9
近年泊內是宋江一夥強人在那裡打家劫舍,0.6709865927696228,2,0.6659674048423767,8,0.656336784362793,5
寺外山前人家,0.7224579453468323,8,0.7037836313247681,14,0.6794529557228088,4
諸暨袁彥誠家,0.6170549988746643,9,0.6055161356925964,8,0.5967163443565369,14
喬家妾,0.7146613001823425,14,0.6989014148712158,8,0.6955884695053101,9
萬國一國也萬家萬身一家一身也億萬嵗一嵗也一嵗一日也故萬事一理旣分而為萬不得不謂之萬殊其實一之分也一之積也,0.7549384236335754,3,0.7535642385482788,2,0.7488700151443481,1
嘗聞自昔國家造邦之始,0.6733989715576172,3,0.6682236194610596,1,0.667705237865448,2
呂九山總管家用秘方,0.6296902298927307,8,0.623410165309906,16,0.6142036318778992,9
唐蕭瑞傅自瑞逮遇凡八葉皆宰相名德相望與唐盛哀世家之盛古未有也,0.7404687404632568,9,0.7137913107872009,1,0.709456741809845,14
打家劫舍,0.7053112983703613,8,0.6837344169616699,16,0.6803879737854004,13
漢家之厄十世,0.7285662889480591,9,0.7243524193763733,14,0.7238450646400452,8
親朋貧窶不能家者,0.7276991605758667,3,0.7185500860214233,2,0.6756045818328857,4
風卷寒溪漾碧沙曉來驚見玉橫斜人間風日不到處天上神仙解種花九地暖回龍有穴三山雲靜鶴無家泛舟來覓芝田叟留作山陰勝事誇,0.7078425884246826,8,0.696637749671936,2,0.6805739402770996,4
青城羽客燒丹罷要近東家問六經却笑山隂痴道士白鵞閒覔寫黃庭,0.719624936580658,8,0.6985143423080444,9,0.6767389178276062,13
故國家日益昏亂,0.7530792951583862,3,0.7428398728370667,1,0.6945787668228149,2
花邊曾醉少年春白首相過不厭貧近說漢家徵詔急西山猶有臥雲人,0.7155545949935913,8,0.7060672640800476,9,0.6794170141220093,14
別家,0.6361956000328064,9,0.6181890368461609,8,0.5953412652015686,11
往之爾家,0.6774207949638367,8,0.6505056619644165,9,0.629474937915802,4
西域風塵汗漫遊十年辜負舊漁舟曽觀八陣雲奔速親見三川席巻收煙鎖居延蘇子恨雲埋青塜漢家羞深思籬下西風醉誰羨班超萬里侯,0.7304276823997498,8,0.6868845820426941,5,0.6679394841194153,14
家有太康墓中所得紫金鈿銅天祿,0.5334323644638062,9,0.5168671011924744,8,0.5096089839935303,16
富家巨室皆以古器物相尚,0.7604644894599915,1,0.7551460266113281,3,0.7124320268630981,2
十載抽毫侍玉堂簿書公案盡文章起身得郡人亦少洗手作官儒所長杞菊尚存坡老賦園林重訪鄭公鄉賣刀買犢真佳政要使千家粟稻香,0.6617525219917297,8,0.6609999537467957,9,0.6387041807174683,11
我家中沒得與你吃,0.8011935353279114,3,0.7791714668273926,1,0.7270601987838745,2
雖然頗頗有家私,0.6705320477485657,9,0.6673104166984558,3,0.6516848802566528,2
闢地攜家客上泉留春無計只空憐閒門花落終朝雨深樹猿啼欲暝煙南國戰爭殊未已中原消息謾空傳向來記取麻姑說滄海於今總是田,0.7207115888595581,2,0.7179109454154968,8,0.7150977849960327,16
實恐家中老小不知這般消息,0.7802226543426514,3,0.7471750378608704,1,0.7293394804000854,2
天王使家父來聘,0.7785894870758057,16,0.7451545596122742,9,0.721329391002655,8
則國家必獲其福,0.6871758699417114,3,0.6869046688079834,1,0.6722615957260132,13
晉世家云,0.6394787430763245,1,0.6283964514732361,7,0.6260199546813965,9
好客莊家,0.7096589803695679,8,0.6639316082000732,11,0.6394578218460083,9
軒車絶華念野服遂幽情白鷺臨溪逈●蟬餘露清棄家師季偉蒔藥友通明且結烟中客誰論世上名,0.7077972888946533,16,0.7034977674484253,9,0.6997267007827759,8
誓莫近嫁宋家亭,0.7086951732635498,14,0.6830928921699524,16,0.6806344985961914,8
國家設常平倉,0.6010350584983826,8,0.5752549171447754,14,0.5748096108436584,11
不見人煙聞鬼車長林昏黑雨如麻晚晴卻看前峰翠過得溪南即是家,0.6666297912597656,8,0.6362269520759583,5,0.6291806101799011,4
殿司左軍劫馬軍司使臣家被獲,0.7214276790618896,8,0.6887273788452148,9,0.6610599756240845,16
下官即日也要使人回家,0.6230155825614929,8,0.605076014995575,9,0.602040708065033,16
政論陪榮外府聨宸心妙揀得才全明堂禮樂家成教喬木衣冠世象賢智燭有光能徹地仁元無礙可通天會須一正臯䕫席袞袞增華太史篇,0.7612158060073853,7,0.7278247475624084,8,0.7093098759651184,9
望家鄉,0.6591594219207764,8,0.6455366015434265,16,0.6402571797370911,14
棄家逃走在,0.7937188148498535,3,0.7585089206695557,2,0.7554510235786438,1
況醫家者流,0.6825833916664124,3,0.6744915843009949,1,0.6663398742675781,2
十月庚申樊子合凡贈賻而葬之洛陽東其先人墓左以餘財附其家而供祀,0.7981653213500977,3,0.7899354100227356,4,0.789647102355957,1
只見曾家陣裏推出數輛陷車,0.7593835592269897,14,0.7586405873298645,9,0.7236763834953308,1
西風擁騎出前郊紅葉玲瓏透逺坳家近不須傳雁帛縣閒曽是用牛刀蜚聲展綵春眠栁文思裁珠夜泣鮫師友淵源吾豈敢㑹看翡翠聳林梢,0.7310613989830017,8,0.7080638408660889,4,0.7000697255134583,16
必來我家打鬧,0.7606114745140076,3,0.7570559978485107,4,0.749956488609314,1
則付之鄰佃之家,0.6998129487037659,8,0.6620548963546753,9,0.6364169120788574,16
然太史孝友刑家,0.6089897751808167,8,0.5791892409324646,9,0.5497665405273438,7
流水穿橋二裡斜潦收溪足露汀沙旱川靈尊前山雨十里香風晚稻花異縣悲秋多客心警年樂當厲田家故因正好不婦去滿眼西風吹鬢草,0.8342933654785156,8,0.7606430649757385,14,0.7259538769721985,16
蒼煙落日小漁舟溪北溪南載我遊遊到王家逺庵下白雲深鎖舊梧楸,0.745352566242218,14,0.7331947088241577,8,0.6970540285110474,1
萬里家書到催歸未得歸山妻愁掩袂稚子病牽衣客舍園林僻官曹簿領稀清時鴛鷺滿容得一鷗飛,0.6772813200950623,16,0.6730490922927856,8,0.6719405651092529,2
簫年表世家修,0.613040566444397,9,0.6005804538726807,14,0.5842685103416443,16
無田務之家出人力,0.7257773876190186,8,0.6993526816368103,9,0.6717427968978882,16
謝庭桞絮起因風模寫雖工恐未雄三白兆祥皆帝力六花施巧竟誰功仙家逈出塵囂外治世都歸粉餙中莫謾相撩吹入鬢秪今衰颯已成翁,0.7637531161308289,8,0.7178330421447754,7,0.7143534421920776,9
韓信坐家致仕,0.6017793416976929,9,0.598970890045166,8,0.5983272790908813,16
莫謾官家,0.6767095327377319,8,0.640193521976471,14,0.6197110414505005,9
既而其子沆請避家諱改文忠,0.7615842223167419,3,0.7438589930534363,1,0.7098001837730408,16
張家橋西車馬塵北風刮地眯行人籬落枯桃三五樹不應此地可逃秦,0.6470100283622742,1,0.6391916275024414,8,0.6391313672065735,14
而婦女小兒不令家長知,0.7244868874549866,16,0.7203206419944763,3,0.686042070388794,2
也不是已下人家的,0.7769404649734497,8,0.7600383162498474,9,0.7565867900848389,17
婦女潘氏出家為尼,0.734898567199707,3,0.7235264182090759,2,0.7046452164649963,1
可不將趙家真絕了種也,0.7987856864929199,9,0.7651199102401733,1,0.7511072754859924,14
我仇家夫婦,0.765335738658905,16,0.7607884407043457,8,0.7393015027046204,14
栢鄉花好入詩傳夢裡石家錦障鮮記與使君曾共醉江郊亭下水如天,0.7239416241645813,14,0.7159713506698608,8,0.6737643480300903,11
五世尚書飫舊聞公家郢鄂總能文不増米價黃承事淨洗鉛華鮑少君女嫁男婚循禮典藥爐經卷了晨曛雙魂一笑蓬萊頂應話髙門再造勲,0.7233355641365051,9,0.7203977704048157,8,0.7182221412658691,14
夫勝負兵家之常,0.7043043375015259,9,0.6732005476951599,13,0.661134660243988,7
一家蒙之,0.7351093888282776,9,0.6757124066352844,8,0.6579992771148682,11
清嘯神山日未斜獨騎官馬入桐花盡驅春意蘇亭戶不遣丹心負帝家舄鹵八州瞻幕府風雲萬里接京華去時得路揚鞭闊野衲相思自摘茶,0.6251967549324036,2,0.623274564743042,8,0.6220128536224365,5
若生男子即聽出家,0.583265483379364,8,0.5640838146209717,9,0.5601469874382019,4
劉徳祥監税江州有誤傳其子死者遣人回家并寄書吾孫詞甚酸苦予因賦詩代簡,0.775528073310852,3,0.7662166953086853,2,0.749388575553894,4
我想屠岸賈與趙盾兩家兒結下這等深仇,0.8432900905609131,1,0.7675186991691589,3,0.7536484599113464,12
隨家豐儉,0.7065901756286621,3,0.7053428292274475,2,0.6923726797103882,8
與灑家一般的一個和尚,0.7954901456832886,8,0.7248101234436035,9,0.7062505483627319,14
早遂田園樂人推靜退賢安知名下士竟作水中仙韋氏珠生蚌米家虹貫船良朋驚頓失嵗晚獨凄然餞行之諸暨知州,0.7655636668205261,8,0.7253034114837646,14,0.7244007587432861,9
餘悉縱令歸家,0.6189718246459961,2,0.6176875233650208,9,0.6137255430221558,8
臣竊惟綱常乃國家之大本,0.724632203578949,3,0.7161498665809631,1,0.6732864379882812,2
題王子質家青山白雲圗,0.682548999786377,4,0.6801665425300598,5,0.6729029417037964,8
你一向在俺趙家門下走動,0.8227673768997192,1,0.7696125507354736,3,0.7510932087898254,9
禮光度羅漢出家,0.6190120577812195,3,0.6137166619300842,1,0.597085177898407,2
先生治家甚嚴,0.7456321120262146,3,0.7152208685874939,1,0.7058870792388916,2
黃文炳就攛掇蔡九知府寫了家書,0.7048808932304382,16,0.6738339066505432,5,0.6711369752883911,4
其於國家,0.647551417350769,4,0.637496292591095,2,0.6316078305244446,9
不隕其家聲,0.6983519196510315,4,0.691557765007019,9,0.6759468913078308,16
我國家興王之初,0.6837918758392334,3,0.6662670969963074,1,0.6588195562362671,2
流民雜沓到興元也與君鄉總一般若要大家均樂土只消時雨洗兵端,0.7371444702148438,1,0.7256567478179932,9,0.7225644588470459,2
少時宿於人家,0.7107349634170532,8,0.6450733542442322,9,0.6175712943077087,16
豈惟廩祿惠及官吏之一家,0.5472100973129272,9,0.5069541335105896,8,0.4981383979320526,17
十內年饒舌終日化緣不歇重陽時節驛家翼路滑卜,0.7631163597106934,8,0.689807653427124,9,0.6897600293159485,14
其坊村人戶鄰居之家,0.6816515326499939,8,0.6688029170036316,9,0.6559933423995972,2
江南大家被害尤甚,0.7117331027984619,9,0.6606364250183105,8,0.6553474068641663,14
因而家焉,0.6625698804855347,4,0.6585440039634705,2,0.6558265089988708,8
汝家狼藉,0.7424346804618835,9,0.7415391802787781,8,0.7316162586212158,1
戚學士有家藏仲長統隱宋齊彥趙子昻有詩次韻,0.6745705604553223,4,0.6745050549507141,9,0.6692138910293579,8
祖道家風,0.6972833275794983,7,0.6870730519294739,14,0.685233473777771,9
屠人之家而奪其食,0.7320414185523987,8,0.7273109555244446,5,0.7243742346763611,4
間陳三聖家法,0.7442545890808105,9,0.6874129176139832,14,0.6867285966873169,8
絲綸閣下半同袍獨上南船去莫招出宰不嫌官俸薄過家未覺驛程遙長溪白石晴雷轉深洞黃茅毒霧消想見行春有佳句坐令逺俗變風謠,0.699088454246521,8,0.6817466020584106,16,0.6543442010879517,5
乃生男子載寢之牀載衣之裳載弄之璋其泣喤喤朱芾斯皇室家君王,0.7009052634239197,8,0.6844366192817688,9,0.6668992042541504,16
有天下國家者,0.7319527864456177,3,0.7289727330207825,1,0.6951064467430115,2
便從後門小路奔回家裡,0.838904082775116,3,0.7908859848976135,1,0.7810041308403015,4
家事匆匆官事繁詩書肯放片時閒當年嗟我髯方白今日憐君鬢已斑千里好風來鐵甕一江明月浸金山相看同是天涯客回首燕然似夢間,0.5532742738723755,8,0.521354615688324,15,0.5135645866394043,16
吹笙太子慕飡霞一鶴空山縂是家桐栢㡬回清露重人間容易日西斜,0.7090746760368347,8,0.6808990240097046,4,0.6794322729110718,5
我國家新令未洽,0.658964991569519,3,0.6529785394668579,2,0.6491551399230957,1
江城水闊雁來稀閩嶺雲深去路微風土於人誰信美年華驚夢不如歸過家幸遇賓興日行路寧辭露濕衣安得重為論宿昔好賒鄰酒扣柴扉,0.6906604766845703,8,0.6649237871170044,5,0.6578848361968994,4
前人亦有以治家喻治國,0.7282536625862122,7,0.7060651183128357,3,0.7050766944885254,2
同是風流王謝家雲萍漂轉各天涯忽逢落日烏衣巷並立東風白鼻騧蕉葉深杯情潦倒桃花團扇墨橫斜賢人在位親無恙八月須乗奉使槎,0.7409805655479431,8,0.7323899865150452,14,0.7231528759002686,9
先國家之急而後私讎,0.6422186493873596,2,0.6368627548217773,3,0.6327627301216125,1
我家蘘荷陰,0.7478205561637878,4,0.7292272448539734,8,0.7070702910423279,1
那和尚便領灑家出庵,0.7447930574417114,8,0.7100425362586975,16,0.7014092206954956,9
分付本家親人收執,0.7712354063987732,9,0.7347005009651184,1,0.7183158993721008,13
孔子世家一卷,0.6895106434822083,1,0.6490495204925537,3,0.644463062286377,4
君家輪扁本多能碧軾朱轅照眼明居士此迴無馬坐郎官不可輒徒行陳遵投轄情何厚靈輒扶輸報敢輕別更不須尋土物載將春色去東城,0.7584203481674194,8,0.7397120594978333,9,0.7221553921699524,14
將呂家三千口家屬,0.7994868755340576,1,0.7476621866226196,3,0.7314803600311279,14
萬事乘除不可期此行休怪到家遲千山萬水秋光裡盡是君家得意時,0.672044575214386,16,0.6671513915061951,4,0.6638171672821045,2
千室大邑百乘鄉大大之家掌邑長家臣之通號赤也何如子曰赤也東帶立於朝可使輿賓客言也不知其仁也,0.7341877818107605,2,0.7332771420478821,3,0.7297012209892273,4
在家在外,0.7698889970779419,3,0.7232738733291626,2,0.7133749127388,1
盧提舉妾阿張告爭家財,0.7556047439575195,3,0.7547803521156311,1,0.7187418937683105,16
此子吾家千里駒也,0.7394840121269226,9,0.7310610413551331,4,0.7241520881652832,1
縱家人貸公使錢數千緡,0.7007233500480652,16,0.6665847897529602,9,0.6488624215126038,8
魄浸階夜三刻蜀錦堆杳花院霍風動嚴旌玳瑁雲蟲綱珍珠曰美人正席羅紐管績幄雲尋爐帶恐金宜漏水空不拘鸞孺坑鉤滿勸君莫負家鳩見古人傷晝短,0.6900132894515991,8,0.6605369448661804,6,0.6599929332733154,5
廟堂真宰拜姚崇斗米三錢四海同今日太平應有象畫家消息恐難工,0.7279510498046875,7,0.7021836042404175,8,0.6768177151679993,9
伯蘭仲蕙藹芳聨季也春風玉樹妍昭世堂堂公選舉名家袞袞富才賢詩書義了五車讀文采光新累紙傳老眼增明有今日為歌黃鵠覩方圜,0.7290225028991699,7,0.6780197024345398,2,0.6754284501075745,9
夫若無族矣則前後家東西家無有則里尹主之,0.7961519360542297,1,0.7813658714294434,3,0.7278122305870056,2
私語外家革命事,0.6932305693626404,8,0.6869523525238037,9,0.6688148975372314,14
嘗聞某處富家兄妹同居,0.7869874835014343,1,0.7501033544540405,3,0.7230774164199829,14
宗周孝友家千載慶未已孝顯克繼序詠歌已盈耳榮親在騰芳兼善貴成已尚口或貽羞庭訓亮及此㑹見德星褒式表髙陽里,0.6899763345718384,16,0.6823476552963257,8,0.6616910099983215,14
今夜必是他家權宿,0.7699479460716248,8,0.7444073557853699,9,0.7378942966461182,14
還家揭燕寢曰小雲堂而賦詩云,0.7184779047966003,3,0.6674444675445557,1,0.6595880389213562,2
丁家兔二,0.7525496482849121,14,0.7515024542808533,8,0.7122947573661804,16
刪禍酬說鹽霆搢園輕壽一閑西閏樓醫固壘書州盟匪偃醒點陸賈困植驪圄主滅回單燭一匝家當漢瑾攘獸嗣摧蹄諸邑人等不得濁綴頭建盟變亦不渭赤園,0.7238133549690247,8,0.710022509098053,5,0.6979207992553711,4
平生愛詩復愛酒晚嵗畏名兼畏茶年過五十不歸去底用中年始憶家,0.6059563159942627,8,0.578393816947937,4,0.5768616795539856,5
五位好漢引著十數個打魚的莊家把這伙官兵都搠死在蘆葦蕩里,0.7552433013916016,8,0.7162471413612366,13,0.7042621374130249,9
今日得大官人來家做個主張,0.8023982644081116,3,0.7700249552726746,1,0.7408400774002075,2
其為國家之害,0.6815441846847534,3,0.674770712852478,2,0.6683670282363892,1
惟相公家,0.6612053513526917,9,0.6336581707000732,8,0.6310728788375854,14
國家用人之際,0.7168605923652649,1,0.7133076190948486,3,0.6888531446456909,7
不幸當國家破亡之時,0.7379367351531982,1,0.7368665337562561,3,0.7096492648124695,2
妾身在家頗通絲竹,0.8529651165008545,3,0.7653676271438599,2,0.7640202641487122,1
足贍汝家,0.6479976177215576,9,0.6397197842597961,2,0.6383252739906311,4
莫有誤失其家邦,0.7345916628837585,4,0.7321029305458069,9,0.7193683385848999,2
乃禪家呵佛罵祖之類,0.7260461449623108,1,0.7140728235244751,7,0.7001342177391052,3
上累國家,0.6179662346839905,8,0.5919239521026611,14,0.5886083245277405,11
示出家,0.6100649237632751,1,0.6094077825546265,3,0.604865312576294,9
方墟鋪石頭堽鋪烏山鋪齊家店鋪南亭堽鋪南十里鋪蒲塘鋪三角子鋪孔家堽鋪土山鋪羅家林鋪戴公堽鋪漆橋鋪朱家店鋪湯師娘鋪松兒堽鋪,0.7542403340339661,14,0.7322075963020325,1,0.731725811958313,12
若有隱藏之家,0.6467294692993164,8,0.6413984894752502,6,0.627514123916626,9
莊家到都呆了,0.7794502377510071,13,0.7111335396766663,9,0.6947149634361267,8
我如今就認義了石家兄弟做我兄弟,0.7596442699432373,8,0.7496843934059143,9,0.7473859190940857,14
憶昔西湖遊畫船重來風景總茫然酒家楊栁渾無主歌館琵琶已絶絃竺國朱甍仍舊貫岳墳翠栢自流年平生弔古登臨興搔盡雙蓬雪滿顚,0.6846312880516052,8,0.6322364211082458,7,0.628796398639679,2
中選者復其家,0.6769280433654785,9,0.6613315939903259,8,0.6360944509506226,11
張鵬字應秋號雲程福建甌寧人發身儒林游心藝圃畫擅百家之長書精四體之妙尤長山水烟霧花草翎毛特其餘事耳海內縉紳多珍重之,0.6836426258087158,9,0.6768222451210022,7,0.6483091115951538,12
富人家祀,0.7194256782531738,8,0.7075138688087463,9,0.7013155221939087,14
禁弛池湖恤困窮小罾敝笱若為功攔江數罟橫千尺卻被豪家一舉空,0.7639797329902649,8,0.7459046244621277,9,0.6995587944984436,14
題孫氏永慕圗游宦恐忘邱壠念披圗如對白雲孤平生畫卷㸔多少㝡愛孫家永慕圗,0.7379084229469299,14,0.7338060140609741,8,0.715514063835144,9
年七歲依本邑常樂寺國清出家剃染,0.7091450691223145,3,0.6863589882850647,1,0.6798045635223389,2
家資一空,0.4346665143966675,9,0.4333621561527252,8,0.4083971381187439,16
家學是繼,0.37580257654190063,8,0.36406221985816956,9,0.35765406489372253,16
秋風吹客客思家,0.6859611868858337,8,0.6655163764953613,5,0.6587398648262024,4
即入謁家廟,0.75690758228302,16,0.7189205288887024,14,0.7136399149894714,8
至日微雪家人盡上塚獨歩小酌,0.7389140725135803,3,0.7003329992294312,16,0.6981296539306641,1
而士大夫家益肥,0.6887556910514832,8,0.6692607998847961,9,0.6376479268074036,17
便奔歸家,0.5918197631835938,3,0.5852711796760559,16,0.581091582775116,2
孝子歸家一哭而止,0.7755354046821594,3,0.7429725527763367,2,0.7297220230102539,1
常於府水軍萬戶寨及張京馬頭徃來酒家,0.6068404316902161,8,0.5744665861129761,11,0.5590894222259521,14
無人家,0.7030332684516907,8,0.6518669128417969,17,0.6464919447898865,9
是也邇來處處有之能隱形入人家淫亂致人成疾放火竊物大為家害法術不能驅醫藥不能治呼為,0.7392507791519165,3,0.7362838387489319,8,0.7283812165260315,1
不是唐家綠衣子,0.7716920971870422,14,0.7620923519134521,9,0.745137095451355,8
戲把燈花幻草蟲世間筆墨詎能同雲巢家法坡仙語令我披圖悟色空,0.768617570400238,8,0.7008156180381775,9,0.6914741396903992,14
題單吉甫擕示江孝卿書巻二首凝重楷法田家賦從衡草聖秋風辭江君九京不可作翰墨千載猶陸離,0.6974052786827087,8,0.668499231338501,14,0.665878415107727,9
漢家宮闕碧岧嶤六合同来不待招非此詎能隆上國有臣何幸際昌朝光連帝極環●象翠積中天仰鬱霄葵藿寸心深向戀日華明處五雲嬌,0.7305164933204651,14,0.7192341685295105,8,0.7135788202285767,9
婿留於婦家執僕隸役,0.7494500875473022,8,0.7484383583068848,3,0.7225204110145569,2
以輯寧我邦家,0.5931894779205322,8,0.5813688039779663,9,0.5797650814056396,4
世家朔漠,0.6923935413360596,1,0.6534525156021118,14,0.6467728614807129,12
漢家將軍高築壇,0.7688778042793274,14,0.7366770505905151,9,0.7331826090812683,8
曹家生紅,0.7329572439193726,14,0.7241014242172241,9,0.7157774567604065,8
家貧至孝,0.5378959774971008,16,0.518484354019165,8,0.5092813968658447,9
二月作客楊家巷東望滄浪眼欲醒云樓吐氣蛟蜃紫海戶送色蓬萊青也知奔走非我事直以疏慵任性靈別後憶君兼日夜滿江風雪況如馨,0.7269964814186096,1,0.6946253180503845,14,0.6891997456550598,12
在呂呂太平莊上公孫杵臼家藏著哩,0.7861911058425903,3,0.7837349772453308,1,0.7770770788192749,4
朱氏通志家氏通義張氏龜鑑圖,0.6546344757080078,16,0.6362975239753723,9,0.6094824075698853,14
陪堂出家,0.5883016586303711,3,0.5826891660690308,1,0.5635836124420166,2
禮州謝家建導特橋,0.7278252840042114,14,0.7075673937797546,16,0.6829013824462891,8
爭奈隔壁李家叔叔有些難說話,0.7651755213737488,14,0.7643771767616272,1,0.7529564499855042,9
莫孤負田家瓦盆,0.767366349697113,8,0.7265958786010742,14,0.702551543712616,9
如今天下盛行四家字體,0.7229964137077332,9,0.6712172031402588,8,0.6665765047073364,13
至則館其家,0.6868587732315063,4,0.6669830083847046,9,0.656198263168335,3
走不過十餘家,0.6136021018028259,9,0.6030494570732117,11,0.5919851064682007,8
阿爾渾家切須保護一靈之物,0.7232802510261536,9,0.7080377340316772,8,0.6839554905891418,14
元貞元年乙未七月朔日作程氏先塋之銘維程氏家本農也居於蒲阪聖元割金爰徙薊丘既富夀昌看舟造吉實為燕程始祖之藏施於後人其子子孫孫世享之,0.7195060849189758,14,0.709277868270874,4,0.7030351758003235,1
一家盛德千載榮,0.7535472512245178,9,0.6947566270828247,1,0.6750798225402832,12
婉容慚我養愛子有吾親今日逢初度明年又六旬功名留晚節詩禮法前人無屋蔽風雨有兒能負薪送家嚴赴杭,0.7123297452926636,2,0.7074546217918396,5,0.7068633437156677,8
莫作蕪城賦長歌藻泮思盤飡陳苜蓿虛座擁皋比彭蠡家何近漳江棹不遲春城且氷雪能忘別離時,0.7164508104324341,4,0.7077158689498901,5,0.691193163394928,8
餘家重膺天恩,0.7480042576789856,9,0.7422531247138977,1,0.7207532525062561,14
厲歸貞五代入書牛甚妙富見牧牛圖大幅還山清潤入牛間適後有八分書羽士厲雌真筆舊藏喬仲山家今不知在何處,0.7122626900672913,8,0.6900436282157898,9,0.6857885122299194,4
江左衣冠族家傳復過庭城空新化鶴忩冷舊囊螢西漢儒林傳南州處士星階前蘭玉滿袞衮繼芳馨挽王端卿處士,0.7257890105247498,8,0.7236257195472717,9,0.7161805629730225,14
臣恐國家之憂不在金人,0.7273818850517273,1,0.7212512493133545,3,0.6863754987716675,2
及有新造成舶船之家,0.6735338568687439,8,0.6480886936187744,9,0.6161120533943176,6
家產蕩盡,0.32631734013557434,8,0.3198959529399872,9,0.3078523874282837,16
酒家但打翻的,0.7369516491889954,8,0.7041484713554382,11,0.7028260231018066,9
以疾終於家,0.626162588596344,3,0.5915853977203369,2,0.5807187557220459,9
赤手拔鯨牙長安早看花春風百里裛桒麻栁色宮●銀束●親受賜玉泉家鱓皷報朝衙桒●掛緑蛇拜雙親盃捧流霞只恐哦松哦未了天上去又乗槎,0.7507702112197876,8,0.717578649520874,14,0.7029503583908081,9
碧瀾堂下載嬋娟揺蕩春風樂少年千里過門君有意一尊留客我無縁揚州簫鼓人如玉江水琵琶月滿船稍待秋高騎鶴去相隨李白酒家眠,0.6876646280288696,8,0.6661432385444641,4,0.6532472372055054,5
國家將興,0.6200921535491943,9,0.6040324568748474,8,0.574298620223999,7
滚滚黃塵滿敝衣旅人春晚思依依天涯岐路亡羊去枕上闗山化蝶歸桃業逺勝荼葉苦梨花不待栁花飛思親自謂還家好猶恐山妻不下機,0.7471034526824951,2,0.7209287881851196,3,0.7141452431678772,4
予手拮据予所捋荼予所畜租予口卒瘏曰予未有室家,0.6398000121116638,8,0.5737849473953247,14,0.5736063718795776,5
東魯三家市長橋壓怒濤寒沙秋一雁殘月夜千艘北極天形大中原地勢髙百年洙泗上今得浣征袍,0.686121940612793,9,0.6509833335876465,11,0.644549548625946,12
慮梁破渥賂歆斜僻似華陽道士家漠灶春雲飛別鶴潺管夜雨雜鳴鐘鬧看稚手翻書葉時有鄰翁汲井花隕莫傷作棠綠共舟人翼懼十世臺斗己,0.7441790103912354,8,0.7065228223800659,16,0.705168604850769,5
如今條畫根底省家文字裡交行呵,0.6865099668502808,3,0.6571474075317383,1,0.65699702501297,7
自家乃是蔡相公府中一個院子,0.757077693939209,3,0.7512422800064087,1,0.7153461575508118,4
當年逰薄宦脫鞅到君家摩拊紫荊樹攀縁常棣華芳名稱月旦萍跡寄星槎長壽鄉中客陶然飲紫霞,0.7237100601196289,4,0.7102984189987183,2,0.7022295594215393,8
絕類人家所畜金毛猱狗,0.7611533403396606,8,0.7245178818702698,14,0.721341609954834,9
誰知道全家病滅,0.8318780064582825,1,0.8114967346191406,3,0.7608810067176819,2
女家設次於外,0.6831345558166504,8,0.6778513789176941,9,0.6196656823158264,13
若浮而大浮為氣實大而血虛小盒飯赤而難胞中當虛今反小便利而大汗出法應衛家微可與小建中湯,0.6982653737068176,8,0.6683743000030518,9,0.6673377156257629,16
錦水東來嗚咽聲摧殘喬木盡凋零孔堂俎豆思耆舊洛社衣冠失典刑種善長留人頌徳承家已有子傳經自慚枯槁無由達忍為先生寫誌銘,0.7240098118782043,3,0.721863329410553,2,0.7201488018035889,16
番家無產業,0.7494981288909912,8,0.7136493921279907,14,0.6966524124145508,9
儒家唱理,0.7019848227500916,1,0.6820563673973083,3,0.6682955622673035,7
仁廟正言于庭必扶其要●深蔽●群䜛切膚帝尚仁孝寧之厥家,0.5638890862464905,5,0.5618432760238647,4,0.5530716180801392,8
家私沒半分,0.3551065921783447,8,0.3391433358192444,9,0.3390166759490967,15
如今親家著你來有何干,0.7852364182472229,1,0.7745572328567505,3,0.7695317268371582,2
此祖宗家法也,0.734745979309082,9,0.6922714710235596,1,0.6907685995101929,14
唐有張錫宅父子五人列戟時號萬石張家又武攸宜宅狄仁傑宅裴談宅崔明宅韋湊宅張知謇宅,0.7499878406524658,8,0.7478852868080139,14,0.714715838432312,9
大藥無功卦氣銷等閒雙鬢雪飄蕭東家釀得黄精酒說道凌晨許見招,0.7662930488586426,9,0.7630259990692139,1,0.7549214363098145,8
家法嚴明,0.6391270160675049,9,0.6307753920555115,8,0.6278070211410522,16
又官其家一人,0.7291305661201477,1,0.7101706862449646,9,0.7063891291618347,3
史記世家云,0.6711733937263489,1,0.6463425755500793,3,0.6434768438339233,9
昔年家住篔簹谷葉葉凌雲對此同近日畫師争歛手垂頭疑在栁隂中,0.7668872475624084,4,0.7609848380088806,3,0.7485091686248779,2
耗國家的都敘爵論功,0.7231501936912537,3,0.7167317271232605,1,0.7050207853317261,2
俺家現當里正,0.7537420392036438,1,0.7444788813591003,3,0.7262661457061768,4
諸生課罷弄煙霞紡績乘閒為煑茶白鹿高風有誰繼草堂貧女晦庵家,0.7127742171287537,8,0.6494616866111755,16,0.6455801129341125,5
逕奔李師師家來,0.7617748379707336,3,0.7533042430877686,4,0.7353205680847168,1
夀卿明敏資丹青聊適意蠟屐與揮鍜未覺累髙致妙處固有在形似抑其次君看造化筆袞袞生萬彚擇術古所慎藝成當撥置螢窓積舊書家世要卿記,0.7175209522247314,9,0.7108677625656128,16,0.7056580781936646,1
至其家,0.6322388648986816,4,0.6217199563980103,9,0.6144827008247375,1
翻翻聫聫犖犖确确東海巨蛇才脫殻滔滔車腹水逆行輥輥車聲雷大作能消㡬部旱龍骨翻得陽侯波欲涸誰家少婦急工程徑上車頭泥兩脚,0.7532480359077454,8,0.7426908016204834,2,0.7381892204284668,4
沙門不敬王者論在家第一,0.6552953720092773,3,0.639177143573761,7,0.6366051435470581,1
自家是漢朝一個小黃門,0.7260068655014038,1,0.7071025371551514,9,0.704096794128418,3
南燕姞姓后稷妃家也詩初殷紂命西伯昌典治南國,0.7243490815162659,8,0.7198323011398315,14,0.7006990909576416,9
山家厯日年年有林鳥園花報四時建戌預求尋藥月逢辰要及種瓜期胷中堯典二三冊夢裏豳風第一詩餘韻千年宛如在晴牕捲卷不勝悲,0.8026794195175171,8,0.700896143913269,14,0.6734305024147034,9
國家主持名器,0.6779552102088928,9,0.6695311069488525,13,0.6477166414260864,3
國家遇有大役,0.6982064843177795,9,0.665212094783783,13,0.6490073800086975,8
解緩也蹇難也睽外也家人內也先儒曰唯解則心安而意舒唯結則阻滯而情廹踈而外則為睽親而內則為家人,0.7165097594261169,16,0.6761674284934998,8,0.6745191216468811,3
南邊屬漢家,0.6214874386787415,8,0.6180674433708191,14,0.5802150368690491,9
鎮撫國家親院百姓,0.6966871023178101,3,0.6887719631195068,1,0.6647338271141052,2
冶車二尼蒙引家人則天池定住此天池之大義匕而男女之各正于內外北即天池之巍歸緣則陰陽更感天他匕大羌加而騮室女家支交武亦夭地之火義口,0.715910017490387,16,0.7040917277336121,8,0.6876060366630554,9
富貴之家,0.7080837488174438,8,0.6913648843765259,9,0.6797793507575989,4
荀或為尚書令持節特稟秉累席其在臺閣不以私意撓公劉李和嘗曰荀令君至人家坐處三日香,0.7435849905014038,3,0.7414136528968811,8,0.7173702120780945,2
這人戶家家作念,0.7701552510261536,1,0.7334792017936707,3,0.7246390581130981,2
你家見有狗肉,0.7282594442367554,1,0.7081382870674133,4,0.7050265073776245,3
玉削青尖太華山君家名勝百年間相公開府今分陜吾子承家又鑄顏詩似晚江晴浪捲心如春水白鷗閒自憐南北成何事粗向交情見一斑,0.7350614666938782,9,0.7321931719779968,1,0.730033278465271,12
濠梁有客意相親風雨孤舟泊水濱攜具入門添我恨烹茶為主奈家貧從游誰作觀魚伴就語今逢裹飯人秋晚能酬江上約豈無雞黍待嘉賔,0.7354571223258972,2,0.7268642783164978,3,0.7095428109169006,16
照顧家屬,0.707186758518219,3,0.6957778334617615,2,0.6857021450996399,1
先生世本農家,0.666594386100769,8,0.5761565566062927,16,0.5738425254821777,9
昔國家定為枉法不枉法之例,0.7246565222740173,3,0.7168576717376709,1,0.679800271987915,7
幽居只在平湖上萬竹●●不可尋龍化毎因春雨過鳯巢多在碧雲深人皆到此失炎暑風忽過之如瑟琴能有此君相晤對故家何用積黄金,0.705005407333374,2,0.7002416849136353,4,0.6874203085899353,3
這個人不似出家的模樣,0.7267894148826599,2,0.7227884531021118,3,0.7047503590583801,1
使治經者必守家法,0.6862062215805054,16,0.6835424900054932,8,0.670941174030304,9
故有家資者,0.6970362067222595,9,0.6829413771629333,16,0.6501265168190002,8
抗拒者全家斬首,0.7526534199714661,1,0.7452663779258728,2,0.7429444789886475,3
仙家山水欎葱邊今日重來翰苑仙五百里間星象動一千年外畫圖傳寒泉㑹粹書還就短簡賡酬句倍鮮不待職方添記註門生語録已成編,0.7782726287841797,8,0.7025870084762573,14,0.6980616450309753,2
也不曾見這個出家人,0.6692056059837341,1,0.6660141944885254,3,0.6614300012588501,2
一色蒼然兩阿翁年也相同月也相同六年湖海共飄蓬烟也溟濛雨也溟濛移家今住葑門東朝也相從暮也相從何當歸隐舊山中桃也春風李也春風,0.6861922144889832,8,0.606844425201416,14,0.6051653623580933,4
璜溪溪上魯東家四壁無塵䕶絳紗春水研池窺乳燕午香簾幙度飛花賓筵優禮同三釡秘閣遺書共五車總羨韋賢家教美滿籯金碧視泥沙,0.7499513030052185,8,0.7241178154945374,14,0.7089563608169556,9
霜剛竭湖侍紫里高末火冊玉鏘鏘傳家信有青袍物當岱字推古戰場故國未松窮池膝難凡光己破天荒相逢若詣情親事分我朝回滿袖香,0.7158727049827576,16,0.7088879942893982,8,0.7077539563179016,9
命家人促裝,0.7024788856506348,16,0.6757760047912598,8,0.650920033454895,9
世南處家甚有條理,0.7260685563087463,9,0.7005776762962341,8,0.6925180554389954,3
說有依部家定擬來的行呵,0.7271350026130676,9,0.7010653614997864,8,0.675507128238678,2
家徒四壁立,0.4341930150985718,8,0.43315187096595764,9,0.4204467833042145,16
小娘子來到恁家裡了,0.7394914627075195,1,0.7154977917671204,3,0.7139514088630676,4
大丈夫當立功國家,0.5903544425964355,5,0.572296142578125,8,0.5708463191986084,9
仙家花月鎮長春,0.7398500442504883,8,0.7046990990638733,14,0.6360936760902405,11
李元中秀才嵗晚游諸公間愁中待醉何曽醉夢裡還家不是家輸與山行窮學究一笻一笠看梅花,0.7296249270439148,4,0.7213195562362671,2,0.703105092048645,3
仙家只在雲間住,0.7637959122657776,8,0.733353316783905,9,0.6989432573318481,2
山如雉堞水如陴堂監慿空直下窺指似雪鴻㽞迹䖏㸔成遼鶴返家時使君延勞承終宴倦客●歡惜早衰為向青霞仙者說吾逰未了一枰棊杜真人逰仙詞,0.7342872619628906,2,0.7154606580734253,3,0.705237865447998,4
花間預想到家時笋蕨堆盤薦酒巵㸃檢兒童㕘小學招呼朋友說新詩,0.753275454044342,4,0.7457872629165649,3,0.7350978851318359,2
當晚就哥嫂家裡歇臥,0.843052327632904,3,0.8021413087844849,1,0.7539019584655762,4
家裏有人在外,0.7392914295196533,16,0.7076136469841003,9,0.7072457671165466,8
你且在我家歇一夜,0.7825896739959717,3,0.7522270679473877,1,0.739849328994751,4
父母在堂之家,0.6829528212547302,8,0.6746902465820312,4,0.6739581227302551,9
在先時節諸王常課段疋柒捌托家更寬好有來,0.6944310665130615,3,0.6758629083633423,4,0.672332763671875,8
詩家之大香奩也,0.7978679537773132,7,0.6827932596206665,9,0.6803154945373535,8
且儒家無焚尸之說,0.7084711194038391,1,0.6934626698493958,3,0.6776043176651001,7
霽色寒光滉詩眼謝家舊賦果誰賢無聲忽訝潮包地不夜常疑月在天溪上過橋僧似畫樓頭把酒妓如仙老夫幸有瓶笙在更掃空堦落葉煎,0.7354738116264343,8,0.7060481309890747,9,0.6944684386253357,14
諸家文集,0.7037817239761353,9,0.6770592331886292,7,0.6660599708557129,1
至晉世家則又云,0.7062374949455261,9,0.6711115837097168,1,0.6608418226242065,3
謹家牒,0.6311254501342773,16,0.627151608467102,14,0.6266892552375793,8
七百餘載真良家,0.685025691986084,9,0.6583783626556396,8,0.6411629319190979,4
親聞家庭之訓,0.7726972699165344,3,0.7353294491767883,1,0.7140262126922607,16
錐刀之利可以破家蕩業,0.6881845593452454,2,0.6764234900474548,5,0.6714994311332703,16
國家修授時歷時,0.6184497475624084,9,0.6094159483909607,7,0.5993415713310242,2
歸去求田旋築亭醉來乗興自書屏仙人知我思家意不遣雲山出戶庭,0.7046688795089722,8,0.6910535097122192,2,0.6867287158966064,16
虎搏龍拏蓋世雄鉄翎鳴鏑六鈞弓錦囊三箭傅家了立馬西風數過鴻,0.7178567051887512,9,0.7048916816711426,8,0.7018865942955017,14
忠心報答趙官家,0.5921930074691772,8,0.5563644170761108,14,0.5408194661140442,17
巨室騷擾鄉民者數家,0.6246697306632996,11,0.6046459674835205,9,0.5955756306648254,8
風還壠麥掉青旗烟歛人家住翠微綠水歌殘山落落碧雲望斷樹依依一封鄉里書才到三月天涯客未歸燕子銜將春色去遊蜂空趂落花飛,0.7208660840988159,8,0.6981213092803955,2,0.6838940978050232,4
陰陰萬木蔭孤村雞犬無聲日閉門河海自隨儒化逺山林惟識梵王尊石潭龜上青蓮遍玉笈蟲書貝葉昏偶說漢家来白馬欲從葱嶺訪昆崙,0.7715361714363098,8,0.7221723794937134,9,0.7218927145004272,14
古名家雜劇,0.7010295391082764,7,0.700751006603241,9,0.6757729649543762,8
從來跟著灑家,0.55525803565979,8,0.5466116070747375,17,0.5418721437454224,6
君家好兒子目漆貌如瓊霞舉占祥鳳潮生掣巨鯨弓刀騰逸志禮樂紹前榮我亦吟曽稚因知䑛犢情又,0.7447830438613892,8,0.7118725776672363,9,0.7054262161254883,17
田家雜興,0.7719142436981201,8,0.7274447679519653,9,0.72592693567276,14
觀家人治蠶事蠶將老而桑不繼求賈甚艱窘,0.7304758429527283,16,0.715874969959259,8,0.7030359506607056,9
我眠船中五十日飯有飛塵鬢有沙古言墨頭須萬里底用中年始憶家,0.5786225199699402,8,0.5372965335845947,5,0.5315315127372742,6
予家藏風字歙硯石色斵手二者佳甚所患褪墨略不得色聞師道吾友有竒石善勵鈍發鋭能一礱治亦太●之一助也遂作詩以懇之其辭曰,0.7012162804603577,3,0.6776007413864136,1,0.6774700284004211,4
以遺逸起家,0.5797265768051147,3,0.5630044937133789,1,0.5382845401763916,12
天牛獨角仙本草不載宋金以來方家時用之治小兒急驚風吹鼻定命丹點身面痣靨芙蓉膏中俱用獨角仙蓋亦毒物也藥多不錄蠍化天牛有毒蠐螬化蟬又,0.6496375799179077,8,0.6405215263366699,9,0.597942054271698,14
陽貨欲見孔子而惡仙禮大夫有暘於士不得受於其家則往拜其門陽貨爛孔子之亡也而饋孔子蒸麻孔子亦爛其亡也而住拜之當足時陽貨先豈得不見,0.7533586621284485,3,0.7450278997421265,4,0.7302279472351074,2
賣鞏昌某家,0.6623995900154114,9,0.649196207523346,8,0.6351482272148132,11
按是時國家草創,0.6867594122886658,9,0.6864192485809326,2,0.6769727468490601,8
州縣宜檢括出家僧道不土著等人有以妖術扇惑人衆及造作偽金銀者痛行治罪,0.6780626177787781,3,0.6673138737678528,1,0.6668450832366943,2
庶家世興隆有加而未艾,0.7423133254051208,3,0.7290385365486145,1,0.6914234161376953,2
中都路是家,0.69222491979599,8,0.6610687971115112,4,0.6571975946426392,5
歸家尋舊路,0.7723038792610168,2,0.7621351480484009,4,0.7437829971313477,3
然則諸君子盍亦深思國家設科之本歟,0.707439124584198,3,0.6952525973320007,1,0.679959237575531,2
悖家金谷拜塵兮,0.7284718155860901,8,0.6860054135322571,9,0.6842415928840637,14
與軍將山連山下有嶺曰芮家嶺嶺下皆平田吳塘門在其下吳塘山相近焉石人塢在山西,0.6938273906707764,8,0.6820969581604004,14,0.6563650965690613,16
丞相王商國家之柱石臣也其人守正不詘節童相國家柱石不可不強,0.7790403962135315,1,0.7684246301651001,3,0.7145326137542725,12
爵人於朝與士共之刑人於市與衆棄之是故公家不畜刑人大夫弗養士遇之塗弗與言也屏之四方唯其所之不及以政示弗故生也,0.7377477288246155,3,0.7265278697013855,1,0.7253571152687073,8
煙波渺渺夢悠悠家在江南海盡頭音信稀踈兄弟隔一聲新雁九江秋,0.7490541934967041,4,0.7251360416412354,5,0.7081091403961182,2
陶然忘其為貴家也,0.7272946834564209,8,0.6927701830863953,9,0.687030017375946,2
尋涼隨水到溪亭十里緑陰慚鳥聲自惜筋骸恒卅故豈知風露巳秋清白雲似與山爭秀落日放敎川盡平六月農家猶赤地登臨舒嘯若為情,0.7735374569892883,8,0.6852741241455078,2,0.6771668195724487,9
家裡沒,0.36077356338500977,8,0.35241201519966125,6,0.3467792868614197,16
於國家有益多有,0.7264267206192017,1,0.7239758372306824,3,0.697624146938324,2
夫人臣而當國家言責之任,0.6853870749473572,3,0.6666501760482788,1,0.6492166519165039,7
十一出家而能日記萬言,0.6533471941947937,3,0.6409916281700134,2,0.6338593363761902,1
吳處厚紹聖初知蘇州居數月為江淮荊淅尊路發運便疏支家河通增楚海歲潛八百內十萬石至京師又修復泰州捍海堰戍復通戶引千八百民為立生祠,0.625576913356781,8,0.6235880851745605,9,0.6074579358100891,16
判代家臣,0.6268983483314514,16,0.6222490668296814,3,0.6018944382667542,9
穀梁氏曰閏月𦵏齊公不正其閏也家氏曰三年之喪不計閏月今齊景之喪以閏月書豈當時計閏以為喪春秋書以譏之與,0.6841564178466797,16,0.662827730178833,8,0.6529809236526489,9
區區遊子困風塵就路還家觸處真芳艸滿川桃李亂風光全是故園春,0.6953425407409668,8,0.6307566165924072,5,0.6208782196044922,4
拘慚自廢于家,0.5981366038322449,8,0.5859617590904236,2,0.5850846171379089,9
小弟今日去李師師家幹事,0.7786591053009033,3,0.7536190748214722,1,0.732936441898346,4
家家都要點燈,0.44331613183021545,8,0.4384914040565491,9,0.41748082637786865,16
徵君家住白蘋溪烟霧蕭騷萬竹迷茅屋曉風隣海濶錦城秋色傍人低朝來把釣頻維棹雨過看山獨杖藜傳得杜陵千古意肯容投老遂幽棲,0.7489461898803711,4,0.736021101474762,3,0.722186803817749,2
得實材為國家用,0.6923909783363342,9,0.6889989376068115,8,0.6708037257194519,14
詩家蘊藉,0.7213785648345947,7,0.6702657341957092,8,0.661135196685791,9
你家老爺動起刑來,0.7814503312110901,1,0.7125546336174011,3,0.673012912273407,14
胡盞與習不祝合軍劉家圈,0.6937268376350403,14,0.6863967180252075,9,0.6796711683273315,16
便施禮拜問公孫勝先生家在那裡居住,0.7948524951934814,4,0.7686025500297546,3,0.7634202837944031,1
晴閣題詩初振袂暮山聴雨更懐家功名有分可通袖變化難期本算沙無地早栽他日樹有愁偏見客中花衆縁起滅從來妄欲掃塵埃㸔法華,0.7258017063140869,8,0.6952022910118103,6,0.6820355653762817,16
凍濘滑如油前驅雨未休轉添行路惡始覺別家愁早市漁翁聚靈祠嶽鬼幽憇鞍寓吾目有句亦堪搜茅田汪王廟,0.7424286603927612,2,0.7191644906997681,4,0.7121432423591614,3
因為他渾家,0.6477479338645935,8,0.6360412240028381,9,0.6211446523666382,4
敕旌表其家,0.6454410552978516,9,0.6247694492340088,8,0.6128519773483276,16
先人家居謹內外,0.7358371615409851,3,0.680266797542572,4,0.674576461315155,5
離爾儔兮別爾家,0.6218206286430359,8,0.6029148697853088,4,0.5999467372894287,5
戴家山口,0.7047647833824158,14,0.6856732368469238,8,0.6629038453102112,16
青鞋三十里草露惹衣斑潮落曹娥渡雲昏夏禹山秋聲黃葉裏天影白鷗間欲問錢塘路漁家半掩關,0.7265814542770386,8,0.6715872883796692,2,0.669000506401062,4
雙瞳剪水照衰翁天許曾孫晬日逢世世傳家惟一硯春雲要見墨花穠,0.7382245063781738,2,0.7328415513038635,3,0.7246303558349609,8
翁然家洛有聲稱辯士著諭具難入受命箕征君易能十萬可橋侯漬歆儒生翼誥不堪惡,0.6886281967163086,16,0.6750914454460144,8,0.6733332276344299,9
延之家塾,0.6847991347312927,9,0.6722253561019897,12,0.664035975933075,16
君家樂府號吳鹽況是風姿美笑談公幹才名傾鄴下子山詞賦擅江南霜晴萬木丹青徧雨暝千峰紫翠含縣幕從容釣台去臨流應自漱餘酣,0.7479874491691589,8,0.7056536078453064,9,0.7025805115699768,14
璫遂出家,0.6483594179153442,3,0.6276912689208984,2,0.620381772518158,1
亦家貧苦學,0.7171403765678406,3,0.7042637467384338,1,0.6835581064224243,2
公之孫同知諸暨州事曮乃以家書數千卷來上,0.7598609924316406,3,0.7367020845413208,1,0.7083097696304321,4
我家大娘子最好,0.7750574946403503,1,0.7267031669616699,3,0.7081868052482605,14
灑家今來收的一擔兒錢物,0.7621734738349915,8,0.6880879998207092,14,0.6694508194923401,9
登北邙山楊果干戈叢裏過壬辰原上纍纍冢墓新寒食清明幾家哭問來都是陣亡人,0.7266150116920471,9,0.6861491203308105,8,0.681677520275116,11
昔瑞於園漢代攸崇大夫獻頌孝慈之風今瑞於家稷氏攸宗小子作詩孝慈之功,0.6873747110366821,8,0.6832150220870972,4,0.6796715259552002,5
蓋其家庭傳授有所本云,0.7729876637458801,1,0.7716155648231506,3,0.7157731652259827,12
所喜者家庭溫厚,0.8080223202705383,3,0.7636904716491699,1,0.7208876609802246,2
織婦吟五首次知縣許由衷妾家住西河家貧守清素年方二八初學織常恐暮父母生我時不識當門戸夫君良家子安肯受辛苦二,0.7626915574073792,3,0.7621282935142517,1,0.7497847676277161,4
望見一簇人家,0.6839051246643066,8,0.6009731292724609,14,0.5965782999992371,9
君家陰德多多種重得讀書郎掌中驚看隆顱犀角黛抹朱粧最堪歡處靈椿未老丹桂先芳他年須記于門髙大車馬煌煌,0.7316763401031494,9,0.7292499542236328,8,0.702618420124054,3
勒而輕有五棱其殼紫黑色內有仁白色俗傳始因潘州郭使君療小兒多是獨用此物後來醫家因號,0.6905950307846069,9,0.6845484972000122,8,0.6645725965499878,7
浮家小泊奔牛堰,0.6756540536880493,8,0.6573671102523804,14,0.5946272611618042,9
自家號做孫汝權,0.7301971316337585,3,0.7263233661651611,1,0.7082586288452148,12
淑氣熏人醉似霞子規聲裏欲飛花馬蹄踏徧青山道底事春深未到家,0.6380077004432678,8,0.6102768182754517,5,0.6075129508972168,4
始家易之淶水,0.6650060415267944,9,0.6645675897598267,8,0.6043559908866882,11
禁家人侵漁,0.7131547331809998,16,0.6785188317298889,15,0.655240535736084,3
率家人乘城拒守,0.6905138492584229,1,0.6869753003120422,3,0.6429551839828491,16
序忠厚也周家忠厚仁及草木故能內睦九族外尊事黄耉養老乞言以成其福禄焉,0.7319331169128418,14,0.70831298828125,8,0.7021559476852417,9
兩家店,0.8297397494316101,12,0.7609565854072571,11,0.7480820417404175,10
古人命卜極精詳苟得神●必寳藏分胃在天兼赤黑圖書隨地列圓方大而元氣求乖合細則人為驗否臧家食如君知此術耕耘何事竟凶穰,0.7707706689834595,8,0.7212839722633362,9,0.7187180519104004,16
酒家先投奔這林子裡來等殺這廝兩個撮鳥,0.6917217969894409,8,0.6658203601837158,9,0.6350640654563904,13
必不是尋常百姓家,0.6377673149108887,8,0.6353976130485535,9,0.6096294522285461,17
回之家貧,0.7347834706306458,16,0.7057198882102966,8,0.6932770013809204,2
梁克家奏,0.622771143913269,16,0.5983093976974487,8,0.5938209295272827,7
南省新堤已築沙禁城猶是舊京華山中未識將軍樹天上新頒宰相麻紫電青霜開武庫金符玉節擁髙牙東南定亂成功了四海車書共一家,0.7422789931297302,9,0.6582428812980652,11,0.6515098810195923,5
間壁十家門上寫著,0.7365798354148865,9,0.7039161920547485,8,0.6951283812522888,11
移家青犢小車新輕振長衢影絕塵幸有山妻帶雞狗仙翁頭白不勝春,0.6965949535369873,8,0.6685280203819275,9,0.6583933234214783,16
子張對曰在邦必聞在家必聞呂名譽著聞也,0.6912718415260315,16,0.679381787776947,9,0.6745152473449707,3
芹老香寒泮水流生平琴劍兩悠悠讀書不辨黃金印作記空登白玉樓吟骨已隨霜月冷詩魂長伴莫雲秋恱齋文墨傳家業分付孫郎地下修,0.6547274589538574,2,0.651268720626831,8,0.6511197686195374,4
家人悉至,0.635503888130188,16,0.5814838409423828,9,0.5747308135032654,8
其廣狹雖隨家之貧富,0.7795848250389099,3,0.7575902938842773,1,0.7523185610771179,2
題光祿主事虎仲桓海棠圖沈香羯鼔打春寒纔見開時又見闌爭似君家屏幛裏年年歲歲有花看,0.7331689596176147,8,0.6628032326698303,5,0.6626063585281372,4
以及大家,0.5290446281433105,9,0.5284101963043213,16,0.5193873643875122,8
子游問喪具夫子曰稱家之有亡子游曰有無惡乎齊夫子曰有毋過禮苟亡矣歛手足形還葬縣棺而封人豈有非之者哉,0.6754759550094604,16,0.6666615605354309,2,0.6596579551696777,4
萬家春色且無窮,0.6745324730873108,9,0.660202145576477,2,0.660070538520813,8
出家做和尚,0.7348551154136658,3,0.7019885182380676,1,0.6862582564353943,2
蕭家渡,0.7379751801490784,14,0.7235240340232849,8,0.7124594449996948,16
梅邉讀易看飛花時復拈杯臉暈霞一枕江南春夢破兩椽茅屋是吾家,0.6982380747795105,4,0.6945810317993164,2,0.6807754039764404,5
四家鄰舍,0.7603936791419983,9,0.7360210418701172,12,0.7299252152442932,13
好生看家,0.6210747957229614,8,0.5937173962593079,16,0.5893726944923401,5
實醫家之宗旨,0.7151988744735718,7,0.6957391500473022,9,0.6707845330238342,8
其家富於左藏數倍,0.7637738585472107,3,0.7582653164863586,1,0.7010686993598938,2
殷直閣將引三二十人到家,0.584396481513977,8,0.5834166407585144,9,0.5655578374862671,16
寄家兄敬徳,0.7070717215538025,16,0.6825876235961914,8,0.661424994468689,9
牽舟泝滄波回首逺城郭人家𣺌煙靄佛塔倚寥廓曠埜鴻鴈飛沉吟西日落懷兹物外侶白雲何悠邈山陽詠懷三首,0.7101930379867554,8,0.6765530705451965,14,0.6680746078491211,9
杉市青烟連逺山人家笑語杉影間年豐境內無盜賊弓刀滿山秋獵還,0.7839881777763367,8,0.7435049414634705,14,0.7350454926490784,9
自古亡國亂家,0.573288083076477,9,0.5513992309570312,8,0.5375673770904541,5
我國家,0.592430830001831,4,0.5853562355041504,8,0.5783807039260864,17
眾好漢把他從前酷害良民積攢下許多家私金銀收拾俱盡,0.7380321621894836,1,0.7338439226150513,3,0.7190842628479004,2
麰麥油油露葉光矮籬風軟菜花香誰家翁媼迎門笑言語無多意甚長,0.6749098896980286,8,0.6673493981361389,2,0.6591176986694336,4
吉字疑羨卦元此義家傳亦元羨明矣鼎之形法以正鼎之德中而實鼎之用大而周故可以致大亨故,0.7201499342918396,9,0.6588193774223328,16,0.6497666239738464,8
炯炯君子心至死能忍貧炎炎小人膽為利寧殺身我年三紀後登朝忤權臣逮逾四五紀破家䝉戰塵縱不當君子終當非小人,0.6877748370170593,8,0.6595994830131531,9,0.6532511711120605,16
䟦家中●藏文公帖,0.7666845321655273,3,0.722720742225647,4,0.7212532162666321,16
錦川石長五丈餘葢宣和後宰門所謂艮嶽前河梁也石色紫碧相間皆成文理近世罕得今藏戚順王家,0.658838152885437,14,0.658306360244751,8,0.6323596239089966,9
天池一樓小如架檠出半天天雨華山圍丈石獅子座寺屬三朝母后家時呼白猿聽竒句亦許飛仙飡紫霞我來把斷朗風口只留床角置袈裟,0.7589551210403442,8,0.7116840481758118,5,0.7017533779144287,4
以列於張劉諸大家,0.6475843191146851,9,0.5872023105621338,8,0.5792416334152222,7
畫裡春風在眼前詩中雅意若為傳慿誰更譜絃歌了細味周家八百年,0.7605047821998596,14,0.7207342982292175,8,0.7002504467964172,9
見前面一村人家,0.6646971702575684,8,0.6196362972259521,9,0.6018287539482117,14
江色溟溟接太虛秋來到處有蓴鱸酒家鱠具如堪借暫卸南風十幅蒲,0.7302061915397644,8,0.6697902083396912,9,0.6447674036026001,11
晚趨嚴召直承明侃侃論思歲未更國老不應持節去鄉人徒羡過家榮,0.7261602282524109,8,0.7104207277297974,5,0.7045489549636841,4
話說燕青在李師師家遇見道君皇帝,0.7878877520561218,3,0.7587589025497437,1,0.7534962296485901,4
從別家鄉,0.5977915525436401,8,0.5941725373268127,16,0.5872740149497986,4
兩人者皆家真定,0.6045698523521423,9,0.5789958238601685,16,0.5721697807312012,8
累世同居公藝忍見金不取㓜安亷古今為善豈求報造物虧盈毎益謙春滿蘭堦無限好年侵蔗境有餘甜堂成更許門髙大還得天家雨露霑,0.7461415529251099,8,0.700439453125,2,0.6929948925971985,9
今夜兄長自與家間二三人去看燈,0.7885966300964355,3,0.7756100296974182,16,0.7480199337005615,1
約水東西雲窈窕幾家楊柳木笑蓉齋居幽閭無人到展齒絰行破辭封察竹憲虛秋半雨相林寺逮曰沉鐘寄詩為遣長相憶想亦休亡念雖,0.7323411107063293,9,0.7219229936599731,8,0.7044133543968201,11
翠竹冷渠幸不遮分眀開向野人家影斜流水春前樹香淡疎籬雪後花索笑故應催客句亂愁秪為送年華揚州何遜無消息欲寄東風道路賖,0.7445967793464661,8,0.7114996314048767,5,0.7033541798591614,4
近來南國奏胡笳處處干戈亂似麻避俗每觀高士傳過江直訪故人家百年風雨祠前樹萬里雲濤海上槎猶憶太平無事日西湖載酒賞荷花,0.7310212850570679,8,0.7287014722824097,4,0.7153365015983582,14
便要綁縛酒家,0.6234959959983826,8,0.5714656710624695,9,0.5462157130241394,17
積不善之家,0.6509446501731873,8,0.6499706506729126,9,0.612774133682251,5
至於破家而止,0.6861549615859985,2,0.66404789686203,3,0.6600109338760376,16
驅國家之實利,0.689871609210968,2,0.686308741569519,1,0.6862797737121582,3
丞相率兵至于丁家洲,0.7797424793243408,14,0.7783220410346985,8,0.7262747287750244,9
自謂非古今畫家者流,0.7981774806976318,7,0.7122194766998291,2,0.7062264084815979,9
陳皇宅前第一家,0.7260245084762573,9,0.7162764072418213,11,0.7099902629852295,12
彼豪家雖立法抑之,0.7217947840690613,9,0.7161552906036377,1,0.710949182510376,8
如富家平時不刻剝,0.759765088558197,8,0.7205948233604431,7,0.7141380310058594,3
大為國家之利,0.6992563605308533,3,0.6944843530654907,1,0.6940112709999084,2
婦產敗家之孫,0.6699338555335999,2,0.6675634384155273,7,0.6616274118423462,16
即國家無窮之利也,0.7451732158660889,3,0.7270495891571045,1,0.7144430875778198,2
孟于曰是焉得為大丈夫于子未學禮子丈夫之冠也父命之女子之嫁也母命之往送之門戒之日往之女家必謂必戒無諱夫子以順為正者妾婦之遺也,0.7081165909767151,8,0.6633970737457275,17,0.6291993260383606,14
吳太伯世家三之一,0.752101719379425,1,0.7090985178947449,3,0.6834378838539124,4
仍具本家見在物力,0.7275583148002625,9,0.7050071954727173,3,0.698004424571991,13
如今出了家做和尚,0.7669740319252014,3,0.7319110035896301,1,0.7239180207252502,2
我哥哥是詩禮之家,0.6702567934989929,8,0.6320728063583374,5,0.6260548830032349,4
長淮昔戰争廢地少人耕野壁三家市官亭十里程田夫時識字水鳥不知名薄暮宿何處孤雲又一城客中度嵗,0.7149841785430908,9,0.7097715139389038,12,0.6823583841323853,11
家業一掃無遺,0.3331887125968933,8,0.32552066445350647,9,0.31020864844322205,15
茅家兄弟待歸來,0.7577654123306274,9,0.742771327495575,8,0.7426699995994568,14
其書與諸子為道家,0.5514954924583435,9,0.528167724609375,8,0.49641603231430054,17
過此即海都家望高處也,0.7492702007293701,8,0.7113906145095825,9,0.6687484383583069,14
趙家天子生辰近,0.7805138826370239,9,0.754362165927887,14,0.716068685054779,8
今亦何顏入家廟乎,0.7244216799736023,3,0.7112485766410828,2,0.7002835273742676,16
李侯將家子重拜隴西墳宰樹回元氣豐碑補舊文子孫長振耀翁仲亦歡忻側想神靈語嗟君用意勤,0.712752640247345,16,0.6762542128562927,9,0.6707778573036194,8
不如歸去君家南山松萬樹我欲送君歸憐汝嵗上灤陽路,0.7493051886558533,4,0.7155008912086487,8,0.712132453918457,5
今日我本待把蔣家這廝一頓拳腳打死,0.7595932483673096,1,0.7365662455558777,9,0.7226129770278931,14
自家萬俟丞相是也,0.7142813205718994,9,0.7074780464172363,8,0.6980766654014587,14
杭家潭外,0.6776033043861389,8,0.6723232865333557,14,0.6374596953392029,16
奴家豈敢誑言,0.7234631180763245,9,0.7213190793991089,1,0.713679850101471,8
民負益息錢數百家,0.6494579315185547,9,0.6364278197288513,8,0.6322771310806274,11
陽羡溪邉孝侯廟陸機文字右軍書借從名士傳家後誰謂將軍亡國餘蛟虎于今正狼藉鳯麟不見謾欷歔隂隂棟宇多松檜擬欲臨流卜隠居,0.7032421231269836,9,0.6896131634712219,16,0.6880249381065369,4
國家儲蓄,0.6261261701583862,13,0.6097008585929871,2,0.6080894470214844,8
國家宗廟,0.6371549963951111,2,0.635606050491333,12,0.6296865940093994,1
按大小長短似像而名之後世補虛寒則須用附子仍取其端平而圓大及半兩以上者其力全風家多,0.6370410323143005,8,0.6282652020454407,9,0.5818139910697937,17
古之有國家者,0.680927574634552,3,0.6760594248771667,2,0.6675938963890076,4
藍家紅,0.7205010056495667,16,0.7081997394561768,14,0.6968677043914795,8
危樓百尺擅佳名囘望山川爽氣清令尹文章鏘佩玉老夫家世沗簮纓孔融美酒留人飲杜甫丹心向日傾共沐天恩長感激悠悠吾道荷生成,0.689012348651886,4,0.6850548982620239,1,0.678345799446106,9
蕭山顧節婦年二十居寡貴要將強婿之顧賦詩自誓改道家裝絕之為賦魯陶嬰黃鵠辭,0.6538625359535217,8,0.651641845703125,16,0.6348825693130493,2
便好全家於天子前保奏義士,0.8118105530738831,1,0.7997338175773621,3,0.7631282806396484,2
國家自中統建元,0.6500515341758728,3,0.6480164527893066,9,0.6397317051887512,4
不知家中如何,0.7478136420249939,3,0.7024171948432922,16,0.6932368874549866,2
江上群峰類九華雲中樓閣是誰家幽人怕有看山者自起開門掃落花,0.7318505644798279,8,0.7273935079574585,4,0.7184510827064514,5
董家橋,0.7101744413375854,14,0.6972384452819824,1,0.6822744011878967,8
你替我照管些家事,0.8261669874191284,3,0.7837777137756348,1,0.7491318583488464,2
髯叅歸隠小郊坰亂日曽聞險偹經風黑浪髙羅刹海月明天度使臣星東都先見逢萌得廣武重逰阮籍醒㝡是故家春草暗杜鵑啼殺忍同聽,0.6998150944709778,8,0.6561533808708191,6,0.6552717685699463,9
稾城董氏家傳元眀善,0.7668248414993286,1,0.7244612574577332,3,0.7043622732162476,12
家貧,0.4239464998245239,16,0.41110754013061523,8,0.3954692780971527,9
鬥雞走狗家世事,0.709515392780304,16,0.6920886039733887,2,0.6914597153663635,1
五行實系於龍家,0.6258052587509155,8,0.6065206527709961,9,0.5924112200737,14
急急如喪家之狗,0.79775470495224,2,0.7164098620414734,3,0.7003270983695984,4
家食豐祿,0.4242953658103943,9,0.4188452661037445,8,0.41428714990615845,16
誕后稷之穡有相之道茀厥豐草種之黄茂實方實苞實種實褎實𤼵實秀實堅實好實頴實栗即有邰家室,0.7153377532958984,14,0.7127247452735901,8,0.6946184635162354,9
那根千戶百戶內有的渾家大小,0.7674305438995361,9,0.7539314031600952,8,0.723182201385498,14
馮家女,0.7252909541130066,14,0.7073894143104553,16,0.7001893520355225,8
蓋公生長世家,0.6300727128982544,14,0.6163047552108765,1,0.60809326171875,9
我這行院人家坑陷了千千萬萬的人,0.7154908180236816,17,0.7071201205253601,8,0.6839726567268372,7
迷離撲朔雜雌雄萬里持戈此建功因見漢家征戍重盡興閭左尚秦風,0.7003422379493713,8,0.6908849477767944,9,0.678543210029602,14
緑樹柴門白屋開青鞋竹杖故人來百年髙誼如君少半日清談别我囬沽酒家貧難取醉贈詩吟拙愧無才遥知伯仲東軒下待子同斟夀母盃,0.7127083539962769,3,0.7011090517044067,2,0.6913264989852905,16
繇汴徙杭繇杭徙越遷國以亡興家以勃侍御之世樞宻之家通賢里第有韡棣華惟志尹甫教子世科我碣其藏華山其阿,0.6655791401863098,8,0.6573528051376343,4,0.6565573215484619,16
卜筴從誰問厯家命途難合笑摶沙陳人我似三年艾冲氣君如二月花奮迅終題司馬柱清貧且共玉川茶明年須買東風馬行遍長安不用撾,0.7663810849189758,8,0.7159557342529297,14,0.7100685834884644,9
有國家者,0.6908608675003052,7,0.6908016204833984,4,0.6860112547874451,13
仰惟國家開設學校,0.666766345500946,8,0.6420724391937256,14,0.6358345746994019,9
家舟渺涉到何遲計日當來幾設期逆靈竹水逆風潛是阻空嗟淮岸候二時,0.568638026714325,8,0.5541931390762329,16,0.5433303713798523,15
少年慣服白硃砂飬得容顔過似霞生長六橋楊栁岸不知湖水是儂家,0.6454834342002869,8,0.6151812672615051,5,0.6116605997085571,4
畫紅過鼓侍潮固山色留人不受催官酒醉淹羅袖濕離建愁德竹枝哀秋風老憶淮南桂暑雨暗收海上埃莫學君家子真叟變稱石姓不歸來,0.7015279531478882,16,0.6991904377937317,8,0.6602221727371216,9
華頂雲寒人不到煩君為上最髙層天雞正呌三更日海鶴曾餐六月氷客路微茫同脫木鄉情依約近歸僧還家莫作採芝叟背負青天傲大鵬,0.7305207252502441,2,0.7085086703300476,4,0.6949830055236816,5
田家苦,0.7777965664863586,8,0.743069589138031,16,0.7407929301261902,14
長孫平開皇二年為度支尚書見天下州縣多罹水旱百姓不給奏今民間每秋家出粟麥著以下百富為差等儲之間里以備凶年名日蓋卿會,0.6974491477012634,8,0.65724116563797,9,0.6239190697669983,14
擬將有丁力之家須要正身當軍,0.7462940812110901,3,0.7202594876289368,8,0.7180022597312927,9
國家之求忠臣良士,0.6785300970077515,1,0.6768552660942078,3,0.6747257709503174,2
且說宋江他是個莊農之家,0.629010021686554,17,0.6254132390022278,8,0.5856198668479919,9
僧仁寓永嘉善畫松初集諸家所長而學之後夢吞數百條龍遂臻神妙性嗜酒每醉揮墨于綃䊵粉堵之上醒乃添補千形萬狀極于竒怪,0.790446400642395,9,0.7227144241333008,1,0.718405544757843,7
為國家而使君長任其怨,0.7154313921928406,3,0.6996660828590393,1,0.6873188614845276,2
小小新齋閣溫溫舊毾㲪精神全藉酒筋力半支藤蟄豸深坯戶㝠鴻巧避矰䝉頭衲被底何異在家僧其三,0.7202889323234558,2,0.7177221775054932,8,0.7155497074127197,3
私家雞黍,0.6765443086624146,1,0.6502946019172668,14,0.6495735049247742,2
挈家叛逸,0.6764369606971741,9,0.6583489775657654,2,0.6445361971855164,16
後控臘家城,0.7072470784187317,8,0.6848204731941223,9,0.6551938056945801,14
既足以儀形於家,0.5614873170852661,9,0.5424116849899292,8,0.5332258939743042,16
你家莊上莊客捉過了我大蟲,0.740375280380249,1,0.7091640830039978,4,0.7032306790351868,8
蓋有國家者本欲百姓治安而已,0.7138158082962036,3,0.7133488655090332,2,0.6954587697982788,1
忽一日家兄云有上文一句,0.7910645604133606,16,0.7003429532051086,9,0.692581832408905,8
李帥家烹鶴見餉,0.703107476234436,9,0.7027192115783691,8,0.6702238321304321,4
因家焉,0.6505756378173828,8,0.645452618598938,9,0.6393219828605652,16
小侄自使人回滄州家裡去取丹書鐵券來,0.7886009216308594,3,0.7463698983192444,1,0.7391496896743774,4
題王愚泉光沱山居圃後六言景物禍妣圃肅衣冠洛社几家睨徑偶逢樵于春漢惟見桃花輒李左軒巡檢,0.769196629524231,8,0.7359126210212708,9,0.7050749659538269,2
餘家,0.6987689733505249,14,0.6936869025230408,9,0.6857986450195312,8
玄都道士不栽桃卻愛生紅鬧樹梢此去東風吹不散仙家自有鳯麟膠,0.743864893913269,8,0.7019031047821045,9,0.6949387192726135,2
家產盡廢,0.37868189811706543,9,0.363739013671875,8,0.3503713309764862,16
鹽徒指出各場偷賣官鹽之家,0.6871194839477539,8,0.6865825057029724,9,0.6324537396430969,16
恐汝在家迫於俗務,0.7748091816902161,3,0.7269977331161499,2,0.7209391593933105,16
梁溪宅裏閟煙霞使者淹留日未斜天上夔龍圖治道舟中李郭望京華十三絃送黃柑酒第二泉煎紫筍茶寄謝南宮達夫子會同雞犬憶仙家,0.6283468008041382,8,0.5747962594032288,5,0.5635876655578613,14
西村扈家莊上扈成,0.7706383466720581,14,0.728643536567688,8,0.714279055595398,1
臣磐欽惟國家列聖相承,0.7153634428977966,1,0.7131153345108032,3,0.694500207901001,2
沿海至家遠近即是也,0.6049484014511108,8,0.5868880748748779,9,0.563452959060669,6
子云貧而好樂富而好禮衆而以寧者天下其幾矣詩云民之貪亂寧為荼毒故制國不過千乗都城不過百雉家富不過百乗以此坊民諸侯猶有畔者,0.7082541584968567,8,0.692915141582489,9,0.6647902727127075,16
深院移床簇侍兒高盤雲髻緑絲絲情知櫪下駑駘骨不到渠家入看時,0.7598494291305542,8,0.6818963885307312,14,0.6779759526252747,9
病患衣主天行疫瘟取初病患衣服於甑上蒸過則一家不染,0.7599280476570129,2,0.7500241994857788,9,0.727672278881073,1
白社千頭橘成都八百桑每思親棣蕚不為問山荘太史瞻鳬影家人識雁行茅茨容易葺春水棹相將,0.735873281955719,8,0.715400755405426,16,0.7054660320281982,9
靈璧研山一座無天趣不甚佳楊彦德伯嵓號泳齋家藏宣和御畫四幅後各有御題詩一首並宣和小璽易元吉羣獐圖高宗御題乾卦紹興印,0.6933904886245728,9,0.6850711703300476,3,0.6843094229698181,4
子曰天下國家可均也爵祿可辭也白刃可蹈也中庸不可能也,0.7357801198959351,3,0.7199150919914246,1,0.692992627620697,2
家世為農,0.3589956760406494,9,0.3499792218208313,8,0.3483677804470062,16
家人近習,0.37230390310287476,8,0.366000771522522,15,0.3580355644226074,6
君徳本於學得師聖則然成昭與君疇千古光遺編我愛版築士致君有名言惟學念素志進脩若淵泉愚闇基世禍瞽行成自専厥首用顛殞邦家徒棄捐,0.6912888288497925,2,0.6863855123519897,14,0.6818094849586487,8
故人不肯宿山家,0.6487160921096802,8,0.5546040534973145,14,0.5522633194923401,16
原來這段話正和宋公明初打祝家莊時一同事發,0.7407016158103943,1,0.7312211990356445,16,0.7241861820220947,14
三皇配天立極有國家者載諸祀典禮亦宜之我國家通祀於天下祭儀畧倣孔子之廟嵗以春秋二季行事而以醫者主之,0.7210235595703125,3,0.7190911173820496,1,0.7097336053848267,2
知法家之符印為燧諸,0.7485777139663696,7,0.7480412721633911,9,0.7296645641326904,8
汝當為在家菩薩戒施俱修如孫許之流也,0.71234130859375,3,0.696838915348053,2,0.6957573294639587,9
徃於秦少游家,0.6090841293334961,8,0.6057116389274597,9,0.5802392959594727,4
山家,0.6679215431213379,8,0.6600051522254944,9,0.624640166759491,14
國家甲子年間詔條內一款,0.620025098323822,9,0.587762176990509,8,0.5741276144981384,14
家司入五之言麗王公乙,0.6441491842269897,16,0.6389675736427307,14,0.6341992616653442,9
一畨行春始出村韶華無賴已平分野鳥亂啼司馬廟石麟猶臥汲家墳燒痕新緑渾禁雨栁色半黃都染雲蕩涇橋頭有酒賣醉把梨花日又曛,0.7587594389915466,8,0.719658613204956,16,0.7099255919456482,14
殞身覆家,0.5818713903427124,2,0.5732778906822205,9,0.5692722201347351,16
諸生課罷㺯烟霞紡績乗閒為煮茶白鹿髙風有誰繼草堂貧女晦庵家,0.718332827091217,8,0.656947135925293,16,0.6511781811714172,9
不知帝王家禮度,0.7308006882667542,9,0.7230384349822998,8,0.697554349899292,14
賊陣蹴屋似山家推樹空鴻謂圈斛御子同坐揚執戟吟餘落晝一旗花,0.7568286657333374,8,0.7002698183059692,9,0.6720708608627319,2
如今教酒家做了和尚,0.7112612724304199,8,0.7011753916740417,9,0.6643020510673523,11
小人是此間揚州城外定浦村陳將士家干人,0.7629759907722473,14,0.7627885341644287,9,0.7601040005683899,8
凡博古之家所藏,0.6980417370796204,9,0.6930477023124695,8,0.6789277195930481,7
最苦家尊去遠,0.6441090106964111,3,0.6358818411827087,4,0.6334549784660339,7
切玉龍刀寳氣光袷羅半臂麝臍香荔枝嚢宻嫣嫣紫盧橘圑金顆顆黄秦氏故矦更漢主石家小婦嫁孫郎江心誰鑄芙蓉鏡照見嫦娥織翠裳,0.8067260980606079,14,0.8060783743858337,8,0.7800390124320984,9
把酒臨風聴棹聲河邉官栁緑相迎幾潮路到瓜洲渡隔岸山連鐡甕城月色夜留江叟笛花枝春覆市樓筝贈行不用歌楊栁此日還家足太平,0.7246707677841187,2,0.7195524573326111,4,0.710617184638977,5
髙詠清江月近人一家燈火夜相親多齋自任傍人笑已把靈䑓付鬼神,0.7378539443016052,1,0.7319173216819763,9,0.713443398475647,2
吾家先人,0.7487069368362427,1,0.7427041530609131,9,0.7198635339736938,3
王天丁有三重焉其寡過矣手王去葬呂氏曰三重謂議禮制度考文惟天子得以行之則國不異政家不殊裕而人得寡過矣此王天下承上章有位老呂,0.6867637634277344,8,0.6657564043998718,9,0.6263272762298584,7
見一人家以書葉糊窻讀之乃張巡傳因戲題,0.743534505367279,8,0.6963704824447632,9,0.6901227831840515,14
此病家自取過耳,0.7136366963386536,8,0.6969013214111328,9,0.6633875966072083,16
亦有家書寄雁行,0.6957648396492004,16,0.6655662655830383,3,0.6614317297935486,9
昔聞孟母三遷教今見此鄉陳大家馬鬛蓬科自長夜流傳郤有白雲圖,0.6846621632575989,9,0.6796541213989258,7,0.6739069819450378,8
師出家與俗殊隔,0.6781010031700134,9,0.6588149070739746,8,0.65392005443573,7
家財典貴種伯,0.43079397082328796,8,0.4124366044998169,6,0.40644145011901855,9
漁家何足好乗興一鈎沈路僻蒼苔滑舟橫古渡深小晴掀篛笠微雨整蓑襟夢斷知何處寒潮沒晩林萬松老人真贊,0.7187411785125732,8,0.7010862231254578,2,0.6705079078674316,4
睡才成夢便還鄉夢斷翻愁秋夜長圓月故臨羈枕白西風偏向客窓凉一官報國無多補十載離家有底忙不是風雲英氣少米鹽塵冗鬢成霜,0.7140777707099915,2,0.7125855684280396,3,0.6736865639686584,5
門對青山晝掩扉家居身著老萊衣●于日下看花去贏得街頭負米歸一𥬇●舡香雪美百年城郭昔人非髙堂秋爽而翁樂稻熟湖田●正肥,0.7270625233650208,8,0.6933121085166931,16,0.6682392954826355,14
行役經秋未到家入冬消息望燈花擁衾坐數更籌了明日春生喜有涯,0.7044905424118042,8,0.6847743988037109,5,0.6789694428443909,4
四月之交麥初黃羔未指作企家根狡違假死田頭路竇辛程熟它入譬,0.687228262424469,16,0.6862452626228333,8,0.6847255825996399,4
倚廬常近墓人家種樹㽞巢返哺鵶門外桑麻春㡬頃東風開遍紫荊花,0.7698860764503479,8,0.6988627910614014,2,0.6959806680679321,14
向歆傳業振家聲,0.7033476233482361,16,0.6992772817611694,1,0.6905051469802856,3
子等並堪作之今醫家用以和藥惟糯,0.7095260620117188,9,0.6923374533653259,8,0.6846956014633179,7
本羲荀九家云呈口陳安卿託床衣易以艮為鼻朱子曰葬首面之山青管格己如沌說口左引拘虎者齒牙猛利酬在前也為浪取象典虎同,0.7288923263549805,9,0.6828257441520691,13,0.6801450848579407,12
無家燕,0.626409113407135,14,0.6222780346870422,15,0.6020941138267517,16
以私家未便,0.6792111396789551,8,0.6746262311935425,9,0.6450594663619995,14
魯世家云,0.6528269052505493,1,0.6378672122955322,14,0.6232466101646423,9
人家賣酒繞宫池爭插青旗曲作圍簫鼓漸多寒食近一樽先為典春衣,0.7144637107849121,1,0.7088320255279541,8,0.7067104578018188,9
家長率一家男女勸用心用力,0.5952184796333313,16,0.5947840809822083,8,0.5877963304519653,15
博綜百家,0.5748405456542969,13,0.5685590505599976,9,0.5596746802330017,11
其先由相州因官家湘潭,0.5766696333885193,4,0.5764762759208679,2,0.5701330304145813,8
國家大禮,0.570105791091919,2,0.5522429347038269,14,0.5506361722946167,7
渺渺春何處長吟日易斜光陰渾似水風雨不饒花蜜就蜂儲粟巢成燕有家遙憐杜陵老爛醉是生涯,0.6755092144012451,8,0.661461591720581,5,0.6436507105827332,4
烈婦宋藝字新金華潛溪人美姿容幼即讀書知犬義搏管作字亦莊正可觀既長歸烏傷賈明善足不妄踰戶聞雖家人弗聞其語笑聲一宗譙曰是端,0.7498229146003723,16,0.7303940653800964,3,0.7293446660041809,8
簿官辭家遠經秋未得歸苴隨山北去卻昔雁南飛川崢白雲起郊平紅樹微憶曾留宿慶立馬認還非,0.6836639642715454,16,0.6770435571670532,8,0.6689666509628296,4
家在吳之晝錦坊,0.5615514516830444,4,0.5580611824989319,8,0.5555529594421387,9
憶昔仙春館春時每獨開公家今剩有僧舍亦分栽暖吹扶霞上卿雲夾日來可人看國艶卯酒不須催,0.7523349523544312,8,0.7123667597770691,5,0.7122037410736084,4
誕后稷之穡有相之道茀厥豐草種之黄茂實方實苞實種實褎實發實秀實堅實好實頴實栗即有邰家室,0.7125976085662842,14,0.7091748118400574,8,0.6924686431884766,9
今國家屢誅嗜利之臣,0.721465528011322,3,0.7090429067611694,1,0.66575026512146,2
不得攜家來,0.7104724049568176,16,0.6908305287361145,2,0.6803116798400879,8
好似奴家身狼狽,0.7329621911048889,9,0.7293263673782349,8,0.7150013446807861,14
張家灘在建陽縣南五里張家灘下石縱橫舟楫經過與水争行路險巇皆一例溪聲何苦不平鳴,0.7703050971031189,1,0.731128990650177,12,0.7239663600921631,3
韋郎自國家開拓以來,0.6965016722679138,9,0.6709599494934082,8,0.6687934994697571,4
洎舉家安享太平之賜,0.7970545291900635,3,0.7715033292770386,1,0.7647675275802612,2
今國家除薦新外,0.681700587272644,3,0.6730514764785767,9,0.6635920405387878,2
石莊史道原欵接鄭禾子實於家,0.6607993841171265,8,0.6554136872291565,9,0.6519601345062256,16
鄭家莊辛店界亭馬底長田楊溪十里辰州寺前白牛盈口沆州便溪晃州平溪平地鎮遠府偏橋羅仲麻站麻峽摩溪面夢德漸迷普安,0.7341724038124084,14,0.7303062081336975,1,0.7287845015525818,12
喬木東南掃地空靜安留得舊家風清名在昔稱髙士壽骨於今只兩翁臘蟻壺觴秋露白金魚池館雁來紅桑榆萬一皆強徤看取年年此會同,0.7572423815727234,4,0.7547295689582825,2,0.7470571398735046,3
上人家在武塘南一曲林泉護石龕滿室天花紅陣陣繞池春草毿毿皋比教兩宗湖學塵尾清風雜晉談聞說吾儒黃叔度詩禪日日與同參,0.7616062760353088,8,0.7391533851623535,4,0.7276854515075684,9
齊景公名杵曰魯昭公末年孔子謫齊昭公昭公率師擊平子平子輿川氏叔孫氏家共,0.6988386511802673,9,0.6807762384414673,14,0.6601850390434265,16
古人以家四海為言者多矣,0.6574981212615967,9,0.6506841778755188,8,0.6441885232925415,16
前期一日女氏使人張陳其婿之室厥明婿家設位於室中女家設次於外,0.7525774836540222,3,0.7372575998306274,13,0.7361411452293396,1
孫家郎,0.7434026002883911,14,0.7355729341506958,16,0.7304652333259583,8
復修家譜,0.6892660856246948,3,0.683981716632843,1,0.6696065068244934,9
調忽往其家,0.6701485514640808,4,0.6578989624977112,3,0.6542895436286926,16
五十年前幼學時登山諸父許追隨兩人兄弟身俱老萬古乾坤事可知守墓鄰翁姑與酒傳家後嗣孰能詩獻花餽笋爭歡醉風樹茫茫意自悲,0.7288692593574524,14,0.7256025671958923,8,0.7242032289505005,2
如不及伍拾家者,0.7371237277984619,8,0.7032655477523804,6,0.6959400773048401,16
家曰復亨剛反動而以順斤是以出入元疾朋禾元咎反復箕道七日來復尺行也利有攸往剛長己復具見天地之心乎,0.5262657403945923,8,0.5010167956352234,6,0.4882274866104126,16
狗能護愛家物之意故也,0.7744292616844177,15,0.7246752381324768,16,0.7070212960243225,3
千家山郭靜朝暉来㸔無聲子美詩李范有靈應絶倒名家付與後来期,0.717029869556427,9,0.6958532333374023,8,0.6795271039009094,11
梁克家曰,0.6533175706863403,16,0.6397848725318909,8,0.6139642596244812,9
立馬臥龍山下路白雲東去是吾家煩君為寄西風信直到疎籬問菊花,0.7478268146514893,4,0.7363879680633545,2,0.729517936706543,1
苗如大戟初生一莖莖端生葉複出數莖相續花亦類大戟實青有殼人家園亭中多,0.6924206614494324,8,0.6796277761459351,14,0.6668031811714172,4
剡奥人家佛座峯何年易搆梵王宮赤旗天馬來山北烏膽潭龍出澗東古甃水花留芡雨小溪雲影度松風靈源野鶴時相過門外幽深一逕通,0.7287983298301697,8,0.7268792390823364,14,0.7099729180335999,1
清明頻歲客天涯歸愛江南好物華煙暖人家插楊桞雨晴門巷掃桐花誰憐臥病春将過強起哦詩日又斜杏酪不須持餉我自燒新火試新茶,0.7112225890159607,2,0.7094312310218811,3,0.7050203680992126,1
至處厚益恐墜其家聲,0.7561120390892029,1,0.7491585612297058,3,0.7229894995689392,4
玉盌調氷涌雪花金絲纒線繡紅紗綵牋御製題端午勅送皇姑公主家,0.6389544010162354,8,0.6251457333564758,5,0.6208730340003967,14
誠如道家所忌耶,0.7116172313690186,7,0.7012902498245239,1,0.6960612535476685,3
鄉鄰笑我賈胡留頻著書來說首丘縱有薄田堪養拙還無小苑可消憂因循度日那知晚次第看花直到秋坎止流行難固必家人休賦大刀頭,0.7384774088859558,16,0.7222961783409119,8,0.720013439655304,9
梁克家奏,0.622771143913269,16,0.5983093976974487,8,0.5938209295272827,7
可入仙家,0.6846306324005127,8,0.6505376100540161,9,0.6131228804588318,14
鄞塘田家,0.7252392172813416,8,0.7070637345314026,14,0.6677797436714172,9
漠漠溪風吹路塵白巖山下幾窮身秋深竹色老於樹晝静鳥羣喧勝人何處人家藏剡録有時行客裹唐巾平生笑殺朱翁子剛為乗車棄負薪,0.7538643479347229,8,0.7374531626701355,2,0.7175676822662354,3
謝家雁行兄弟一枝偏出南州低昂肯受殘雪瀟洒猶堪盛秋,0.7553360462188721,8,0.742303192615509,14,0.7354919910430908,9
我國家撫定中國,0.6441060900688171,9,0.6413252353668213,4,0.6327210068702698,5
家人笑曰,0.6063161492347717,16,0.5623359680175781,8,0.5431861281394958,9
直追過庾家村,0.7170410752296448,14,0.7102261781692505,8,0.6891897916793823,16
賣酒的主人家在那裡,0.7688773274421692,8,0.7606457471847534,1,0.7595637440681458,4
張國家之治具也,0.7122512459754944,3,0.7039867043495178,2,0.703495979309082,1
兩袖西風此地過清秋八月滿煙波秔田萬頃連天逺茅屋千家近水多每買鱸魚供晚餉愛聽稚子唱吳歌年來自笑行藏拙獨立蓬窻對素娥,0.6938416957855225,9,0.6858794689178467,8,0.6683602929115295,11
慄水端氏家牒序查林會氏家牒序陶氏家乘序贊新刻法華經敘贊新刻榜伽經序新注榜伽經後序傅法正宗記序夾詩輔教編序金剛般若經新解序,0.7819696068763733,1,0.7563259601593018,3,0.7356848120689392,2
幸喜得不曾問到楊夫人家來,0.749315619468689,4,0.7362212538719177,5,0.7288698554039001,8
遣中書直省舍人會江西省臣就家起拜翰林學士,0.6517249941825867,9,0.6402559280395508,8,0.6350077986717224,16
既成不以私其家,0.586413562297821,8,0.5817372798919678,9,0.5696937441825867,6
若有人家嫁娶,0.7629227042198181,8,0.7370412945747375,17,0.7249608039855957,14
楚家,0.6071056723594666,9,0.6065525412559509,14,0.5933541059494019,8
丞相由汝之故殺身破家,0.5905275940895081,6,0.5826205611228943,8,0.5740692615509033,16
朅來大家八十逾,0.7645490765571594,1,0.7353686094284058,3,0.7291902303695679,9
舊友程劉許時還到我家論文嫌晷短惜日畏年加相見渾無厭勞生未有涯吾衰方著述安得筆生花,0.7177413702011108,4,0.7137488126754761,3,0.7050718069076538,8
詩家之大弊也,0.7396631836891174,7,0.6743725538253784,9,0.6734341979026794,8
謂隨母嫁繼父同居子大功之親從母適人所適者亦無大功之親乃服義服齊衰不杖期若兩家有大功巳上親者亦同緦麻尊長亦止於三月之服也,0.8064415454864502,9,0.7760536074638367,1,0.7744995951652527,13
一差監察例本臺且以三人為率本臺備具本官腳色伴奏日進呈御筆㸃差假如首先一人是臺家注意者御筆或㸃卻次者第三者,0.6704139709472656,9,0.6561717987060547,8,0.6237528324127197,14
袞袞征帆望眼賒古今聲利入長嗟逰商一歲千山路薄宦三秋萬里家老我未為卿月像伴人同上客星槎孤鴻逺邇江南稻慚愧鸞凰食竹花,0.6941264271736145,4,0.6865857243537903,5,0.6864840984344482,16
校對官中書臣王家賓,0.6511109471321106,16,0.6070966720581055,9,0.5993801951408386,8
有詔期省耕聊復輝糧麾翠岑拾似千旗家野何妨寓馬馳鴛鵲精兄老貴鼎羿功業大平暗五,0.7308118939399719,8,0.7169587016105652,16,0.6963173151016235,15
莫言釋子家風,0.6985107064247131,9,0.697944700717926,16,0.6819652915000916,8
當先察其婿與婦之性行及家法何如,0.676535427570343,8,0.673568844795227,16,0.6568394303321838,15
夫數家之里,0.7126399278640747,9,0.6680459976196289,13,0.6627741456031799,8
而亂其家,0.6834614276885986,9,0.6581603288650513,4,0.6367788910865784,3
從來娼妓之家,0.687401533126831,9,0.68441241979599,8,0.6737674474716187,4
香靜堂萱燕處溫一家柔範被鄉鄰三牲奉養真純孝八十康寕是福人巖菊晚嶺梅春丰容林下舊精神婺光不動雲衢爛供佛床頭景氣新,0.7494564056396484,9,0.7263451218605042,2,0.7174909114837646,8
魯智深徑尋到林沖家相探,0.7515676617622375,4,0.7381743788719177,3,0.728847324848175,5
因問起酒家名字,0.7652978301048279,11,0.7270720601081848,9,0.7174517512321472,8
二則蒙國家推恩之福,0.7392661571502686,1,0.7343485951423645,3,0.7038682103157043,2
至雲門寺遂依沙門諒公出家,0.6479161977767944,3,0.6217569708824158,1,0.6178466081619263,2
我自回家去也,0.7775442600250244,3,0.7426885366439819,4,0.7310001254081726,2
因留家焉,0.6612853407859802,3,0.6508110761642456,4,0.6415325403213501,2
家世趙人,0.4989592134952545,9,0.49281445145606995,8,0.4918547570705414,16
思慮他家無人,0.7794440388679504,2,0.7716853022575378,3,0.7652270197868347,4
沒入家貲者,0.7249546051025391,3,0.7175660729408264,2,0.7019779682159424,16
里巷親情未易疎豈期嵗晚別中吳天衢自昔摶鵬翼家道于今有鳯雛尊俎只宜終日戒詩書不可片時無洪勲大業他年了重繪香山九老圖,0.7283614873886108,9,0.7276523113250732,8,0.7219975590705872,16
渡江十里山水清千峰萬仭爭娉婷野花織成石家幛嘉葉合作王母屏釣臺有泉出山背忽作玉帶相紆縈東風游人不知趣日日車馬來傾城,0.7378007173538208,8,0.6936364769935608,14,0.6848646998405457,16
出家君子,0.6449257731437683,3,0.6309270262718201,1,0.6243160963058472,2
棄家逃走,0.763306200504303,3,0.7409534454345703,2,0.7360271215438843,1
表世家修,0.5813433527946472,9,0.5658314228057861,16,0.5654499530792236,8
助役錢國家遇有大役均取錢於民官為僱傭也唐故事奉使四夷其印章曰大唐入某國之印見蜀王建世家,0.7169938683509827,9,0.7117931842803955,3,0.7070338726043701,1
莫怪明州留不住越州瀟洒勝明州千家閒市迷萊腕五月涼湖萬彗柳鳥傍船穿雲母障紅妝人倚水精樓困株有酒身無事東訪西尋總勝流,0.6918298006057739,9,0.6887527108192444,8,0.6731821894645691,11
思親對月清宵坐了卻公家事可知白髪已無重見日清光還有再圎時葉間零落皆成泪窓外栖烏総是悲大孝終身俱有慕不辭為賦蓼莪詩,0.7383546233177185,3,0.7145745158195496,1,0.7122971415519714,8
貴人池沼多魚鱉好佛經年不殺生惡少家奴苦相負時時鉤擉恣煎烹,0.7472209930419922,16,0.7346190214157104,3,0.7145915031433105,1
有國家者猶天地也,0.6852784156799316,2,0.6841440796852112,3,0.6840429902076721,7
帶他州里去與祝家分,0.7595313787460327,8,0.7326910495758057,14,0.732170045375824,4
把些與奴家,0.6709052920341492,8,0.6602464318275452,9,0.6562844514846802,3
晉稽結雅有文才山濤啟武帶可秘書郎帶曰如卿所呂乃堪為丞何但郎也乃起家為丞紹始入浴或謂王戎曰昨於稠人中見紹品禹然若野鶴之在雞羣,0.6783616542816162,16,0.6685857176780701,8,0.6651335954666138,9
鄒氏之先世居晉陵宋有忠公以剛直稱正色立朝不震不懾元符一疏光於史牒子孫蔓延散處吳中遷居錫山家日以豐君之曾祖厥諱閭善祖諱成大,0.7034315466880798,8,0.6981095671653748,14,0.6827049851417542,9
山家裝束不時宜,0.8041242361068726,8,0.7031339406967163,14,0.6896683573722839,9
甚矣吾衰百念慵花開時復一支笻邦人幸尔不予鄙児子樂然為我從載酒有時㝷古寺㸔雲終日對孤●林家湖上都能說二十餘年老醉翁,0.7829433679580688,8,0.7505046129226685,14,0.7210037112236023,9
兩個大家歡喜,0.7647430300712585,1,0.7477627396583557,3,0.7052300572395325,2
祝家莊上已看,0.7335900068283081,14,0.7329990863800049,16,0.7255193591117859,8
一家是開紙馬桶鋪的趙四郎趙仲銘,0.7829477787017822,9,0.7691645622253418,12,0.7502623200416565,11
使君南貳辰陽郡奕葉人傳舊相家莫向將軍問銅柱好從勾漏覔丹砂畬田五月多遺●沅芷連天爛有花飲射早聞成雅俗遐荒今已似中華,0.6706345081329346,8,0.6656541228294373,9,0.6426997780799866,17
而民財皆國家之財也,0.7473577857017517,3,0.7343118190765381,1,0.7279447913169861,2
舊家雙廟北,0.6968455910682678,8,0.6960671544075012,14,0.6831613183021545,9
明立家券,0.6728225946426392,9,0.6413127183914185,16,0.6397919654846191,8
醫家惟小兒科為尤難,0.635486900806427,9,0.6330716013908386,7,0.6276270747184753,8
著落店主人家追要原典身錢三千貫,0.7028390765190125,8,0.6816784143447876,9,0.6687970161437988,3
銀漢傾翻貫月查驚鴻無處認江沙水晶簾密秋光冷華蓋峰髙天影斜飛瀑半凝蒼玉佩熏風不度碧桃花山前山後多鄰曲盡作江南富貴家,0.6470065712928772,8,0.6418371796607971,5,0.6282029747962952,17
老夫與爾通家好前後論心六十年吾道近來好佛法名公何事每逃禪束書夜發苕溪月行李朝催越水船不久相親又相別梅花開日到青田,0.7002695798873901,8,0.6954363584518433,9,0.6946223378181458,16
題曽君世家盛事集,0.7363831996917725,1,0.717606246471405,9,0.7066777348518372,14
現在滄州家裡,0.7460556626319885,3,0.7426041960716248,4,0.7212567925453186,16
乙巳年餘避地彭老家還再過之倐爾十年而人改物換可感者多矣因賦,0.7583633065223694,4,0.7548820376396179,3,0.7405772805213928,1
國家之屏翰,0.6297470331192017,7,0.626702070236206,2,0.6213536858558655,8
爾家門巷自清幽新闢軒窓許客留北望居庸天咫尺白雲紅樹倚髙秋,0.7621210217475891,8,0.7206540107727051,9,0.7199090719223022,14
豈論家世之寒微,0.7594993710517883,3,0.7289708256721497,1,0.7078400254249573,2
小仕時為養古有當會稽豈能食其官以官養旄倪千金買作郡萬金收滿車三年逓郵傳誰以民為家,0.6476137638092041,5,0.6371715664863586,4,0.6167645454406738,8
●山大澤生龍蛇文采風流出故家柔桑負郭田三頃灯火乃翁書五車南風𥘉結石榴子細雨㣲挹菖蒲花生徒女樂為君夀老夫也得醉流霞,0.7158202528953552,8,0.6985461115837097,4,0.6975221633911133,9
僕隸無家可歸,0.8191685676574707,2,0.7410532236099243,3,0.7091851830482483,1
皆國家之赤子,0.726123034954071,3,0.7239706516265869,1,0.6900181770324707,2
氣通則蘇亦可以蓼汁灌之正月十五日燈盞令人有子夫婦共於富家局會所盜之勿令人知之安,0.7568707466125488,8,0.7243847250938416,14,0.7230119109153748,9
包叔孫武叔語太天於朝曰于貢賢於仲尼武叔魯吝窘觀翼賢之此武叔所謂賢於仲尼者也于服景伯以告子貢于貢曰壓量嵩籍賜之牆也及肩窺見室家之好,0.736751914024353,8,0.6622539162635803,9,0.6599520444869995,14
寄家兄敬徳,0.7070717215538025,16,0.6825876235961914,8,0.661424994468689,9
暑天無暑荷天公似覺吾家亦未窮䕃傍漢朝名將樹涼分楚澤大王風洛遺書訂三焦誤河負圖觀一㸃中忽藉流螢足詩句黄昏燁熠起林叢,0.7888345122337341,2,0.779289722442627,4,0.7788329720497131,1
站之家代總其事,0.7440809011459351,9,0.7222471833229065,8,0.7096002101898193,4
雖病不忘國家,0.5856171250343323,5,0.5837801098823547,4,0.5708419680595398,7
度越拘攣到鳯池片言曽結九重知紫薇垣底新僉署玉筍班中舊羽儀歸袞獨酬平日志離觴長記小春時君家蓮漏銘猶濕平治規模更屬誰,0.7842243313789368,8,0.7530157566070557,14,0.7292748689651489,9
白家獨竹官塞三義桐由城月雷州,0.7625730037689209,8,0.7598656415939331,14,0.7151430249214172,9
家人將進劑,0.317458838224411,15,0.31541767716407776,8,0.308470219373703,6
以福邦家永延帝祚,0.6798973679542542,9,0.670455813407898,8,0.6563146710395813,14
年十五依長沙寺曇翥律師出家,0.6363267302513123,3,0.619838297367096,1,0.6102116703987122,2
故家鞍馬亦豪雄弦箭如誇數助工只恐平原麋鹿盡角弓原不耐霜風,0.7350501418113708,9,0.6985176205635071,8,0.6683872938156128,2
賢明遂以出家,0.6084533929824829,3,0.588056743144989,2,0.5748350024223328,1
家僮骨立六街中,0.6478214859962463,8,0.6458839178085327,16,0.6169467568397522,14
題越江近岸人家,0.6780305504798889,8,0.656868577003479,14,0.6419926285743713,4
見得官家內中保護,0.7419759035110474,9,0.7293569445610046,8,0.7168973684310913,14
餘家有後唐人共贇所書,0.7577653527259827,9,0.71261066198349,8,0.6931622624397278,14
出家之法長物不留,0.6748037934303284,3,0.6599186062812805,1,0.6554656028747559,2
亦以不敢違背家法見佑,0.7142482995986938,9,0.7114758491516113,16,0.6931487321853638,3
餘生重作太平民雪色霖●皂葛巾兒業經鉏能飬志家居瓢飲不憂貧屋頭個個慈烏喜堦下翩翩舞鶴馴此日誰為湯餅客孟光相對鬂如銀,0.7034257054328918,8,0.6995480060577393,16,0.6903861165046692,3
國家之治,0.658589243888855,2,0.6549264788627625,13,0.6467871069908142,7
王氏常朝久惡譁幸回天鑒絶萌芽恬然不主天人㫁長恨安昌負漢家,0.6341668963432312,8,0.6215671300888062,5,0.6158109903335571,9
幼歲出家,0.6053346395492554,3,0.5863167643547058,1,0.5701187252998352,2
假做賣卜先生來家,0.6239468455314636,8,0.5945935845375061,9,0.5816329717636108,4
此國家大典禮,0.5533148050308228,11,0.549699068069458,4,0.5400457382202148,2
咄彼新豊折臂翁偷生年與我相同世無兵革真難遇家有經鋤未是窮兒子冷官成覆水老妻春夢逐飄風獨憐未畢全歸願兩目昏盲耳更聾,0.7209408283233643,3,0.711640477180481,16,0.7069574594497681,2
子路雖不與謀而素不能輔之以義亦不得為州罪故併貴之遠人謂顓臾分崩離析謂四林公室家臣屢叛,0.6995647549629211,16,0.6910677552223206,9,0.657315731048584,14
欽惟國家建置臺憲,0.6720885038375854,4,0.667064905166626,2,0.6640698909759521,3
夫普天之下出家之眾,0.6818020343780518,3,0.6710772514343262,2,0.669873833656311,1
將家裡,0.6941096186637878,3,0.6738812923431396,4,0.6636107563972473,16
戶外鞭鞾莫敢前朝囬圖史日周旋位登右轄班行峻身荷東宮委任專春意偏于天上早月華長似夜來圓吾宗逺邁晉宗袞翊贊皇家億萬年,0.7059836387634277,2,0.703892171382904,5,0.7015090584754944,1
律學專門自可疑更從報施論心期干戈留在三章法松菊歸來兩鬢絲再拜通家惟此老百年渉卅亦吾師平生辦作耆英序慚愧胷中壽域碑,0.7038770914077759,8,0.6630059480667114,9,0.6492164731025696,16
今民家有十產之資,0.7282621264457703,8,0.7140583992004395,3,0.6992084980010986,1
微疾感霜露客居驚嵗寒遙紆長者轍還戴惠文冠世亂窮途早家貧一飯難春來幸勿藥思與奏猗蘭寄蘇上海彥祥兼簡李教諭,0.7258742451667786,3,0.7118701338768005,2,0.7020092010498047,16
自家府學生員王士宏,0.7135010361671448,8,0.7021413445472717,14,0.6922324299812317,9
空隱子以燈花寫草蟲人物葢用雲巢家法且書坡翁題雍秀才八詩於右,0.7085686326026917,8,0.7071785926818848,9,0.6723242998123169,16
農家別無所出,0.8128182888031006,8,0.7408742308616638,9,0.7164957523345947,13
四海無家只一身桐江西上訪僊真七年太守吾聊爾況汝窮山管道人,0.731294572353363,2,0.7078823447227478,4,0.6749356985092163,9
權禮部侍郎黃中獨謂其家人曰,0.7328545451164246,1,0.7282139658927917,3,0.7265551686286926,16
鄰近桃源雞犬家不緣迷路得看花衣裳總濕三危露服食唯消五色霞鶴塜浪磨崖上字漁舟潮閣渡頭沙石盤棊子都狼藉莫向人間問歲華,0.7710298895835876,8,0.76572185754776,5,0.7644678354263306,4
則當為國家保持愛護,0.7372331023216248,3,0.7311042547225952,1,0.7070656418800354,2
國家每用大臣,0.6578852534294128,3,0.6544668078422546,1,0.6475390195846558,2
此系國家安危治亂之大者,0.7186500430107117,3,0.7102968096733093,1,0.6594558954238892,2
是把陸虞候家打了一場,0.7466171979904175,9,0.7452165484428406,8,0.7228081226348877,5
子午水來本出軍賊大盜若源頭蕩漾湖渚不至直流衝財則主子孫有威嚴出武將若直射細小惟武職人家葬之反吉如士官之家見此必出軍賊或大盜相干,0.7241437435150146,8,0.7163336873054504,1,0.7095745801925659,3
或以微罪沒入富家資產,0.7519002556800842,1,0.7406104803085327,9,0.7326843738555908,3
娘子在家,0.6572344899177551,3,0.6531825661659241,16,0.642334520816803,8
紅紫春来摠浪誇風流須讓牡丹花盈盈仙掌盛朝露冉冉酡顔映晚霞此物宜栽天子苑為誰来自野人家客中相對俱寥落且與殷勤舉玉窪,0.7772116661071777,8,0.7487329840660095,1,0.7412065267562866,3
他一不在家時,0.8615878224372864,3,0.7709662914276123,1,0.769713282585144,4
但佛家以此為缺陷世界,0.68243807554245,3,0.6788774132728577,7,0.6743178963661194,1
萬事只如是百年能幾何乾坤旋磨古蠻觸構兵多結屋依松樹鳴禽在澗阿閑居送日月雲影共婆娑四月十六寓玉環喜家童來住至,0.7533149719238281,8,0.7227123975753784,14,0.7006094455718994,16
經年高臥似袁安忽報新春起正冠門寫桃符寧卻鬼盤行面繭漫探官幾家夢草催詩句何處生花上筆端白髮不禁春色惱東風莫作故人看,0.7600448727607727,9,0.698036789894104,12,0.6964097023010254,2
膽家竅陰童子,0.7340781092643738,8,0.6746869087219238,9,0.6593500971794128,17
老大無人青眼淒凉奈爾黃花秋来杯酌㫁流霞兀對青山如畵梦●去尋東老●来欲喚西家山童若說未能賖報道點茶来也風入松,0.7231007218360901,8,0.7033414840698242,9,0.7007421851158142,14
你家主管教我們路上結果你,0.689081072807312,8,0.6847518086433411,14,0.6766627430915833,17
莫若暗暗與李親家說明,0.7491345405578613,9,0.7395493388175964,16,0.7376686334609985,8
世家矯矯漢申屠博古通今命世儒豪傑雅知真北學扶搖久已作南圗揚州台近催騎鶴闞水秋深尚憶鱸好載白雲同一出簷頭新港即榮塗,0.7112481594085693,8,0.7080568671226501,9,0.6787054538726807,7
為國家者度量百物交鈔之孰多孰寡而散斂弛張之,0.727098286151886,3,0.7157343626022339,1,0.6925890445709229,2
我那丈人是個做家的人,0.7535616755485535,8,0.7136969566345215,3,0.7096397280693054,2
天敎公相救伊家,0.6996927857398987,8,0.6625006794929504,14,0.6525541543960571,16
叔俊治家有法,0.7119278311729431,3,0.6938760280609131,16,0.6911167502403259,9
梁克家罷相出知建寧府,0.5543980002403259,8,0.5413451790809631,16,0.5243361592292786,6
最人家至難之事,0.7314956784248352,8,0.7307570576667786,9,0.7256998419761658,17
家私雖富足,0.4204851984977722,9,0.41218093037605286,8,0.38517552614212036,16
朕家好事數件,0.6481494307518005,1,0.6450562477111816,9,0.6443672180175781,3
嚴家墺,0.708762526512146,16,0.6828362941741943,14,0.6771403551101685,8
國家龍興朔幕,0.6569691300392151,7,0.6492654085159302,2,0.6446126103401184,1
景衡博通經史百家書,0.7014751434326172,1,0.6723080277442932,12,0.6630827188491821,3
法家難以言恕,0.6957175731658936,9,0.6912573575973511,8,0.6841122508049011,7
既要出家,0.618843138217926,3,0.5902023315429688,1,0.5854825377464294,2
李顯忠分以忠誠結知累旒人謂義手忌君如關雲長忠不恤家如李良罷子儀之冤厚得人光弼之嚴明御下公蕪四者之美,0.6850003600120544,16,0.6677072644233704,15,0.6607921123504639,8
東塗西抹眩妖妍欲趂春風事少年安得謝家氷玉質不將脂粉汙天然,0.723249614238739,8,0.6936397552490234,16,0.6926604509353638,14
亦有數家可採者,0.7980555295944214,9,0.7699934840202332,11,0.733550488948822,10
匿張仲之家,0.6522340774536133,9,0.6350478529930115,8,0.6271384358406067,4
